pool,mode,horizon,strategy,components,threshold,signals,win_rate,average_return,median_return,profit_factor,worst_return,best_return,robust_mean,score
WINNERS_10D,AND,10,Reversal: 50D Support + Bull Engulf,1,1,1139,0.5899912203687445,0.013813882241635102,0.004637681159420204,1.7277336386945668,-0.6900149031296572,1.552941176470588,0.008230941687993334,71.79721943865268
WINNERS_10D,AND,10,Reversal: 50D Support + Higher Low,1,1,11188,0.5857168394708616,0.013112882408694054,0.003106796585057414,1.7274544569498285,-0.98789313904068,9.459081836327346,0.006253895431025085,67.75287466589953
WINNERS_10D,AND,10,Secondary: Breakdown + 50D Support,1,1,2020,0.5445544554455446,0.020463963224428026,0.006781951442968448,1.5589631595443127,-0.8990566037735849,3.9537037037037033,0.008667592130673718,72.3462335878224
WINNERS_10D,AND,10,Reversal: 50D Support + RSI + Higher Low,1,1,596,0.5822147651006712,0.0555625249475863,0.014692597996069257,2.433745792328856,-0.7861538461538462,9.459081836327346,0.021166662111616847,55.460924637576284
WINNERS_10D,AND,10,Reversal: 50D Support + Hammer,1,1,2101,0.5578296049500238,0.018665020433147127,0.00217104753043329,1.6608652481507586,-0.7945071113290829,6.290448343079922,0.003333178943851531,65.7647911138647
WINNERS_10D,AND,10,Reversal: Bottom Reclaim + Support,1,1,5073,0.547604967474867,0.02318241734215144,0.008645533141210304,1.506450098099767,-0.999015561015561,13.976958525345621,0.0036490772008951813,70.48845233572361
WINNERS_10D,AND,10,Reversal: 50D Support + Volume,1,1,5511,0.5790237706405371,0.010247060610340246,0.003842459173871271,1.314274464585417,-0.999015561015561,5.148387096774193,0.0011101592308307036,57.370060597046525
WINNERS_10D,AND,10,Reversal: 50D Support + RSI,1,1,4250,0.5341176470588235,0.03477397921408415,0.008318868695119441,1.5631269820155618,-0.9990229231019346,13.976958525345621,0.0009598305579162961,65.97863228291405
WINNERS_10D,AND,10,Reversal: 50D Support + Bull Engulf + Reversal: 50D Support + Higher Low,2,2,759,0.6060606060606061,0.012016427562907944,0.0036720190565124877,1.8542811460566673,-0.5219902912621359,0.793939393939394,0.007825936722120723,53.61567984723409
WINNERS_10D,CONSENSUS,10,Reversal: 50D Support + Bull Engulf + Reversal: 50D Support + Higher Low,2,1,11568,0.5848029045643154,0.013253844375989306,0.003162821728602605,1.7211144363301896,-0.98789313904068,9.459081836327346,0.006340893788188068,67.84878177430154
WINNERS_10D,CONSENSUS,10,Reversal: 50D Support + Bull Engulf + Secondary: Breakdown + 50D Support,2,1,3159,0.5609370053814499,0.01806622905557676,0.0055082623935902575,1.5971421176657277,-0.8990566037735849,3.9537037037037033,0.008312596861040767,71.92137439345834
WINNERS_10D,AND,10,Reversal: 50D Support + Bull Engulf + Reversal: 50D Support + RSI + Higher Low,2,2,22,0.6363636363636364,0.02476131938216808,0.01167076831543945,1.7561912259081394,-0.27922077922077915,0.31847133757961776,0.01077512803943238,1.910357289855385
WINNERS_10D,CONSENSUS,10,Reversal: 50D Support + Bull Engulf + Reversal: 50D Support + RSI + Higher Low,2,1,1713,0.5866900175131349,0.02819879026011449,0.006211180124223725,2.0978999004439864,-0.7861538461538462,9.459081836327346,0.011606368754270768,81.14483124439336
WINNERS_10D,AND,10,Reversal: 50D Support + Bull Engulf + Reversal: 50D Support + Hammer,2,2,16,0.625,0.06973526930688927,0.00753884912221936,11.105722980655194,-0.060691144708423406,0.7375886524822697,0.06973526930688927,1.4504661894666322
WINNERS_10D,CONSENSUS,10,Reversal: 50D Support + Bull Engulf + Reversal: 50D Support + Hammer,2,1,3224,0.5688585607940446,0.016697721927529236,0.002820880082756383,1.6658490065154712,-0.7945071113290829,6.290448343079922,0.004602484421374885,67.07500543796846
WINNERS_10D,AND,10,Reversal: 50D Support + Bull Engulf + Reversal: Bottom Reclaim + Support,2,2,218,0.5412844036697247,0.025523690293368016,0.0075019875372351885,1.8175218825410255,-0.41428571428571426,1.552941176470588,0.015243658993794072,16.84557987448995
WINNERS_10D,CONSENSUS,10,Reversal: 50D Support + Bull Engulf + Reversal: Bottom Reclaim + Support,2,1,5994,0.5558892225558892,0.021317025453120187,0.007259552042160777,1.5172467780886814,-0.999015561015561,13.976958525345621,0.0038125895211295687,70.95230993178264
WINNERS_10D,AND,10,Reversal: 50D Support + Bull Engulf + Reversal: 50D Support + Volume,2,2,166,0.5542168674698795,0.007254796348510757,0.00203963830885312,1.3507329561053723,-0.5,0.31847133757961776,0.0053686354925646515,8.746987460687496
WINNERS_10D,CONSENSUS,10,Reversal: 50D Support + Bull Engulf + Reversal: 50D Support + Volume,2,1,6484,0.5815854410857495,0.010950226203416825,0.003915811021388271,1.3588177889154411,-0.999015561015561,5.148387096774193,0.0022842289898530464,60.17812620806342
WINNERS_10D,AND,10,Reversal: 50D Support + Bull Engulf + Reversal: 50D Support + RSI,2,2,47,0.5957446808510638,0.016914235968668808,0.018494055482166427,1.542144126316875,-0.27922077922077915,0.31847133757961776,0.010358646803213398,4.128693512753739
WINNERS_10D,CONSENSUS,10,Reversal: 50D Support + Bull Engulf + Reversal: 50D Support + RSI,2,1,5342,0.5454885810557843,0.03046208432095705,0.006696899666540079,1.5758293063952549,-0.9990229231019346,13.976958525345621,0.001506423167563897,67.06725563487538
WINNERS_10D,CONSENSUS,10,Reversal: 50D Support + Higher Low + Secondary: Breakdown + 50D Support,2,1,13208,0.5794215626892792,0.014237139165794492,0.003332222962469489,1.682246299806671,-0.98789313904068,9.459081836327346,0.006402705894449488,68.10859625669694
WINNERS_10D,AND,10,Reversal: 50D Support + Higher Low + Reversal: 50D Support + RSI + Higher Low,2,2,596,0.5822147651006712,0.0555625249475863,0.014692597996069257,2.433745792328856,-0.7861538461538462,9.459081836327346,0.021166662111616847,55.460924637576284
WINNERS_10D,CONSENSUS,10,Reversal: 50D Support + Higher Low + Reversal: 50D Support + RSI + Higher Low,2,1,11188,0.5857168394708616,0.013112882408694054,0.003106796585057414,1.7274544569498285,-0.98789313904068,9.459081836327346,0.006253895431025085,67.75287466589953
WINNERS_10D,AND,10,Reversal: 50D Support + Higher Low + Reversal: 50D Support + Hammer,2,2,646,0.5712074303405573,0.009265288556063723,0.0015668806981553596,1.961517307043207,-0.25903614457831325,0.4485714285714286,0.0060374707604306296,38.86968468890209
WINNERS_10D,CONSENSUS,10,Reversal: 50D Support + Higher Low + Reversal: 50D Support + Hammer,2,1,12643,0.581823934192834,0.014232125279703712,0.003070624360286489,1.7062273236187133,-0.98789313904068,9.459081836327346,0.005598282606174831,67.70446120335536
WINNERS_10D,AND,10,Reversal: 50D Support + Higher Low + Reversal: Bottom Reclaim + Support,2,2,1767,0.5840407470288624,0.031771401968769396,0.009985734664764712,1.944220957654326,-0.98789313904068,9.459081836327346,0.011177408869344013,83.21248215539194
WINNERS_10D,CONSENSUS,10,Reversal: 50D Support + Higher Low + Reversal: Bottom Reclaim + Support,2,1,14494,0.5725817579688147,0.014362582053704139,0.0033983256739648082,1.5559708934644478,-0.999015561015561,13.976958525345621,0.004184747368451498,65.48017983031882
WINNERS_10D,AND,10,Reversal: 50D Support + Higher Low + Reversal: 50D Support + Volume,2,2,1252,0.5886581469648562,0.009176079292385605,0.002014149757003869,1.5984167550496045,-0.5947777777777778,0.6442307692307692,0.00541629290853737,62.8586024523509
WINNERS_10D,CONSENSUS,10,Reversal: 50D Support + Higher Low + Reversal: 50D Support + Volume,2,1,15447,0.5830905677477828,0.01240953118003414,0.0035211267605634866,1.52929331287559,-0.999015561015561,9.459081836327346,0.004344538512919306,65.49054142644336
WINNERS_10D,AND,10,Reversal: 50D Support + Higher Low + Reversal: 50D Support + RSI,2,2,596,0.5822147651006712,0.0555625249475863,0.014692597996069257,2.433745792328856,-0.7861538461538462,9.459081836327346,0.021166662111616847,55.460924637576284
WINNERS_10D,CONSENSUS,10,Reversal: 50D Support + Higher Low + Reversal: 50D Support + RSI,2,1,14842,0.5710820644118043,0.01761090656108107,0.0033631061272192397,1.5926755728265056,-0.9990229231019346,13.976958525345621,0.0025631045321552353,67.23590862424598
WINNERS_10D,CONSENSUS,10,Secondary: Breakdown + 50D Support + Reversal: 50D Support + RSI + Higher Low,2,1,2616,0.5531345565749235,0.028460424534444213,0.008339722326995536,1.7671527175427346,-0.8990566037735849,9.459081836327346,0.011216913010637328,76.8565692657119
WINNERS_10D,AND,10,Secondary: Breakdown + 50D Support + Reversal: 50D Support + Hammer,2,2,55,0.5454545454545454,0.06294530025832784,0.004731488052992505,2.9617079753892703,-0.26572815533980587,1.6224489795918364,0.034065602492892505,4.370173882185941
WINNERS_10D,CONSENSUS,10,Secondary: Breakdown + 50D Support + Reversal: 50D Support + Hammer,2,1,4066,0.5514018691588785,0.018959769338214142,0.0031809145129224614,1.586115184317707,-0.8990566037735849,6.290448343079922,0.005750651351730277,67.55875526318343
WINNERS_10D,CONSENSUS,10,Secondary: Breakdown + 50D Support + Reversal: Bottom Reclaim + Support,2,1,7093,0.5467362188072747,0.02240823472297742,0.008068669527896866,1.5191344269987728,-0.999015561015561,13.976958525345621,0.005023836473704971,70.94208263574717
WINNERS_10D,AND,10,Secondary: Breakdown + 50D Support + Reversal: 50D Support + Volume,2,2,585,0.517948717948718,0.006896139386707394,0.0032017075773747017,1.163553146719299,-0.7057826086956522,2.356521739130435,-0.00275902448020352,23.408633921310145
WINNERS_10D,CONSENSUS,10,Secondary: Breakdown + 50D Support + Reversal: 50D Support + Volume,2,1,6946,0.5741433918802188,0.013500506074820888,0.004277695342012944,1.4095390483002892,-0.999015561015561,5.148387096774193,0.003724014778045722,63.68467144990617
WINNERS_10D,AND,10,Secondary: Breakdown + 50D Support + Reversal: 50D Support + RSI,2,2,174,0.4942528735632184,0.036656992462475814,0.0,2.1684503526922554,-0.33777777777777773,3.9537037037037033,0.014015103958191265,10.942304399877292
WINNERS_10D,CONSENSUS,10,Secondary: Breakdown + 50D Support + Reversal: 50D Support + RSI,2,1,6096,0.5387139107611548,0.029978395781616055,0.00793493385718691,1.5522117987079285,-0.9990229231019346,13.976958525345621,0.0028029353245945725,67.83905367986192
WINNERS_10D,AND,10,Reversal: 50D Support + RSI + Higher Low + Reversal: 50D Support + Hammer,2,2,14,0.7142857142857143,0.07149043307650582,0.04064607182060531,9.006597591639991,-0.07593023255813969,0.3784461152882206,0.07149043307650582,1.4000000000000001
WINNERS_10D,CONSENSUS,10,Reversal: 50D Support + RSI + Higher Low + Reversal: 50D Support + Hammer,2,1,2683,0.5624301155423034,0.026585764717008003,0.0028598665395613843,1.8665843470471355,-0.7945071113290829,9.459081836327346,0.006906953186686406,71.06346738506973
WINNERS_10D,AND,10,Reversal: 50D Support + RSI + Higher Low + Reversal: Bottom Reclaim + Support,2,2,312,0.5801282051282052,0.0789730467229267,0.010613059172417283,2.6587523312393064,-0.696236559139785,9.459081836327346,0.01759762277175876,27.407966241603862
WINNERS_10D,CONSENSUS,10,Reversal: 50D Support + RSI + Higher Low + Reversal: Bottom Reclaim + Support,2,1,5357,0.5495613216352436,0.023535575409360198,0.00907868190988581,1.5243375335619815,-0.999015561015561,13.976958525345621,0.004665576371441143,71.90174731686916
WINNERS_10D,AND,10,Reversal: 50D Support + RSI + Higher Low + Reversal: 50D Support + Volume,2,2,75,0.6133333333333333,0.028886536354993837,0.018494055482166427,1.7436020493261757,-0.5947777777777778,0.6442307692307692,0.02057107374856445,7.415290620871861
WINNERS_10D,CONSENSUS,10,Reversal: 50D Support + RSI + Higher Low + Reversal: 50D Support + Volume,2,1,6032,0.5789124668435013,0.014492759559967176,0.004019968319493139,1.437381205069539,-0.999015561015561,9.459081836327346,0.002673727563469878,64.95479603059863
WINNERS_10D,AND,10,Reversal: 50D Support + RSI + Higher Low + Reversal: 50D Support + RSI,2,2,596,0.5822147651006712,0.0555625249475863,0.014692597996069257,2.433745792328856,-0.7861538461538462,9.459081836327346,0.021166662111616847,55.460924637576284
WINNERS_10D,CONSENSUS,10,Reversal: 50D Support + RSI + Higher Low + Reversal: 50D Support + RSI,2,1,4250,0.5341176470588235,0.03477397921408415,0.008318868695119441,1.5631269820155618,-0.9990229231019346,13.976958525345621,0.0009598305579162961,65.97863228291405
WINNERS_10D,AND,10,Reversal: 50D Support + Hammer + Reversal: Bottom Reclaim + Support,2,2,256,0.51171875,0.005609754084614477,0.001246620939861054,1.1038487221227833,-0.6267018006148442,1.225523012552301,-0.0037577736637020424,9.018536147171837
WINNERS_10D,CONSENSUS,10,Reversal: 50D Support + Hammer + Reversal: Bottom Reclaim + Support,2,1,6918,0.5520381613183001,0.022460756585879597,0.004513346483319358,1.5594896550004727,-0.999015561015561,13.976958525345621,0.003838217844158401,68.27003346532499
WINNERS_10D,AND,10,Reversal: 50D Support + Hammer + Reversal: 50D Support + Volume,2,2,389,0.5886889460154242,0.024256302747630073,0.0037735849056603765,1.8587160937180451,-0.6267018006148442,5.148387096774193,0.006552021096864422,29.509162217903274
WINNERS_10D,CONSENSUS,10,Reversal: 50D Support + Hammer + Reversal: 50D Support + Volume,2,1,7223,0.5723383635608473,0.011941168099792206,0.0032017075773747017,1.378228288521432,-0.999015561015561,6.290448343079922,0.0015004906999662709,58.82801554329637
WINNERS_10D,AND,10,Reversal: 50D Support + Hammer + Reversal: 50D Support + RSI,2,2,210,0.5142857142857142,0.07532912496085498,0.0019296181097651077,2.064321563102302,-0.7945071113290829,6.290448343079922,0.0210590423169492,15.153914852288004
WINNERS_10D,CONSENSUS,10,Reversal: 50D Support + Hammer + Reversal: 50D Support + RSI,2,1,6141,0.5429083211203387,0.027875835099840453,0.0037903659046141236,1.5577523130418853,-0.9990229231019346,13.976958525345621,0.0011185845973725119,64.16643306321309
WINNERS_10D,AND,10,Reversal: Bottom Reclaim + Support + Reversal: 50D Support + Volume,2,2,831,0.5679903730445247,0.014658809932652669,0.011496722896744416,1.2945890933645212,-0.999015561015561,1.8734030197444835,0.002464203442454748,55.15434400470553
WINNERS_10D,CONSENSUS,10,Reversal: Bottom Reclaim + Support + Reversal: 50D Support + Volume,2,1,9753,0.5636214498103148,0.016599454849408897,0.004830917874396157,1.4369018737999701,-0.999015561015561,13.976958525345621,0.0021999801609705423,64.75790124098589
WINNERS_10D,AND,10,Reversal: Bottom Reclaim + Support + Reversal: 50D Support + RSI,2,2,1437,0.5636743215031316,0.04510897962495654,0.013748513674197271,1.7270405124500556,-0.999015561015561,13.976958525345621,0.005810998053628239,78.61535404639106
WINNERS_10D,CONSENSUS,10,Reversal: Bottom Reclaim + Support + Reversal: 50D Support + RSI,2,1,7886,0.5374080649251839,0.025433960324059007,0.00753555149236429,1.4946303010745063,-0.9990229231019346,13.976958525345621,0.0017201196808581257,66.42026921868924
WINNERS_10D,AND,10,Reversal: 50D Support + Volume + Reversal: 50D Support + RSI,2,2,729,0.5528120713305898,0.01446073245397912,0.009952210274790874,1.2172304337199096,-0.999015561015561,5.148387096774193,-0.006244322714441518,43.26426136305625
WINNERS_10D,CONSENSUS,10,Reversal: 50D Support + Volume + Reversal: 50D Support + RSI,2,1,9032,0.5600088573959257,0.021448083339735604,0.004458950574604437,1.492167091520393,-0.9990229231019346,13.976958525345621,0.0007634163658810407,67.1210362966916
WINNERS_10D,CONSENSUS,10,Reversal: 50D Support + Bull Engulf + Reversal: 50D Support + Higher Low + Secondary: Breakdown + 50D Support,3,1,13588,0.5788195466588166,0.014325704846540251,0.0034098889858414916,1.6792689581862303,-0.98789313904068,9.459081836327346,0.0065025764961147625,68.22997840114354
WINNERS_10D,CONSENSUS,10,Reversal: 50D Support + Bull Engulf + Reversal: 50D Support + Higher Low + Secondary: Breakdown + 50D Support,3,2,759,0.6060606060606061,0.012016427562907944,0.0036720190565124877,1.8542811460566673,-0.5219902912621359,0.793939393939394,0.007825936722120723,53.61567984723409
WINNERS_10D,AND,10,Reversal: 50D Support + Bull Engulf + Reversal: 50D Support + Higher Low + Reversal: 50D Support + RSI + Higher Low,3,3,22,0.6363636363636364,0.02476131938216808,0.01167076831543945,1.7561912259081394,-0.27922077922077915,0.31847133757961776,0.01077512803943238,1.910357289855385
WINNERS_10D,CONSENSUS,10,Reversal: 50D Support + Bull Engulf + Reversal: 50D Support + Higher Low + Reversal: 50D Support + RSI + Higher Low,3,1,11568,0.5848029045643154,0.013253844375989306,0.003162821728602605,1.7211144363301896,-0.98789313904068,9.459081836327346,0.006340893788188068,67.84878177430154
WINNERS_10D,CONSENSUS,10,Reversal: 50D Support + Bull Engulf + Reversal: 50D Support + Higher Low + Reversal: 50D Support + RSI + Higher Low,3,2,1333,0.5948987246811703,0.031276057286272224,0.005836575875486361,2.261343779886232,-0.7861538461538462,9.459081836327346,0.01231219099134315,82.76136259698384
WINNERS_10D,AND,10,Reversal: 50D Support + Bull Engulf + Reversal: 50D Support + Higher Low + Reversal: 50D Support + Hammer,3,3,4,0.0,-0.0077736792033773205,-0.006792191960602267,0.0,-0.017133956386292892,-0.00037637650601185513,-0.0077736792033773205,0.0
WINNERS_10D,CONSENSUS,10,Reversal: 50D Support + Bull Engulf + Reversal: 50D Support + Higher Low + Reversal: 50D Support + Hammer,3,1,13011,0.5808930904619168,0.014249745925643341,0.0031372549019608176,1.6979212468938645,-0.98789313904068,9.459081836327346,0.005647804698671901,67.65405570310402
WINNERS_10D,CONSENSUS,10,Reversal: 50D Support + Bull Engulf + Reversal: 50D Support + Higher Low + Reversal: 50D Support + Hammer,3,2,1413,0.5937721160651097,0.011524273651805762,0.0025141420490257804,1.9607335556510195,-0.5219902912621359,0.793939393939394,0.0072821394703975395,67.8335041355582
WINNERS_10D,AND,10,Reversal: 50D Support + Bull Engulf + Reversal: 50D Support + Higher Low + Reversal: Bottom Reclaim + Support,3,3,66,0.6212121212121212,0.03374211370695863,0.014614207956146652,2.594608223699871,-0.40104166666666663,0.7185929648241205,0.023205946766694602,6.33340329382926
WINNERS_10D,CONSENSUS,10,Reversal: 50D Support + Bull Engulf + Reversal: 50D Support + Higher Low + Reversal: Bottom Reclaim + Support,3,1,14722,0.5728841190055699,0.014362696825164249,0.0034590700015839637,1.5564950679530467,-0.999015561015561,13.976958525345621,0.004243129298487409,65.6200328011461
WINNERS_10D,CONSENSUS,10,Reversal: 50D Support + Bull Engulf + Reversal: 50D Support + Higher Low + Reversal: Bottom Reclaim + Support,3,2,2612,0.5849923430321593,0.025409931574922797,0.007048867358483979,1.8951396606498243,-0.98789313904068,9.459081836327346,0.009432953774112922,79.86008968814087
WINNERS_10D,AND,10,Reversal: 50D Support + Bull Engulf + Reversal: 50D Support + Higher Low + Reversal: 50D Support + Volume,3,3,94,0.5638297872340425,0.00884045452266112,0.0019305307096004753,1.5163448511914026,-0.5,0.31847133757961776,0.0055110901887153495,5.488970331794745
WINNERS_10D,CONSENSUS,10,Reversal: 50D Support + Bull Engulf + Reversal: 50D Support + Higher Low + Reversal: 50D Support + Volume,3,1,15755,0.5826721675658522,0.012563013520929226,0.0035629453681709222,1.5330991373136775,-0.999015561015561,9.459081836327346,0.004478082679472784,65.70581248430403
WINNERS_10D,CONSENSUS,10,Reversal: 50D Support + Bull Engulf + Reversal: 50D Support + Higher Low + Reversal: 50D Support + Volume,3,2,1989,0.5947712418300654,0.010131327570591453,0.002811621368322248,1.6697171903262253,-0.5947777777777778,0.793939393939394,0.006201173730775245,66.01946419992547
WINNERS_10D,AND,10,Reversal: 50D Support + Bull Engulf + Reversal: 50D Support + Higher Low + Reversal: 50D Support + RSI,3,3,22,0.6363636363636364,0.02476131938216808,0.01167076831543945,1.7561912259081394,-0.27922077922077915,0.31847133757961776,0.01077512803943238,1.910357289855385
WINNERS_10D,CONSENSUS,10,Reversal: 50D Support + Bull Engulf + Reversal: 50D Support + Higher Low + Reversal: 50D Support + RSI,3,1,15197,0.570770546818451,0.017618240341410855,0.00341796875,1.593382485684734,-0.9990229231019346,13.976958525345621,0.002743980370089995,67.36812665122017
WINNERS_10D,CONSENSUS,10,Reversal: 50D Support + Bull Engulf + Reversal: 50D Support + Higher Low + Reversal: 50D Support + RSI,3,2,1358,0.5942562592047128,0.03088453934220958,0.005865153078775331,2.2409084709101443,-0.7861538461538462,9.459081836327346,0.012269377080068915,82.64360748658531
WINNERS_10D,CONSENSUS,10,Reversal: 50D Support + Bull Engulf + Secondary: Breakdown + 50D Support + Reversal: 50D Support + RSI + Higher Low,3,1,3733,0.5638896330029467,0.024013322643696954,0.006407518154634806,1.759994072741085,-0.8990566037735849,9.459081836327346,0.009984977656917719,76.2759773591555
WINNERS_10D,CONSENSUS,10,Reversal: 50D Support + Bull Engulf + Secondary: Breakdown + 50D Support + Reversal: 50D Support + RSI + Higher Low,3,2,22,0.6363636363636364,0.02476131938216808,0.01167076831543945,1.7561912259081394,-0.27922077922077915,0.31847133757961776,0.01077512803943238,1.910357289855385
WINNERS_10D,CONSENSUS,10,Reversal: 50D Support + Bull Engulf + Secondary: Breakdown + 50D Support + Reversal: 50D Support + Hammer,3,1,5189,0.559645403738678,0.017673669241374222,0.003491271820448949,1.5992545357695436,-0.8990566037735849,6.290448343079922,0.006022663702265444,68.08335483985634
WINNERS_10D,CONSENSUS,10,Reversal: 50D Support + Bull Engulf + Secondary: Breakdown + 50D Support + Reversal: 50D Support + Hammer,3,2,71,0.5633802816901409,0.06447543412842617,0.005384922217790189,3.4412178487870646,-0.26572815533980587,1.6224489795918364,0.04221866919323462,5.888413774763994
WINNERS_10D,CONSENSUS,10,Reversal: 50D Support + Bull Engulf + Secondary: Breakdown + 50D Support + Reversal: Bottom Reclaim + Support,3,1,8014,0.5530321936610931,0.021102003528743075,0.007180320111706662,1.5268581466544813,-0.999015561015561,13.976958525345621,0.0049501734537131786,71.26990245091373
WINNERS_10D,CONSENSUS,10,Reversal: 50D Support + Bull Engulf + Secondary: Breakdown + 50D Support + Reversal: Bottom Reclaim + Support,3,2,218,0.5412844036697247,0.025523690293368016,0.0075019875372351885,1.8175218825410255,-0.41428571428571426,1.552941176470588,0.015243658993794072,16.84557987448995
WINNERS_10D,CONSENSUS,10,Reversal: 50D Support + Bull Engulf + Secondary: Breakdown + 50D Support + Reversal: 50D Support + Volume,3,1,7919,0.5768405101654249,0.013676503456885397,0.004374550085829654,1.438190083923723,-0.999015561015561,5.148387096774193,0.004301547868853621,65.29349668253072
WINNERS_10D,CONSENSUS,10,Reversal: 50D Support + Bull Engulf + Secondary: Breakdown + 50D Support + Reversal: 50D Support + Volume,3,2,751,0.525965379494008,0.00697541642486899,0.00291545189504383,1.186425507703755,-0.7057826086956522,2.356521739130435,-0.002047702574608377,31.23909195305205
WINNERS_10D,CONSENSUS,10,Reversal: 50D Support + Bull Engulf + Secondary: Breakdown + 50D Support + Reversal: 50D Support + RSI,3,1,7188,0.5464663327768503,0.02750241283631419,0.006828230598836638,1.5630626098094083,-0.9990229231019346,13.976958525345621,0.003128908864684781,68.54557672711611
WINNERS_10D,CONSENSUS,10,Reversal: 50D Support + Bull Engulf + Secondary: Breakdown + 50D Support + Reversal: 50D Support + RSI,3,2,221,0.5158371040723982,0.032458306692299654,0.004572175048987548,2.035834767496148,-0.33777777777777773,3.9537037037037033,0.010045544439074273,14.792887005146252
WINNERS_10D,CONSENSUS,10,Reversal: 50D Support + Bull Engulf + Reversal: 50D Support + RSI + Higher Low + Reversal: 50D Support + Hammer,3,1,3784,0.570031712473573,0.022569530991975933,0.0033194052006227937,1.828344259252595,-0.7945071113290829,9.459081836327346,0.006674341272430749,72.50059526705232
WINNERS_10D,CONSENSUS,10,Reversal: 50D Support + Bull Engulf + Reversal: 50D Support + RSI + Higher Low + Reversal: 50D Support + Hammer,3,2,52,0.6538461538461539,0.051180373045942446,0.01167076831543945,3.7844533602779795,-0.27922077922077915,0.7375886524822697,0.03772138717464192,4.875159964302139
WINNERS_10D,AND,10,Reversal: 50D Support + Bull Engulf + Reversal: 50D Support + RSI + Higher Low + Reversal: Bottom Reclaim + Support,3,3,9,0.6666666666666666,0.04056153361197227,0.01359223300970891,2.4797479323061866,-0.13183371298405466,0.31847133757961776,0.04056153361197227,0.856747572815535
WINNERS_10D,CONSENSUS,10,Reversal: 50D Support + Bull Engulf + Reversal: 50D Support + RSI + Higher Low + Reversal: Bottom Reclaim + Support,3,1,6265,0.5570630486831604,0.02171911087522917,0.007539145563502769,1.5340345276055216,-0.999015561015561,13.976958525345621,0.004660816143309078,71.99381272730227
WINNERS_10D,CONSENSUS,10,Reversal: 50D Support + Bull Engulf + Reversal: 50D Support + RSI + Higher Low + Reversal: Bottom Reclaim + Support,3,2,534,0.5636704119850188,0.0562142256234074,0.009133472367048978,2.3714913629942704,-0.696236559139785,9.459081836327346,0.016153000379064593,44.273899001485155
WINNERS_10D,AND,10,Reversal: 50D Support + Bull Engulf + Reversal: 50D Support + RSI + Higher Low + Reversal: 50D Support + Volume,3,3,5,0.8,0.09758041827474476,0.0725552050473186,62.05746172048262,-0.007990867579908745,0.31847133757961776,0.09758041827474476,0.5
WINNERS_10D,CONSENSUS,10,Reversal: 50D Support + Bull Engulf + Reversal: 50D Support + RSI + Higher Low + Reversal: 50D Support + Volume,3,1,6988,0.5812821980538065,0.014581166916150202,0.00422110569818368,1.4688049420227087,-0.999015561015561,9.459081836327346,0.0035315902579554047,66.75613759260077
WINNERS_10D,CONSENSUS,10,Reversal: 50D Support + Bull Engulf + Reversal: 50D Support + RSI + Higher Low + Reversal: 50D Support + Volume,3,2,253,0.5691699604743083,0.011619491162599107,0.004757373929590969,1.4168905083084327,-0.5947777777777778,0.6442307692307692,0.007181795297545763,16.204743601687326
WINNERS_10D,AND,10,Reversal: 50D Support + Bull Engulf + Reversal: 50D Support + RSI + Higher Low + Reversal: 50D Support + RSI,3,3,22,0.6363636363636364,0.02476131938216808,0.01167076831543945,1.7561912259081394,-0.27922077922077915,0.31847133757961776,0.01077512803943238,1.910357289855385
WINNERS_10D,CONSENSUS,10,Reversal: 50D Support + Bull Engulf + Reversal: 50D Support + RSI + Higher Low + Reversal: 50D Support + RSI,3,1,5342,0.5454885810557843,0.03046208432095705,0.006696899666540079,1.5758293063952549,-0.9990229231019346,13.976958525345621,0.001506423167563897,67.06725563487538
WINNERS_10D,CONSENSUS,10,Reversal: 50D Support + Bull Engulf + Reversal: 50D Support + RSI + Higher Low + Reversal: 50D Support + RSI,3,2,621,0.5813204508856683,0.05372863918338353,0.015887025595763493,2.3993837649731833,-0.7861538461538462,9.459081836327346,0.019716131431157788,58.11883705195525
WINNERS_10D,AND,10,Reversal: 50D Support + Bull Engulf + Reversal: 50D Support + Hammer + Reversal: Bottom Reclaim + Support,3,3,2,0.5,0.040030459812898544,0.040030459812898544,5.298967355096599,-0.01862329090051862,0.09868421052631571,0.040030459812898544,0.16666666666666669
WINNERS_10D,CONSENSUS,10,Reversal: 50D Support + Bull Engulf + Reversal: 50D Support + Hammer + Reversal: Bottom Reclaim + Support,3,1,7825,0.5576996805111821,0.021024620838479075,0.004405286343612147,1.5625568077247702,-0.999015561015561,13.976958525345621,0.0038746917393531755,69.15993031408769
WINNERS_10D,CONSENSUS,10,Reversal: 50D Support + Bull Engulf + Reversal: 50D Support + Hammer + Reversal: Bottom Reclaim + Support,3,2,486,0.5288065843621399,0.01637017283801269,0.004466868412995373,1.3841939938949794,-0.6267018006148442,1.552941176470588,0.00679419629477114,29.655866769137727
WINNERS_10D,AND,10,Reversal: 50D Support + Bull Engulf + Reversal: 50D Support + Hammer + Reversal: 50D Support + Volume,3,3,4,0.5,-0.012988192357583778,-0.006197575089101903,0.344977127663279,-0.060691144708423406,0.0211335254562921,-0.012988192357583778,0.05633180851088526
WINNERS_10D,CONSENSUS,10,Reversal: 50D Support + Bull Engulf + Reversal: 50D Support + Hammer + Reversal: 50D Support + Volume,3,1,8184,0.5750244379276638,0.012171683258287895,0.00341277453705513,1.4046095847145936,-0.999015561015561,6.290448343079922,0.0022694393337025637,60.680909727876696
WINNERS_10D,CONSENSUS,10,Reversal: 50D Support + Bull Engulf + Reversal: 50D Support + Hammer + Reversal: 50D Support + Volume,3,2,563,0.5808170515097691,0.02106512932584686,0.003390506581571584,1.825101500071052,-0.6267018006148442,5.148387096774193,0.006578906490479762,41.81958466967368
WINNERS_10D,CONSENSUS,10,Reversal: 50D Support + Bull Engulf + Reversal: 50D Support + Hammer + Reversal: 50D Support + RSI,3,1,7217,0.549812941665512,0.02563513673574961,0.003842459173871271,1.5658382029816311,-0.9990229231019346,13.976958525345621,0.0015607165034898756,65.6878720356062
WINNERS_10D,CONSENSUS,10,Reversal: 50D Support + Bull Engulf + Reversal: 50D Support + Hammer + Reversal: 50D Support + RSI,3,2,273,0.5347985347985348,0.06494450418028282,0.007903383358494054,2.0784678224086464,-0.7945071113290829,6.290448343079922,0.023214074543775255,21.85655107598499
WINNERS_10D,AND,10,Reversal: 50D Support + Bull Engulf + Reversal: Bottom Reclaim + Support + Reversal: 50D Support + Volume,3,3,34,0.5,0.026683125691898596,0.004374453193350836,1.969647456741469,-0.26900584795321636,0.31847133757961776,0.01784105866499801,2.379828885721229
WINNERS_10D,CONSENSUS,10,Reversal: 50D Support + Bull Engulf + Reversal: Bottom Reclaim + Support + Reversal: 50D Support + Volume,3,1,10542,0.5668753557199773,0.016293612276154893,0.0048073882158322645,1.4486336600537058,-0.999015561015561,13.976958525345621,0.0025414307384160075,65.42834677939908
WINNERS_10D,CONSENSUS,10,Reversal: 50D Support + Bull Engulf + Reversal: Bottom Reclaim + Support + Reversal: 50D Support + Volume,3,2,1147,0.5649520488230165,0.014939389001562576,0.007903383358494054,1.3446446882917884,-0.999015561015561,1.8734030197444835,0.0034608083178254622,65.03195236750143
WINNERS_10D,AND,10,Reversal: 50D Support + Bull Engulf + Reversal: Bottom Reclaim + Support + Reversal: 50D Support + RSI,3,3,22,0.5454545454545454,0.014191655382985901,0.010747808184101482,1.3761316099863448,-0.16901408450704225,0.31847133757961776,-0.00029785329304418814,1.3441368437916903
WINNERS_10D,CONSENSUS,10,Reversal: 50D Support + Bull Engulf + Reversal: Bottom Reclaim + Support + Reversal: 50D Support + RSI,3,1,8782,0.5438396720564792,0.023942075362411264,0.006831622948922478,1.5010022141098163,-0.9990229231019346,13.976958525345621,0.0018866295410147112,67.17863471019942
WINNERS_10D,CONSENSUS,10,Reversal: 50D Support + Bull Engulf + Reversal: Bottom Reclaim + Support + Reversal: 50D Support + RSI,3,2,1658,0.5621230398069964,0.04255506903419349,0.01308260093501068,1.7367226839647782,-0.999015561015561,13.976958525345621,0.0067587506790512,78.56818701171247
WINNERS_10D,AND,10,Reversal: 50D Support + Bull Engulf + Reversal: 50D Support + Volume + Reversal: 50D Support + RSI,3,3,11,0.6363636363636364,0.04107396433312676,0.018965517241379404,4.893808002126557,-0.06299212598425208,0.31847133757961776,0.04107396433312676,1.09146551724138
WINNERS_10D,CONSENSUS,10,Reversal: 50D Support + Bull Engulf + Reversal: 50D Support + Volume + Reversal: 50D Support + RSI,3,1,9969,0.5634466847226401,0.020855216061891713,0.00457095782161665,1.506542217699682,-0.9990229231019346,13.976958525345621,0.00140942902881286,68.39307092492882
WINNERS_10D,CONSENSUS,10,Reversal: 50D Support + Bull Engulf + Reversal: 50D Support + Volume + Reversal: 50D Support + RSI,3,2,920,0.5532608695652174,0.012649469595654576,0.007628737984616385,1.2187647740203806,-0.999015561015561,5.148387096774193,-0.005819086693977691,51.42240110570002
WINNERS_10D,CONSENSUS,10,Reversal: 50D Support + Higher Low + Secondary: Breakdown + 50D Support + Reversal: 50D Support + RSI + Higher Low,3,1,13208,0.5794215626892792,0.014237139165794492,0.003332222962469489,1.682246299806671,-0.98789313904068,9.459081836327346,0.006402705894449488,68.10859625669694
WINNERS_10D,CONSENSUS,10,Reversal: 50D Support + Higher Low + Secondary: Breakdown + 50D Support + Reversal: 50D Support + RSI + Higher Low,3,2,596,0.5822147651006712,0.0555625249475863,0.014692597996069257,2.433745792328856,-0.7861538461538462,9.459081836327346,0.021166662111616847,55.460924637576284
WINNERS_10D,CONSENSUS,10,Reversal: 50D Support + Higher Low + Secondary: Breakdown + 50D Support + Reversal: 50D Support + Hammer,3,1,14608,0.5768072289156626,0.014910458249618742,0.0032535319869037016,1.6661436659335662,-0.98789313904068,9.459081836327346,0.005860319975306205,67.88038537388661
WINNERS_10D,CONSENSUS,10,Reversal: 50D Support + Higher Low + Secondary: Breakdown + 50D Support + Reversal: 50D Support + Hammer,3,2,701,0.5691868758915835,0.013476987049108697,0.0015741833923652582,2.1824414982154865,-0.26572815533980587,1.6224489795918364,0.006191547656657547,44.98020102044894
WINNERS_10D,CONSENSUS,10,Reversal: 50D Support + Higher Low + Secondary: Breakdown + 50D Support + Reversal: Bottom Reclaim + Support,3,1,16514,0.5691534455613418,0.015108905776900354,0.0035846048139176467,1.556464419704252,-0.999015561015561,13.976958525345621,0.004657001775031159,66.14901831216893
WINNERS_10D,CONSENSUS,10,Reversal: 50D Support + Higher Low + Secondary: Breakdown + 50D Support + Reversal: Bottom Reclaim + Support,3,2,1767,0.5840407470288624,0.031771401968769396,0.009985734664764712,1.944220957654326,-0.98789313904068,9.459081836327346,0.011177408869344013,83.21248215539194
WINNERS_10D,CONSENSUS,10,Reversal: 50D Support + Higher Low + Secondary: Breakdown + 50D Support + Reversal: 50D Support + Volume,3,1,16882,0.580736879516645,0.013564328415478506,0.0036366435796946206,1.5565521271509575,-0.999015561015561,9.459081836327346,0.005097680990355647,66.90455176245703
WINNERS_10D,CONSENSUS,10,Reversal: 50D Support + Higher Low + Secondary: Breakdown + 50D Support + Reversal: 50D Support + Volume,3,2,1837,0.5661404463799673,0.008450023307180513,0.0022629730784238244,1.3538797108102676,-0.7057826086956522,2.356521739130435,0.0020499873943692916,53.60614657194102
WINNERS_10D,CONSENSUS,10,Reversal: 50D Support + Higher Low + Secondary: Breakdown + 50D Support + Reversal: 50D Support + RSI,3,1,16688,0.5686720997123682,0.017757668037178754,0.003574047079464737,1.5816136931307652,-0.9990229231019346,13.976958525345621,0.003239659253371483,67.64663107220062
WINNERS_10D,CONSENSUS,10,Reversal: 50D Support + Higher Low + Secondary: Breakdown + 50D Support + Reversal: 50D Support + RSI,3,2,770,0.5623376623376624,0.05129036565874316,0.0101943399605946,2.383031412051311,-0.7861538461538462,9.459081836327346,0.01823656939658637,65.48551682043866
WINNERS_10D,AND,10,Reversal: 50D Support + Higher Low + Reversal: 50D Support + RSI + Higher Low + Reversal: 50D Support + Hammer,3,3,14,0.7142857142857143,0.07149043307650582,0.04064607182060531,9.006597591639991,-0.07593023255813969,0.3784461152882206,0.07149043307650582,1.4000000000000001
WINNERS_10D,CONSENSUS,10,Reversal: 50D Support + Higher Low + Reversal: 50D Support + RSI + Higher Low + Reversal: 50D Support + Hammer,3,1,12643,0.581823934192834,0.014232125279703712,0.003070624360286489,1.7062273236187133,-0.98789313904068,9.459081836327346,0.005598282606174831,67.70446120335536
WINNERS_10D,CONSENSUS,10,Reversal: 50D Support + Higher Low + Reversal: 50D Support + RSI + Higher Low + Reversal: 50D Support + Hammer,3,2,1228,0.5749185667752443,0.031025875580543587,0.002834582944981956,2.3049231258055456,-0.7861538461538462,9.459081836327346,0.011285124253528792,76.40954152809046
WINNERS_10D,AND,10,Reversal: 50D Support + Higher Low + Reversal: 50D Support + RSI + Higher Low + Reversal: Bottom Reclaim + Support,3,3,312,0.5801282051282052,0.0789730467229267,0.010613059172417283,2.6587523312393064,-0.696236559139785,9.459081836327346,0.01759762277175876,27.407966241603862
WINNERS_10D,CONSENSUS,10,Reversal: 50D Support + Higher Low + Reversal: 50D Support + RSI + Higher Low + Reversal: Bottom Reclaim + Support,3,1,14494,0.5725817579688147,0.014362582053704139,0.0033983256739648082,1.5559708934644478,-0.999015561015561,13.976958525345621,0.004184747368451498,65.48017983031882
WINNERS_10D,CONSENSUS,10,Reversal: 50D Support + Higher Low + Reversal: 50D Support + RSI + Higher Low + Reversal: Bottom Reclaim + Support,3,2,2051,0.5841053144807411,0.031504505884945806,0.010594467333725932,1.9544531408062062,-0.98789313904068,9.459081836327346,0.012715713896517341,84.83352166947265
WINNERS_10D,AND,10,Reversal: 50D Support + Higher Low + Reversal: 50D Support + RSI + Higher Low + Reversal: 50D Support + Volume,3,3,75,0.6133333333333333,0.028886536354993837,0.018494055482166427,1.7436020493261757,-0.5947777777777778,0.6442307692307692,0.02057107374856445,7.415290620871861
WINNERS_10D,CONSENSUS,10,Reversal: 50D Support + Higher Low + Reversal: 50D Support + RSI + Higher Low + Reversal: 50D Support + Volume,3,1,15447,0.5830905677477828,0.01240953118003414,0.0035211267605634866,1.52929331287559,-0.999015561015561,9.459081836327346,0.004344538512919306,65.49054142644336
WINNERS_10D,CONSENSUS,10,Reversal: 50D Support + Higher Low + Reversal: 50D Support + RSI + Higher Low + Reversal: 50D Support + Volume,3,2,1773,0.5854483925549916,0.023935265604175793,0.0028790786948176272,2.0775902835281452,-0.7861538461538462,9.459081836327346,0.009043194604836248,76.516437067239
WINNERS_10D,AND,10,Reversal: 50D Support + Higher Low + Reversal: 50D Support + RSI + Higher Low + Reversal: 50D Support + RSI,3,3,596,0.5822147651006712,0.0555625249475863,0.014692597996069257,2.433745792328856,-0.7861538461538462,9.459081836327346,0.021166662111616847,55.460924637576284
WINNERS_10D,CONSENSUS,10,Reversal: 50D Support + Higher Low + Reversal: 50D Support + RSI + Higher Low + Reversal: 50D Support + RSI,3,1,14842,0.5710820644118043,0.01761090656108107,0.0033631061272192397,1.5926755728265056,-0.9990229231019346,13.976958525345621,0.0025631045321552353,67.23590862424598
WINNERS_10D,CONSENSUS,10,Reversal: 50D Support + Higher Low + Reversal: 50D Support + RSI + Higher Low + Reversal: 50D Support + RSI,3,2,596,0.5822147651006712,0.0555625249475863,0.014692597996069257,2.433745792328856,-0.7861538461538462,9.459081836327346,0.021166662111616847,55.460924637576284
WINNERS_10D,AND,10,Reversal: 50D Support + Higher Low + Reversal: 50D Support + Hammer + Reversal: Bottom Reclaim + Support,3,3,30,0.6333333333333333,0.02491844467860833,0.006712114697180693,2.1375560994790637,-0.20540540540540542,0.2554572271386433,0.016968831490331265,2.6328212892190193
WINNERS_10D,CONSENSUS,10,Reversal: 50D Support + Higher Low + Reversal: 50D Support + Hammer + Reversal: Bottom Reclaim + Support,3,1,15723,0.5717738345099536,0.015309581638612839,0.003377036154151636,1.580910672336454,-0.999015561015561,13.976958525345621,0.0041823701957262064,66.27477548601348
WINNERS_10D,CONSENSUS,10,Reversal: 50D Support + Higher Low + Reversal: 50D Support + Hammer + Reversal: Bottom Reclaim + Support,3,2,2609,0.572633192794174,0.023789357627818128,0.004014221814428343,1.793730558390006,-0.98789313904068,9.459081836327346,0.007445772288196514,74.03386104266431
WINNERS_10D,AND,10,Reversal: 50D Support + Higher Low + Reversal: 50D Support + Hammer + Reversal: 50D Support + Volume,3,3,78,0.6282051282051282,0.013838532310564209,0.001735882870614991,3.4666894004081037,-0.09263157894736851,0.1958358738400099,0.011474930472519459,5.752238100797374
WINNERS_10D,CONSENSUS,10,Reversal: 50D Support + Higher Low + Reversal: 50D Support + Hammer + Reversal: 50D Support + Volume,3,1,16591,0.5804351756976674,0.013053074764161787,0.0034109149277687933,1.53508699196157,-0.999015561015561,9.459081836327346,0.00411644578002438,65.4377912446179
WINNERS_10D,CONSENSUS,10,Reversal: 50D Support + Higher Low + Reversal: 50D Support + Hammer + Reversal: 50D Support + Volume,3,2,2131,0.5804786485218207,0.01161460272626186,0.002077274615704283,1.6964975973717484,-0.6267018006148442,5.148387096774193,0.004847557329518065,63.55466810548207
WINNERS_10D,AND,10,Reversal: 50D Support + Higher Low + Reversal: 50D Support + Hammer + Reversal: 50D Support + RSI,3,3,14,0.7142857142857143,0.07149043307650582,0.04064607182060531,9.006597591639991,-0.07593023255813969,0.3784461152882206,0.07149043307650582,1.4000000000000001
WINNERS_10D,CONSENSUS,10,Reversal: 50D Support + Higher Low + Reversal: 50D Support + Hammer + Reversal: 50D Support + RSI,3,1,16101,0.5702130302465686,0.017377346532742175,0.003319502074688785,1.5836370225064267,-0.9990229231019346,13.976958525345621,0.0026315845581990622,66.87616654850282
WINNERS_10D,CONSENSUS,10,Reversal: 50D Support + Higher Low + Reversal: 50D Support + Hammer + Reversal: 50D Support + RSI,3,2,1424,0.5646067415730337,0.03716153468512359,0.0028271423938908136,2.2044605263210966,-0.7945071113290829,9.459081836327346,0.009439419290702801,73.30104485895083
WINNERS_10D,AND,10,Reversal: 50D Support + Higher Low + Reversal: Bottom Reclaim + Support + Reversal: 50D Support + Volume,3,3,230,0.6086956521739131,0.016570669924842865,0.012131002712057026,1.5925648374675754,-0.5947777777777778,0.49286987522281667,0.012501885357778816,19.560427274760542
WINNERS_10D,CONSENSUS,10,Reversal: 50D Support + Higher Low + Reversal: Bottom Reclaim + Support + Reversal: 50D Support + Volume,3,1,18152,0.5740965182899956,0.013485243888529397,0.0036026929740029523,1.4895683089883391,-0.999015561015561,13.976958525345621,0.003431667368413137,64.26990567681304
WINNERS_10D,CONSENSUS,10,Reversal: 50D Support + Higher Low + Reversal: Bottom Reclaim + Support + Reversal: 50D Support + Volume,3,2,3390,0.5784660766961652,0.021294242313123584,0.004759639345747857,1.6737570663762875,-0.999015561015561,9.459081836327346,0.006183833278805091,74.61861725110892
WINNERS_10D,AND,10,Reversal: 50D Support + Higher Low + Reversal: Bottom Reclaim + Support + Reversal: 50D Support + RSI,3,3,312,0.5801282051282052,0.0789730467229267,0.010613059172417283,2.6587523312393064,-0.696236559139785,9.459081836327346,0.01759762277175876,27.407966241603862
WINNERS_10D,CONSENSUS,10,Reversal: 50D Support + Higher Low + Reversal: Bottom Reclaim + Support + Reversal: 50D Support + RSI,3,1,17023,0.5635316924161429,0.016604793393289935,0.0033783783783782884,1.5239634018683084,-0.9990229231019346,13.976958525345621,0.0022631161578533965,64.7578630314875
WINNERS_10D,CONSENSUS,10,Reversal: 50D Support + Higher Low + Reversal: Bottom Reclaim + Support + Reversal: 50D Support + RSI,3,2,3176,0.5752518891687658,0.03299677415413516,0.011886257246214504,1.7379961925889948,-0.999015561015561,13.976958525345621,0.007816930614582641,80.65270575705881
WINNERS_10D,AND,10,Reversal: 50D Support + Higher Low + Reversal: 50D Support + Volume + Reversal: 50D Support + RSI,3,3,75,0.6133333333333333,0.028886536354993837,0.018494055482166427,1.7436020493261757,-0.5947777777777778,0.6442307692307692,0.02057107374856445,7.415290620871861
WINNERS_10D,CONSENSUS,10,Reversal: 50D Support + Higher Low + Reversal: 50D Support + Volume + Reversal: 50D Support + RSI,3,1,18447,0.5731555266438987,0.016153780625400193,0.0035885167464115852,1.5360529258592497,-0.9990229231019346,13.976958525345621,0.002570468256489867,66.29894048489274
WINNERS_10D,CONSENSUS,10,Reversal: 50D Support + Higher Low + Reversal: 50D Support + Volume + Reversal: 50D Support + RSI,3,2,2427,0.5747836835599506,0.020936386340556213,0.0037735849056603765,1.5978191753671265,-0.999015561015561,9.459081836327346,0.002862491171542669,70.77433765122737
WINNERS_10D,CONSENSUS,10,Secondary: Breakdown + 50D Support + Reversal: 50D Support + RSI + Higher Low + Reversal: 50D Support + Hammer,3,1,4648,0.5548623063683304,0.023495013109911585,0.003740379829229923,1.7068282816345879,-0.8990566037735849,9.459081836327346,0.007351766017002983,70.7961604460631
WINNERS_10D,CONSENSUS,10,Secondary: Breakdown + 50D Support + Reversal: 50D Support + RSI + Higher Low + Reversal: 50D Support + Hammer,3,2,69,0.5797101449275363,0.06467909532288568,0.005384922217790189,3.361563318563346,-0.26572815533980587,1.6224489795918364,0.04177071467187171,5.910336391437309
WINNERS_10D,CONSENSUS,10,Secondary: Breakdown + 50D Support + Reversal: 50D Support + RSI + Higher Low + Reversal: Bottom Reclaim + Support,3,1,7377,0.5481903212688085,0.022694494127868673,0.008518518518518592,1.5324819536852958,-0.999015561015561,13.976958525345621,0.005715546776139521,72.040602515795
WINNERS_10D,CONSENSUS,10,Secondary: Breakdown + 50D Support + Reversal: 50D Support + RSI + Higher Low + Reversal: Bottom Reclaim + Support,3,2,312,0.5801282051282052,0.0789730467229267,0.010613059172417283,2.6587523312393064,-0.696236559139785,9.459081836327346,0.01759762277175876,27.407966241603862
WINNERS_10D,CONSENSUS,10,Secondary: Breakdown + 50D Support + Reversal: 50D Support + RSI + Higher Low + Reversal: 50D Support + Volume,3,1,7467,0.5743940002678452,0.01670326635032045,0.004693494299128131,1.5005765381959577,-0.999015561015561,9.459081836327346,0.004807566673605003,69.5613954578445
WINNERS_10D,CONSENSUS,10,Secondary: Breakdown + 50D Support + Reversal: 50D Support + RSI + Higher Low + Reversal: 50D Support + Volume,3,2,660,0.5287878787878788,0.009395048133103582,0.004645938366598212,1.2248291516563927,-0.7057826086956522,2.356521739130435,-0.00011922743291174234,30.64025859420147
WINNERS_10D,CONSENSUS,10,Secondary: Breakdown + 50D Support + Reversal: 50D Support + RSI + Higher Low + Reversal: 50D Support + RSI,3,1,6096,0.5387139107611548,0.029978395781616055,0.00793493385718691,1.5522117987079285,-0.9990229231019346,13.976958525345621,0.0028029353245945725,67.83905367986192
WINNERS_10D,CONSENSUS,10,Secondary: Breakdown + 50D Support + Reversal: 50D Support + RSI + Higher Low + Reversal: 50D Support + RSI,3,2,770,0.5623376623376624,0.05129036565874316,0.0101943399605946,2.383031412051311,-0.7861538461538462,9.459081836327346,0.01823656939658637,65.48551682043866
WINNERS_10D,CONSENSUS,10,Secondary: Breakdown + 50D Support + Reversal: 50D Support + Hammer + Reversal: Bottom Reclaim + Support,3,1,8883,0.55037712484521,0.02175602029272224,0.004763795156808248,1.5523062850869003,-0.999015561015561,13.976958525345621,0.004794827972605965,68.89848815459565
WINNERS_10D,CONSENSUS,10,Secondary: Breakdown + 50D Support + Reversal: 50D Support + Hammer + Reversal: Bottom Reclaim + Support,3,2,311,0.5176848874598071,0.015749480899901403,0.0016682113067654214,1.3141104119362086,-0.6267018006148442,1.6224489795918364,0.0028735974806359667,16.277271094733393
WINNERS_10D,AND,10,Secondary: Breakdown + 50D Support + Reversal: 50D Support + Hammer + Reversal: 50D Support + Volume,3,3,26,0.6153846153846154,0.06224448669451864,0.005875331479265444,2.3926965826117885,-0.26572815533980587,1.0538116591928253,0.02258179979458636,2.3245689638456764
WINNERS_10D,CONSENSUS,10,Secondary: Breakdown + 50D Support + Reversal: 50D Support + Hammer + Reversal: 50D Support + Volume,3,1,8629,0.5698226909259474,0.014104807798907099,0.00363901018922852,1.4398258417546834,-0.999015561015561,6.290448343079922,0.003468566605366708,63.40303624508948
WINNERS_10D,CONSENSUS,10,Secondary: Breakdown + 50D Support + Reversal: 50D Support + Hammer + Reversal: 50D Support + Volume,3,2,977,0.5424769703172978,0.014017626935665287,0.0032017075773747017,1.3902315595422006,-0.7057826086956522,5.148387096774193,0.0001677241623901972,53.86010985133654
WINNERS_10D,AND,10,Secondary: Breakdown + 50D Support + Reversal: 50D Support + Hammer + Reversal: 50D Support + RSI,3,3,7,0.0,-0.06530717357034906,-0.03575883575883576,0.0,-0.23333333333333328,-0.02461662631154149,-0.06530717357034906,0.0
WINNERS_10D,CONSENSUS,10,Secondary: Breakdown + 50D Support + Reversal: 50D Support + Hammer + Reversal: 50D Support + RSI,3,1,7939,0.5438972162740899,0.025472383252776617,0.004165840111089114,1.5405542295127228,-0.9990229231019346,13.976958525345621,0.0023411789449202364,65.52980033768867
WINNERS_10D,CONSENSUS,10,Secondary: Breakdown + 50D Support + Reversal: 50D Support + Hammer + Reversal: 50D Support + RSI,3,2,425,0.5270588235294118,0.06252641146927826,0.00591715976331364,2.255113663228401,-0.7945071113290829,6.290448343079922,0.021373147328737106,32.84442800788956
WINNERS_10D,CONSENSUS,10,Secondary: Breakdown + 50D Support + Reversal: Bottom Reclaim + Support + Reversal: 50D Support + Volume,3,1,11188,0.5625670361101179,0.01780456268487717,0.005064148156253334,1.4744623593057016,-0.999015561015561,13.976958525345621,0.0036816981205408366,67.69949273258749
WINNERS_10D,CONSENSUS,10,Secondary: Breakdown + 50D Support + Reversal: Bottom Reclaim + Support + Reversal: 50D Support + Volume,3,2,1416,0.547316384180791,0.011451774431679515,0.006978822882288238,1.2456294880585759,-0.999015561015561,2.356521739130435,-0.0002935018333967935,53.66578042450379
WINNERS_10D,CONSENSUS,10,Secondary: Breakdown + 50D Support + Reversal: Bottom Reclaim + Support + Reversal: 50D Support + RSI,3,1,9732,0.5396629675297986,0.024201716002918535,0.007503158895575068,1.4969075332055894,-0.9990229231019346,13.976958525345621,0.0028651639085722387,67.6685289115034
WINNERS_10D,CONSENSUS,10,Secondary: Breakdown + 50D Support + Reversal: Bottom Reclaim + Support + Reversal: 50D Support + RSI,3,2,1611,0.5561762880198634,0.04419610205433478,0.012195121951219523,1.7525069885778781,-0.999015561015561,13.976958525345621,0.00585625206182412,76.2345785130933
WINNERS_10D,AND,10,Secondary: Breakdown + 50D Support + Reversal: 50D Support + Volume + Reversal: 50D Support + RSI,3,3,71,0.49295774647887325,0.009890729078072643,0.0,1.3494858216274646,-0.33777777777777773,0.5226377952755905,0.0025657709895366737,2.9440939586618184
WINNERS_10D,CONSENSUS,10,Secondary: Breakdown + 50D Support + Reversal: 50D Support + Volume + Reversal: 50D Support + RSI,3,1,10364,0.5600154380548051,0.021743147237812146,0.004819394900536622,1.5128002670407144,-0.9990229231019346,13.976958525345621,0.002395073394791656,68.74675756396374
WINNERS_10D,CONSENSUS,10,Secondary: Breakdown + 50D Support + Reversal: 50D Support + Volume + Reversal: 50D Support + RSI,3,2,1346,0.5364041604754829,0.014524478944694712,0.006978822882288238,1.2619413124408438,-0.999015561015561,5.148387096774193,-0.004330379813819234,55.19164472633877
WINNERS_10D,AND,10,Reversal: 50D Support + RSI + Higher Low + Reversal: 50D Support + Hammer + Reversal: Bottom Reclaim + Support,3,3,5,0.8,0.0961700651627821,0.08909194745859494,7.332791427258226,-0.07593023255813969,0.2085997794928336,0.0961700651627821,0.5
WINNERS_10D,CONSENSUS,10,Reversal: 50D Support + RSI + Higher Low + Reversal: 50D Support + Hammer + Reversal: Bottom Reclaim + Support,3,1,7193,0.5531766995690255,0.022708073490208012,0.004758128469468659,1.5712811420418258,-0.999015561015561,13.976958525345621,0.004611032034383018,69.22298697272635
WINNERS_10D,CONSENSUS,10,Reversal: 50D Support + RSI + Higher Low + Reversal: 50D Support + Hammer + Reversal: Bottom Reclaim + Support,3,2,572,0.548951048951049,0.04565533747317778,0.006446738648761219,1.9113167191639455,-0.696236559139785,9.459081836327346,0.007975937102886068,41.360661230790015
WINNERS_10D,AND,10,Reversal: 50D Support + RSI + Higher Low + Reversal: 50D Support + Hammer + Reversal: 50D Support + Volume,3,3,3,0.6666666666666666,0.018865187383206083,0.0003292723081989024,4.89094489778626,-0.014545454545454528,0.07081174438687388,0.018865187383206083,0.24978309645527944
WINNERS_10D,CONSENSUS,10,Reversal: 50D Support + RSI + Higher Low + Reversal: 50D Support + Hammer + Reversal: 50D Support + Volume,3,1,7733,0.5724815724815725,0.01503369472727461,0.0034493571652556287,1.4685594237165533,-0.999015561015561,9.459081836327346,0.0025798772665908427,64.44520636003077
WINNERS_10D,CONSENSUS,10,Reversal: 50D Support + RSI + Higher Low + Reversal: 50D Support + Hammer + Reversal: 50D Support + Volume,3,2,472,0.5953389830508474,0.02646158248776373,0.003934795263692337,1.8922880705396412,-0.6267018006148442,5.148387096774193,0.010553449870844602,37.802172110959404
WINNERS_10D,AND,10,Reversal: 50D Support + RSI + Higher Low + Reversal: 50D Support + Hammer + Reversal: 50D Support + RSI,3,3,14,0.7142857142857143,0.07149043307650582,0.04064607182060531,9.006597591639991,-0.07593023255813969,0.3784461152882206,0.07149043307650582,1.4000000000000001
WINNERS_10D,CONSENSUS,10,Reversal: 50D Support + RSI + Higher Low + Reversal: 50D Support + Hammer + Reversal: 50D Support + RSI,3,1,6141,0.5429083211203387,0.027875835099840453,0.0037903659046141236,1.5577523130418853,-0.9990229231019346,13.976958525345621,0.0011185845973725119,64.16643306321309
WINNERS_10D,CONSENSUS,10,Reversal: 50D Support + RSI + Higher Low + Reversal: 50D Support + Hammer + Reversal: 50D Support + RSI,3,2,792,0.5618686868686869,0.06052211495892665,0.010527185458344857,2.2669053241712773,-0.7945071113290829,9.459081836327346,0.016595532762309996,66.51756128973564
WINNERS_10D,AND,10,Reversal: 50D Support + RSI + Higher Low + Reversal: Bottom Reclaim + Support + Reversal: 50D Support + Volume,3,3,47,0.6382978723404256,0.028702464897745687,0.024957458876914362,1.5754867497881835,-0.5947777777777778,0.49286987522281667,0.018611869021113708,4.651068382994258
WINNERS_10D,CONSENSUS,10,Reversal: 50D Support + RSI + Higher Low + Reversal: Bottom Reclaim + Support + Reversal: 50D Support + Volume,3,1,10009,0.5641922269957038,0.016940022286048836,0.0050167224080266415,1.4482858418927456,-0.999015561015561,13.976958525345621,0.0027178951269694845,65.91112063479233
WINNERS_10D,CONSENSUS,10,Reversal: 50D Support + RSI + Higher Low + Reversal: Bottom Reclaim + Support + Reversal: 50D Support + Volume,3,2,1124,0.5685053380782918,0.03228604996247682,0.010713726776119148,1.6667159249887114,-0.999015561015561,9.459081836327346,0.006230155791419733,77.45880160536947
WINNERS_10D,AND,10,Reversal: 50D Support + RSI + Higher Low + Reversal: Bottom Reclaim + Support + Reversal: 50D Support + RSI,3,3,312,0.5801282051282052,0.0789730467229267,0.010613059172417283,2.6587523312393064,-0.696236559139785,9.459081836327346,0.01759762277175876,27.407966241603862
WINNERS_10D,CONSENSUS,10,Reversal: 50D Support + RSI + Higher Low + Reversal: Bottom Reclaim + Support + Reversal: 50D Support + RSI,3,1,7886,0.5374080649251839,0.025433960324059007,0.00753555149236429,1.4946303010745063,-0.9990229231019346,13.976958525345621,0.0017201196808581257,66.42026921868924
WINNERS_10D,CONSENSUS,10,Reversal: 50D Support + RSI + Higher Low + Reversal: Bottom Reclaim + Support + Reversal: 50D Support + RSI,3,2,1721,0.5671121441022661,0.04258993492868731,0.014981273408239737,1.7525317719153282,-0.999015561015561,13.976958525345621,0.007524853043921892,81.39828552283224
WINNERS_10D,AND,10,Reversal: 50D Support + RSI + Higher Low + Reversal: 50D Support + Volume + Reversal: 50D Support + RSI,3,3,75,0.6133333333333333,0.028886536354993837,0.018494055482166427,1.7436020493261757,-0.5947777777777778,0.6442307692307692,0.02057107374856445,7.415290620871861
WINNERS_10D,CONSENSUS,10,Reversal: 50D Support + RSI + Higher Low + Reversal: 50D Support + Volume + Reversal: 50D Support + RSI,3,1,9032,0.5600088573959257,0.021448083339735604,0.004458950574604437,1.492167091520393,-0.9990229231019346,13.976958525345621,0.0007634163658810407,67.1210362966916
WINNERS_10D,CONSENSUS,10,Reversal: 50D Support + RSI + Higher Low + Reversal: 50D Support + Volume + Reversal: 50D Support + RSI,3,2,1250,0.5632,0.033192518880870145,0.010486382296933328,1.6038336535698878,-0.999015561015561,9.459081836327346,0.004321505213079255,74.97258229917611
WINNERS_10D,AND,10,Reversal: 50D Support + Hammer + Reversal: Bottom Reclaim + Support + Reversal: 50D Support + Volume,3,3,60,0.5166666666666667,0.0006925707406820081,0.0015643203020037078,1.014111143641099,-0.6267018006148442,0.4204325371207229,-0.00642166597762377,1.7927264683388535
WINNERS_10D,CONSENSUS,10,Reversal: 50D Support + Hammer + Reversal: Bottom Reclaim + Support + Reversal: 50D Support + Volume,3,1,11269,0.5626053775845239,0.016885211332529827,0.003913894324853118,1.466350377787403,-0.999015561015561,13.976958525345621,0.0024793123814510543,64.88685225613531
WINNERS_10D,CONSENSUS,10,Reversal: 50D Support + Hammer + Reversal: Bottom Reclaim + Support + Reversal: 50D Support + Volume,3,2,1356,0.5678466076696165,0.016939647035134165,0.005390302835513783,1.3810701016907911,-0.999015561015561,5.148387096774193,0.002578380801703988,65.57509606949677
WINNERS_10D,AND,10,Reversal: 50D Support + Hammer + Reversal: Bottom Reclaim + Support + Reversal: 50D Support + RSI,3,3,76,0.5131578947368421,-0.011572006635261166,0.004546976940511427,0.8504378902661978,-0.6112484548825712,0.6796875,-0.020788800057064648,2.1363990132796684
WINNERS_10D,CONSENSUS,10,Reversal: 50D Support + Hammer + Reversal: Bottom Reclaim + Support + Reversal: 50D Support + RSI,3,1,9597,0.542877982702928,0.02309604389432643,0.00469144713099956,1.5014462472887047,-0.9990229231019346,13.976958525345621,0.0019379878951585737,65.45174005343992
WINNERS_10D,CONSENSUS,10,Reversal: 50D Support + Hammer + Reversal: Bottom Reclaim + Support + Reversal: 50D Support + RSI,3,2,1751,0.5545402627070246,0.04787879041522736,0.011496722896744416,1.7902370845315412,-0.999015561015561,13.976958525345621,0.007470652732604763,76.64890883984931
WINNERS_10D,AND,10,Reversal: 50D Support + Hammer + Reversal: 50D Support + Volume + Reversal: 50D Support + RSI,3,3,44,0.5681818181818182,0.1399026375361686,0.009007878851425177,4.068050079712294,-0.3287292817679558,5.148387096774193,0.023426254763191292,3.8039266687636974
WINNERS_10D,CONSENSUS,10,Reversal: 50D Support + Hammer + Reversal: 50D Support + Volume + Reversal: 50D Support + RSI,3,1,10578,0.5594630364908301,0.020215087416857423,0.003721170677895236,1.4983357501346473,-0.9990229231019346,13.976958525345621,0.001153158294445297,66.87184864663787
WINNERS_10D,CONSENSUS,10,Reversal: 50D Support + Hammer + Reversal: 50D Support + Volume + Reversal: 50D Support + RSI,3,2,1240,0.5564516129032258,0.01893972569868999,0.005324040056263524,1.3337539193447403,-0.999015561015561,6.290448343079922,-0.003361138045006594,62.9039232138376
WINNERS_10D,AND,10,Reversal: Bottom Reclaim + Support + Reversal: 50D Support + Volume + Reversal: 50D Support + RSI,3,3,313,0.5814696485623003,0.0254928756079976,0.01775147928994092,1.376842980805386,-0.999015561015561,1.8734030197444835,0.009430099107252909,26.681739745276012
WINNERS_10D,CONSENSUS,10,Reversal: Bottom Reclaim + Support + Reversal: 50D Support + Volume + Reversal: 50D Support + RSI,3,1,12150,0.55440329218107,0.019942361085714615,0.004840275591141419,1.4691342514817485,-0.9990229231019346,13.976958525345621,0.0016817542483327183,66.72000302019437
WINNERS_10D,CONSENSUS,10,Reversal: Bottom Reclaim + Support + Reversal: 50D Support + Volume + Reversal: 50D Support + RSI,3,2,2371,0.5571488823281316,0.03019249624776094,0.010000000000000009,1.5237157158685544,-0.999015561015561,13.976958525345621,-0.0002994098740270049,70.35814705468862
WINNERS_10D,CONSENSUS,10,Reversal: 50D Support + Bull Engulf + Reversal: 50D Support + Higher Low + Secondary: Breakdown + 50D Support + Reversal: 50D Support + RSI + Higher Low,4,1,13588,0.5788195466588166,0.014325704846540251,0.0034098889858414916,1.6792689581862303,-0.98789313904068,9.459081836327346,0.0065025764961147625,68.22997840114354
WINNERS_10D,CONSENSUS,10,Reversal: 50D Support + Bull Engulf + Reversal: 50D Support + Higher Low + Secondary: Breakdown + 50D Support + Reversal: 50D Support + RSI + Higher Low,4,2,1333,0.5948987246811703,0.031276057286272224,0.005836575875486361,2.261343779886232,-0.7861538461538462,9.459081836327346,0.01231219099134315,82.76136259698384
WINNERS_10D,CONSENSUS,10,Reversal: 50D Support + Bull Engulf + Reversal: 50D Support + Higher Low + Secondary: Breakdown + 50D Support + Reversal: 50D Support + RSI + Higher Low,4,3,22,0.6363636363636364,0.02476131938216808,0.01167076831543945,1.7561912259081394,-0.27922077922077915,0.31847133757961776,0.01077512803943238,1.910357289855385
WINNERS_10D,CONSENSUS,10,Reversal: 50D Support + Bull Engulf + Reversal: 50D Support + Higher Low + Secondary: Breakdown + 50D Support + Reversal: 50D Support + Hammer,4,1,14976,0.5761217948717948,0.014909098453370868,0.003341853845299836,1.6609015147825597,-0.98789313904068,9.459081836327346,0.0059209920143099065,67.87653199337733
WINNERS_10D,CONSENSUS,10,Reversal: 50D Support + Bull Engulf + Reversal: 50D Support + Higher Low + Secondary: Breakdown + 50D Support + Reversal: 50D Support + Hammer,4,2,1468,0.5919618528610354,0.013450810752186359,0.0026475338806610793,2.0551277174109464,-0.5219902912621359,1.6224489795918364,0.0075095493892274505,69.72893201477532
WINNERS_10D,CONSENSUS,10,Reversal: 50D Support + Bull Engulf + Reversal: 50D Support + Higher Low + Secondary: Breakdown + 50D Support + Reversal: 50D Support + Hammer,4,3,4,0.0,-0.0077736792033773205,-0.006792191960602267,0.0,-0.017133956386292892,-0.00037637650601185513,-0.0077736792033773205,0.0
WINNERS_10D,CONSENSUS,10,Reversal: 50D Support + Bull Engulf + Reversal: 50D Support + Higher Low + Secondary: Breakdown + 50D Support + Reversal: Bottom Reclaim + Support,4,1,16742,0.5694660136184446,0.015098842932350537,0.003613732327946817,1.5568971764167925,-0.999015561015561,13.976958525345621,0.004723467653488201,66.26274518816757
WINNERS_10D,CONSENSUS,10,Reversal: 50D Support + Bull Engulf + Reversal: 50D Support + Higher Low + Secondary: Breakdown + 50D Support + Reversal: Bottom Reclaim + Support,4,2,2612,0.5849923430321593,0.025409931574922797,0.007048867358483979,1.8951396606498243,-0.98789313904068,9.459081836327346,0.009432953774112922,79.86008968814087
WINNERS_10D,CONSENSUS,10,Reversal: 50D Support + Bull Engulf + Reversal: 50D Support + Higher Low + Secondary: Breakdown + 50D Support + Reversal: Bottom Reclaim + Support,4,3,66,0.6212121212121212,0.03374211370695863,0.014614207956146652,2.594608223699871,-0.40104166666666663,0.7185929648241205,0.023205946766694602,6.33340329382926
WINNERS_10D,CONSENSUS,10,Reversal: 50D Support + Bull Engulf + Reversal: 50D Support + Higher Low + Secondary: Breakdown + 50D Support + Reversal: 50D Support + Volume,4,1,17190,0.5803955788248982,0.013684307282976194,0.0036717139798395637,1.5593208301167003,-0.999015561015561,9.459081836327346,0.005208466864465612,67.07703938702146
WINNERS_10D,CONSENSUS,10,Reversal: 50D Support + Bull Engulf + Reversal: 50D Support + Higher Low + Secondary: Breakdown + 50D Support + Reversal: 50D Support + Volume,4,2,2574,0.5773115773115773,0.009396057528799623,0.0028222038146212824,1.4417000403827596,-0.7057826086956522,2.356521739130435,0.0035543856229542357,59.4254298319568
WINNERS_10D,CONSENSUS,10,Reversal: 50D Support + Bull Engulf + Reversal: 50D Support + Higher Low + Secondary: Breakdown + 50D Support + Reversal: 50D Support + Volume,4,3,94,0.5638297872340425,0.00884045452266112,0.0019305307096004753,1.5163448511914026,-0.5,0.31847133757961776,0.0055110901887153495,5.488970331794745
WINNERS_10D,CONSENSUS,10,Reversal: 50D Support + Bull Engulf + Reversal: 50D Support + Higher Low + Secondary: Breakdown + 50D Support + Reversal: 50D Support + RSI,4,1,17043,0.5684445226779323,0.017761150471941243,0.003595685177786745,1.5824445091794264,-0.9990229231019346,13.976958525345621,0.0033599596059937023,67.71863783943196
WINNERS_10D,CONSENSUS,10,Reversal: 50D Support + Bull Engulf + Reversal: 50D Support + Higher Low + Secondary: Breakdown + 50D Support + Reversal: 50D Support + RSI,4,2,1532,0.5828981723237598,0.031540157385895176,0.005708070260644238,2.2308331375556074,-0.7861538461538462,9.459081836327346,0.011762395502914556,80.2525447099624
WINNERS_10D,CONSENSUS,10,Reversal: 50D Support + Bull Engulf + Reversal: 50D Support + Higher Low + Secondary: Breakdown + 50D Support + Reversal: 50D Support + RSI,4,3,22,0.6363636363636364,0.02476131938216808,0.01167076831543945,1.7561912259081394,-0.27922077922077915,0.31847133757961776,0.01077512803943238,1.910357289855385
WINNERS_10D,CONSENSUS,10,Reversal: 50D Support + Bull Engulf + Reversal: 50D Support + Higher Low + Reversal: 50D Support + RSI + Higher Low + Reversal: 50D Support + Hammer,4,1,13011,0.5808930904619168,0.014249745925643341,0.0031372549019608176,1.6979212468938645,-0.98789313904068,9.459081836327346,0.005647804698671901,67.65405570310402
WINNERS_10D,CONSENSUS,10,Reversal: 50D Support + Bull Engulf + Reversal: 50D Support + Higher Low + Reversal: 50D Support + RSI + Higher Low + Reversal: 50D Support + Hammer,4,2,1973,0.5889508362899138,0.024254155321482108,0.0032532678783627755,2.2207208669118157,-0.7861538461538462,9.459081836327346,0.00996422521496169,78.07159253497899
WINNERS_10D,CONSENSUS,10,Reversal: 50D Support + Bull Engulf + Reversal: 50D Support + Higher Low + Reversal: 50D Support + RSI + Higher Low + Reversal: 50D Support + Hammer,4,3,40,0.6,0.037863009316631745,0.008826343489832023,2.7279475342456267,-0.27922077922077915,0.3784461152882206,0.029130109163514082,3.6647903046949604
WINNERS_10D,AND,10,Reversal: 50D Support + Bull Engulf + Reversal: 50D Support + Higher Low + Reversal: 50D Support + RSI + Higher Low + Reversal: Bottom Reclaim + Support,4,4,9,0.6666666666666666,0.04056153361197227,0.01359223300970891,2.4797479323061866,-0.13183371298405466,0.31847133757961776,0.04056153361197227,0.856747572815535
WINNERS_10D,CONSENSUS,10,Reversal: 50D Support + Bull Engulf + Reversal: 50D Support + Higher Low + Reversal: 50D Support + RSI + Higher Low + Reversal: Bottom Reclaim + Support,4,1,14722,0.5728841190055699,0.014362696825164249,0.0034590700015839637,1.5564950679530467,-0.999015561015561,13.976958525345621,0.004243129298487409,65.6200328011461
WINNERS_10D,CONSENSUS,10,Reversal: 50D Support + Bull Engulf + Reversal: 50D Support + Higher Low + Reversal: 50D Support + RSI + Higher Low + Reversal: Bottom Reclaim + Support,4,2,2883,0.5848074921956296,0.025898966472773746,0.007633587786259444,1.9115175973679492,-0.98789313904068,9.459081836327346,0.010788110095895266,81.28418877755429
WINNERS_10D,CONSENSUS,10,Reversal: 50D Support + Bull Engulf + Reversal: 50D Support + Higher Low + Reversal: 50D Support + RSI + Higher Low + Reversal: Bottom Reclaim + Support,4,3,382,0.5863874345549738,0.06984610341257745,0.010715952878685653,2.6192172710559594,-0.696236559139785,9.459081836327346,0.019734264808772876,34.59732070079019
WINNERS_10D,AND,10,Reversal: 50D Support + Bull Engulf + Reversal: 50D Support + Higher Low + Reversal: 50D Support + RSI + Higher Low + Reversal: 50D Support + Volume,4,4,5,0.8,0.09758041827474476,0.0725552050473186,62.05746172048262,-0.007990867579908745,0.31847133757961776,0.09758041827474476,0.5
WINNERS_10D,CONSENSUS,10,Reversal: 50D Support + Bull Engulf + Reversal: 50D Support + Higher Low + Reversal: 50D Support + RSI + Higher Low + Reversal: 50D Support + Volume,4,1,15755,0.5826721675658522,0.012563013520929226,0.0035629453681709222,1.5330991373136775,-0.999015561015561,9.459081836327346,0.004478082679472784,65.70581248430403
WINNERS_10D,CONSENSUS,10,Reversal: 50D Support + Bull Engulf + Reversal: 50D Support + Higher Low + Reversal: 50D Support + RSI + Higher Low + Reversal: 50D Support + Volume,4,2,2493,0.5912555154432411,0.02047458413357775,0.0033931168201648543,2.029920730661097,-0.7861538461538462,9.459081836327346,0.008518892308193846,77.47659275347587
WINNERS_10D,CONSENSUS,10,Reversal: 50D Support + Bull Engulf + Reversal: 50D Support + Higher Low + Reversal: 50D Support + RSI + Higher Low + Reversal: 50D Support + Volume,4,3,181,0.580110497237569,0.014179214339309024,0.004757373929590969,1.4909675871758947,-0.5947777777777778,0.6442307692307692,0.010678927923245353,13.084667993251408
WINNERS_10D,AND,10,Reversal: 50D Support + Bull Engulf + Reversal: 50D Support + Higher Low + Reversal: 50D Support + RSI + Higher Low + Reversal: 50D Support + RSI,4,4,22,0.6363636363636364,0.02476131938216808,0.01167076831543945,1.7561912259081394,-0.27922077922077915,0.31847133757961776,0.01077512803943238,1.910357289855385
WINNERS_10D,CONSENSUS,10,Reversal: 50D Support + Bull Engulf + Reversal: 50D Support + Higher Low + Reversal: 50D Support + RSI + Higher Low + Reversal: 50D Support + RSI,4,1,15197,0.570770546818451,0.017618240341410855,0.00341796875,1.593382485684734,-0.9990229231019346,13.976958525345621,0.002743980370089995,67.36812665122017
WINNERS_10D,CONSENSUS,10,Reversal: 50D Support + Bull Engulf + Reversal: 50D Support + Higher Low + Reversal: 50D Support + RSI + Higher Low + Reversal: 50D Support + RSI,4,2,1358,0.5942562592047128,0.03088453934220958,0.005865153078775331,2.2409084709101443,-0.7861538461538462,9.459081836327346,0.012269377080068915,82.64360748658531
WINNERS_10D,CONSENSUS,10,Reversal: 50D Support + Bull Engulf + Reversal: 50D Support + Higher Low + Reversal: 50D Support + RSI + Higher Low + Reversal: 50D Support + RSI,4,3,596,0.5822147651006712,0.0555625249475863,0.014692597996069257,2.433745792328856,-0.7861538461538462,9.459081836327346,0.021166662111616847,55.460924637576284
WINNERS_10D,CONSENSUS,10,Reversal: 50D Support + Bull Engulf + Reversal: 50D Support + Higher Low + Reversal: 50D Support + Hammer + Reversal: Bottom Reclaim + Support,4,1,15941,0.5718587290634214,0.01523882519111047,0.0034109149277687933,1.5785993157593656,-0.999015561015561,13.976958525345621,0.0042166451464394844,66.26928342400358
WINNERS_10D,CONSENSUS,10,Reversal: 50D Support + Bull Engulf + Reversal: 50D Support + Higher Low + Reversal: 50D Support + Hammer + Reversal: Bottom Reclaim + Support,4,2,3458,0.5777906304222094,0.02120154423052226,0.003907160351905636,1.7892151637965654,-0.98789313904068,9.459081836327346,0.007379763091387812,74.76363098617165
WINNERS_10D,CONSENSUS,10,Reversal: 50D Support + Bull Engulf + Reversal: 50D Support + Higher Low + Reversal: 50D Support + Hammer + Reversal: Bottom Reclaim + Support,4,3,102,0.5980392156862745,0.02964214752774321,0.007965964649809032,2.4374042600324337,-0.40104166666666663,0.7185929648241205,0.022820852306986997,9.246062962377058
WINNERS_10D,CONSENSUS,10,Reversal: 50D Support + Bull Engulf + Reversal: 50D Support + Higher Low + Reversal: 50D Support + Hammer + Reversal: 50D Support + Volume,4,1,16891,0.5798946184358534,0.013119708809502504,0.0034502182791154024,1.5354769545945686,-0.999015561015561,9.459081836327346,0.004200231328886226,65.50664908814596
WINNERS_10D,CONSENSUS,10,Reversal: 50D Support + Bull Engulf + Reversal: 50D Support + Higher Low + Reversal: 50D Support + Hammer + Reversal: 50D Support + Volume,4,2,2868,0.5889121338912134,0.012097397822490084,0.0026776458066901654,1.7490904552410795,-0.6267018006148442,5.148387096774193,0.005816367285354103,66.61992995672551
WINNERS_10D,CONSENSUS,10,Reversal: 50D Support + Bull Engulf + Reversal: 50D Support + Higher Low + Reversal: 50D Support + Hammer + Reversal: 50D Support + Volume,4,3,180,0.5777777777777777,0.010152004217279494,0.001891324409978301,1.8470211826490537,-0.5,0.31847133757961776,0.008429549840953584,11.554012116319445
WINNERS_10D,CONSENSUS,10,Reversal: 50D Support + Bull Engulf + Reversal: 50D Support + Higher Low + Reversal: 50D Support + Hammer + Reversal: 50D Support + RSI,4,1,16444,0.5697518851860861,0.017332104158769977,0.0033783783783783994,1.582228650281977,-0.9990229231019346,13.976958525345621,0.0027463760047102596,66.88431747710082
WINNERS_10D,CONSENSUS,10,Reversal: 50D Support + Bull Engulf + Reversal: 50D Support + Higher Low + Reversal: 50D Support + Hammer + Reversal: 50D Support + RSI,4,2,2194,0.5806745670009116,0.028679087826851597,0.003233705827191846,2.1506242804322904,-0.7945071113290829,9.459081836327346,0.008680236371407274,75.71455114910125
WINNERS_10D,CONSENSUS,10,Reversal: 50D Support + Bull Engulf + Reversal: 50D Support + Higher Low + Reversal: 50D Support + Hammer + Reversal: 50D Support + RSI,4,3,40,0.6,0.037863009316631745,0.008826343489832023,2.7279475342456267,-0.27922077922077915,0.3784461152882206,0.029130109163514082,3.6647903046949604
WINNERS_10D,AND,10,Reversal: 50D Support + Bull Engulf + Reversal: 50D Support + Higher Low + Reversal: Bottom Reclaim + Support + Reversal: 50D Support + Volume,4,4,9,0.4444444444444444,0.06123616826485583,-0.005411255411255533,5.951965046713573,-0.052859790811598084,0.31847133757961776,0.06123616826485583,0.5399999999999999
WINNERS_10D,CONSENSUS,10,Reversal: 50D Support + Bull Engulf + Reversal: 50D Support + Higher Low + Reversal: Bottom Reclaim + Support + Reversal: 50D Support + Volume,4,1,18333,0.5743740795287187,0.01352988123758709,0.003648155654641272,1.491627698731839,-0.999015561015561,13.976958525345621,0.003515724071628405,64.49226593260644
WINNERS_10D,CONSENSUS,10,Reversal: 50D Support + Bull Engulf + Reversal: 50D Support + Higher Low + Reversal: Bottom Reclaim + Support + Reversal: 50D Support + Volume,4,2,4172,0.5802972195589645,0.019606752199440622,0.004390447442455758,1.6787856620284318,-0.999015561015561,9.459081836327346,0.00616218320269669,74.23742844313237
WINNERS_10D,CONSENSUS,10,Reversal: 50D Support + Bull Engulf + Reversal: 50D Support + Higher Low + Reversal: Bottom Reclaim + Support + Reversal: 50D Support + Volume,4,3,397,0.6020151133501259,0.015423390536213395,0.007407407407407307,1.609899640882183,-0.5947777777777778,0.7185929648241205,0.011278347352569312,31.53676952265976
WINNERS_10D,AND,10,Reversal: 50D Support + Bull Engulf + Reversal: 50D Support + Higher Low + Reversal: Bottom Reclaim + Support + Reversal: 50D Support + RSI,4,4,9,0.6666666666666666,0.04056153361197227,0.01359223300970891,2.4797479323061866,-0.13183371298405466,0.31847133757961776,0.04056153361197227,0.856747572815535
WINNERS_10D,CONSENSUS,10,Reversal: 50D Support + Bull Engulf + Reversal: 50D Support + Higher Low + Reversal: Bottom Reclaim + Support + Reversal: 50D Support + RSI,4,1,17239,0.5638378096177272,0.016569215085530078,0.003422589087980654,1.5242542255444111,-0.9990229231019346,13.976958525345621,0.0023390365758193307,64.86340260300126
WINNERS_10D,CONSENSUS,10,Reversal: 50D Support + Bull Engulf + Reversal: 50D Support + Higher Low + Reversal: Bottom Reclaim + Support + Reversal: 50D Support + RSI,4,2,4007,0.5782380833541303,0.028750843103768402,0.009005481597494036,1.7394495193121609,-0.999015561015561,13.976958525345621,0.007050303646548117,78.41485282538665
WINNERS_10D,CONSENSUS,10,Reversal: 50D Support + Bull Engulf + Reversal: 50D Support + Higher Low + Reversal: Bottom Reclaim + Support + Reversal: 50D Support + RSI,4,3,395,0.5822784810126582,0.06741360536587983,0.010594467333725932,2.5607546290163405,-0.696236559139785,9.459081836327346,0.018945022904190967,35.234407316316215
WINNERS_10D,AND,10,Reversal: 50D Support + Bull Engulf + Reversal: 50D Support + Higher Low + Reversal: 50D Support + Volume + Reversal: 50D Support + RSI,4,4,5,0.8,0.09758041827474476,0.0725552050473186,62.05746172048262,-0.007990867579908745,0.31847133757961776,0.09758041827474476,0.5
WINNERS_10D,CONSENSUS,10,Reversal: 50D Support + Bull Engulf + Reversal: 50D Support + Higher Low + Reversal: 50D Support + Volume + Reversal: 50D Support + RSI,4,1,18736,0.5729611443210931,0.01622239178763775,0.0036212625273464027,1.5385460028901061,-0.9990229231019346,13.976958525345621,0.002704613363294255,66.46032275913376
WINNERS_10D,CONSENSUS,10,Reversal: 50D Support + Bull Engulf + Reversal: 50D Support + Higher Low + Reversal: 50D Support + Volume + Reversal: 50D Support + RSI,4,2,3160,0.5819620253164557,0.01890535411673227,0.003791960480406198,1.6242184063994953,-0.999015561015561,9.459081836327346,0.003798227184281607,71.59166575132406
WINNERS_10D,CONSENSUS,10,Reversal: 50D Support + Bull Engulf + Reversal: 50D Support + Higher Low + Reversal: 50D Support + Volume + Reversal: 50D Support + RSI,4,3,187,0.5775401069518716,0.013531279741741202,0.004757373929590969,1.4742612581149133,-0.5947777777777778,0.6442307692307692,0.010140422271370079,13.189546150015202
WINNERS_10D,CONSENSUS,10,Reversal: 50D Support + Bull Engulf + Secondary: Breakdown + 50D Support + Reversal: 50D Support + RSI + Higher Low + Reversal: 50D Support + Hammer,4,1,5749,0.5613150113063141,0.021443437027791532,0.0037927756653992617,1.7032838679098343,-0.8990566037735849,9.459081836327346,0.007180024763122353,71.7821022057769
WINNERS_10D,CONSENSUS,10,Reversal: 50D Support + Bull Engulf + Secondary: Breakdown + 50D Support + Reversal: 50D Support + RSI + Higher Low + Reversal: 50D Support + Hammer,4,2,107,0.5981308411214953,0.05722776553829008,0.0070132013201320564,3.2507561081965046,-0.27922077922077915,1.6224489795918364,0.0424615276698604,9.624476072607264
WINNERS_10D,CONSENSUS,10,Reversal: 50D Support + Bull Engulf + Secondary: Breakdown + 50D Support + Reversal: 50D Support + RSI + Higher Low + Reversal: Bottom Reclaim + Support,4,1,8285,0.5540132770066385,0.02141308815288538,0.007423808283407052,1.5396423021536185,-0.999015561015561,13.976958525345621,0.005617879555821226,72.11681204719429
WINNERS_10D,CONSENSUS,10,Reversal: 50D Support + Bull Engulf + Secondary: Breakdown + 50D Support + Reversal: 50D Support + RSI + Higher Low + Reversal: Bottom Reclaim + Support,4,2,534,0.5636704119850188,0.0562142256234074,0.009133472367048978,2.3714913629942704,-0.696236559139785,9.459081836327346,0.016153000379064593,44.273899001485155
WINNERS_10D,CONSENSUS,10,Reversal: 50D Support + Bull Engulf + Secondary: Breakdown + 50D Support + Reversal: 50D Support + RSI + Higher Low + Reversal: Bottom Reclaim + Support,4,3,9,0.6666666666666666,0.04056153361197227,0.01359223300970891,2.4797479323061866,-0.13183371298405466,0.31847133757961776,0.04056153361197227,0.856747572815535
WINNERS_10D,CONSENSUS,10,Reversal: 50D Support + Bull Engulf + Secondary: Breakdown + 50D Support + Reversal: 50D Support + RSI + Higher Low + Reversal: 50D Support + Volume,4,1,8423,0.5768728481538644,0.01652572225836144,0.004694596711041443,1.5220499487667836,-0.999015561015561,9.459081836327346,0.005222288925676175,70.10886117821038
WINNERS_10D,CONSENSUS,10,Reversal: 50D Support + Bull Engulf + Secondary: Breakdown + 50D Support + Reversal: 50D Support + RSI + Higher Low + Reversal: 50D Support + Volume,4,2,838,0.5334128878281623,0.008322163252221241,0.0037852617545870437,1.219875615983001,-0.7057826086956522,2.356521739130435,-0.0005208270053670072,38.04060592134861
WINNERS_10D,CONSENSUS,10,Reversal: 50D Support + Bull Engulf + Secondary: Breakdown + 50D Support + Reversal: 50D Support + RSI + Higher Low + Reversal: 50D Support + Volume,4,3,5,0.8,0.09758041827474476,0.0725552050473186,62.05746172048262,-0.007990867579908745,0.31847133757961776,0.09758041827474476,0.5
WINNERS_10D,CONSENSUS,10,Reversal: 50D Support + Bull Engulf + Secondary: Breakdown + 50D Support + Reversal: 50D Support + RSI + Higher Low + Reversal: 50D Support + RSI,4,1,7188,0.5464663327768503,0.02750241283631419,0.006828230598836638,1.5630626098094083,-0.9990229231019346,13.976958525345621,0.003128908864684781,68.54557672711611
WINNERS_10D,CONSENSUS,10,Reversal: 50D Support + Bull Engulf + Secondary: Breakdown + 50D Support + Reversal: 50D Support + RSI + Higher Low + Reversal: 50D Support + RSI,4,2,795,0.5622641509433962,0.049992203297298074,0.010584084672677463,2.3563619451289033,-0.7861538461538462,9.459081836327346,0.017975536184917682,67.6786739363411
WINNERS_10D,CONSENSUS,10,Reversal: 50D Support + Bull Engulf + Secondary: Breakdown + 50D Support + Reversal: 50D Support + RSI + Higher Low + Reversal: 50D Support + RSI,4,3,22,0.6363636363636364,0.02476131938216808,0.01167076831543945,1.7561912259081394,-0.27922077922077915,0.31847133757961776,0.01077512803943238,1.910357289855385
WINNERS_10D,CONSENSUS,10,Reversal: 50D Support + Bull Engulf + Secondary: Breakdown + 50D Support + Reversal: 50D Support + Hammer + Reversal: Bottom Reclaim + Support,4,1,9790,0.5550561797752809,0.020673429240064895,0.00473624620126889,1.5550562569504454,-0.999015561015561,13.976958525345621,0.004759714693911502,69.63133396726545
WINNERS_10D,CONSENSUS,10,Reversal: 50D Support + Bull Engulf + Secondary: Breakdown + 50D Support + Reversal: 50D Support + Hammer + Reversal: Bottom Reclaim + Support,4,2,541,0.5304990757855823,0.021105167307730495,0.004528450482378599,1.5080757152042417,-0.6267018006148442,1.6224489795918364,0.008951720414151737,37.07291267460052
WINNERS_10D,CONSENSUS,10,Reversal: 50D Support + Bull Engulf + Secondary: Breakdown + 50D Support + Reversal: 50D Support + Hammer + Reversal: Bottom Reclaim + Support,4,3,2,0.5,0.040030459812898544,0.040030459812898544,5.298967355096599,-0.01862329090051862,0.09868421052631571,0.040030459812898544,0.16666666666666669
WINNERS_10D,CONSENSUS,10,Reversal: 50D Support + Bull Engulf + Secondary: Breakdown + 50D Support + Reversal: 50D Support + Hammer + Reversal: 50D Support + Volume,4,1,9590,0.5723670490093847,0.014084711689030072,0.003754940711462318,1.4580590384425267,-0.999015561015561,6.290448343079922,0.003925994104987186,64.5409049436401
WINNERS_10D,CONSENSUS,10,Reversal: 50D Support + Bull Engulf + Secondary: Breakdown + 50D Support + Reversal: 50D Support + Hammer + Reversal: 50D Support + Volume,4,2,1151,0.5456125108601216,0.014004507000667826,0.003070624360286489,1.4188918066167842,-0.7057826086956522,5.148387096774193,0.001163242616718893,56.763522487055205
WINNERS_10D,CONSENSUS,10,Reversal: 50D Support + Bull Engulf + Secondary: Breakdown + 50D Support + Reversal: 50D Support + Hammer + Reversal: 50D Support + Volume,4,3,30,0.6,0.05221346282090498,0.005806531470052501,2.261859747545157,-0.26572815533980587,1.0538116591928253,0.017675593980493925,2.628347822637294
WINNERS_10D,CONSENSUS,10,Reversal: 50D Support + Bull Engulf + Secondary: Breakdown + 50D Support + Reversal: 50D Support + Hammer + Reversal: 50D Support + RSI,4,1,9015,0.5493067110371603,0.02396544970799537,0.004202942059441606,1.548136375785734,-0.9990229231019346,13.976958525345621,0.002609855863729714,66.66071694857187
WINNERS_10D,CONSENSUS,10,Reversal: 50D Support + Bull Engulf + Secondary: Breakdown + 50D Support + Reversal: 50D Support + Hammer + Reversal: 50D Support + RSI,4,2,488,0.5368852459016393,0.05836979154483795,0.007664562966375743,2.252112693406607,-0.7945071113290829,6.290448343079922,0.02253890170420658,39.151896712360184
WINNERS_10D,CONSENSUS,10,Reversal: 50D Support + Bull Engulf + Secondary: Breakdown + 50D Support + Reversal: 50D Support + Hammer + Reversal: 50D Support + RSI,4,3,7,0.0,-0.06530717357034906,-0.03575883575883576,0.0,-0.23333333333333328,-0.02461662631154149,-0.06530717357034906,0.0
WINNERS_10D,CONSENSUS,10,Reversal: 50D Support + Bull Engulf + Secondary: Breakdown + 50D Support + Reversal: Bottom Reclaim + Support + Reversal: 50D Support + Volume,4,1,11977,0.5655005427068548,0.0174559760196498,0.005025125628140614,1.4837856654730106,-0.999015561015561,13.976958525345621,0.0038902045181564157,68.12232517173187
WINNERS_10D,CONSENSUS,10,Reversal: 50D Support + Bull Engulf + Secondary: Breakdown + 50D Support + Reversal: Bottom Reclaim + Support + Reversal: 50D Support + Volume,4,2,1732,0.5490762124711316,0.012222702497699828,0.006326818270662282,1.2845947101969613,-0.999015561015561,2.356521739130435,0.0009271797124896021,55.58581490020169
WINNERS_10D,CONSENSUS,10,Reversal: 50D Support + Bull Engulf + Secondary: Breakdown + 50D Support + Reversal: Bottom Reclaim + Support + Reversal: 50D Support + Volume,4,3,34,0.5,0.026683125691898596,0.004374453193350836,1.969647456741469,-0.26900584795321636,0.31847133757961776,0.01784105866499801,2.379828885721229
WINNERS_10D,CONSENSUS,10,Reversal: 50D Support + Bull Engulf + Secondary: Breakdown + 50D Support + Reversal: Bottom Reclaim + Support + Reversal: 50D Support + RSI,4,1,10628,0.5447873541588257,0.023072844830407373,0.006879743856602172,1.5023192754614099,-0.9990229231019346,13.976958525345621,0.0029374217274887996,68.16076654787251
WINNERS_10D,CONSENSUS,10,Reversal: 50D Support + Bull Engulf + Secondary: Breakdown + 50D Support + Reversal: Bottom Reclaim + Support + Reversal: 50D Support + RSI,4,2,1832,0.5556768558951966,0.04199488053884477,0.011636021057415569,1.760003570288038,-0.999015561015561,13.976958525345621,0.006723106123609715,76.38215470163505
WINNERS_10D,CONSENSUS,10,Reversal: 50D Support + Bull Engulf + Secondary: Breakdown + 50D Support + Reversal: Bottom Reclaim + Support + Reversal: 50D Support + RSI,4,3,22,0.5454545454545454,0.014191655382985901,0.010747808184101482,1.3761316099863448,-0.16901408450704225,0.31847133757961776,-0.00029785329304418814,1.3441368437916903
WINNERS_10D,CONSENSUS,10,Reversal: 50D Support + Bull Engulf + Secondary: Breakdown + 50D Support + Reversal: 50D Support + Volume + Reversal: 50D Support + RSI,4,1,11301,0.5630475179187683,0.02119569402435109,0.004807692307692291,1.5249699092027937,-0.9990229231019346,13.976958525345621,0.0027815756780430897,69.53320397576292
WINNERS_10D,CONSENSUS,10,Reversal: 50D Support + Bull Engulf + Secondary: Breakdown + 50D Support + Reversal: 50D Support + Volume + Reversal: 50D Support + RSI,4,2,1537,0.538711776187378,0.01343239214613566,0.0063657407407407,1.2603387732267695,-0.999015561015561,5.148387096774193,-0.00415909616385248,53.997639953367006
WINNERS_10D,CONSENSUS,10,Reversal: 50D Support + Bull Engulf + Secondary: Breakdown + 50D Support + Reversal: 50D Support + Volume + Reversal: 50D Support + RSI,4,3,82,0.5121951219512195,0.014073846002531122,0.0025658198529679987,1.54298501809431,-0.33777777777777773,0.5226377952755905,0.0077952787275550805,4.691262934909721
WINNERS_10D,CONSENSUS,10,Reversal: 50D Support + Bull Engulf + Reversal: 50D Support + RSI + Higher Low + Reversal: 50D Support + Hammer + Reversal: Bottom Reclaim + Support,4,1,8087,0.558427105230617,0.021305010682719176,0.004700191658300712,1.573993931338351,-0.999015561015561,13.976958525345621,0.0045327289776161805,69.99587468204051
WINNERS_10D,CONSENSUS,10,Reversal: 50D Support + Bull Engulf + Reversal: 50D Support + RSI + Higher Low + Reversal: 50D Support + Hammer + Reversal: Bottom Reclaim + Support,4,2,806,0.5483870967741935,0.04025967916831606,0.006446738648761219,1.9073565268603765,-0.696236559139785,9.459081836327346,0.009834187867875292,59.328486745973436
WINNERS_10D,CONSENSUS,10,Reversal: 50D Support + Bull Engulf + Reversal: 50D Support + RSI + Higher Low + Reversal: 50D Support + Hammer + Reversal: Bottom Reclaim + Support,4,3,16,0.6875,0.05787281549671613,0.040003009133798395,3.71342274003879,-0.13183371298405466,0.31847133757961776,0.05787281549671613,1.6
WINNERS_10D,CONSENSUS,10,Reversal: 50D Support + Bull Engulf + Reversal: 50D Support + RSI + Higher Low + Reversal: 50D Support + Hammer + Reversal: 50D Support + Volume,4,1,8677,0.5749683070185548,0.014931510083209589,0.0036342769701607214,1.4878844250903587,-0.999015561015561,9.459081836327346,0.003176754021781456,65.66590824843134
WINNERS_10D,CONSENSUS,10,Reversal: 50D Support + Bull Engulf + Reversal: 50D Support + RSI + Higher Low + Reversal: 50D Support + Hammer + Reversal: 50D Support + Volume,4,2,658,0.5851063829787234,0.02201030063755078,0.0038443065100125517,1.800710343066763,-0.6267018006148442,5.148387096774193,0.008665504695572963,50.60025849662311
WINNERS_10D,CONSENSUS,10,Reversal: 50D Support + Bull Engulf + Reversal: 50D Support + RSI + Higher Low + Reversal: 50D Support + Hammer + Reversal: 50D Support + Volume,4,3,12,0.6666666666666666,0.04104540700775058,0.01236109810224062,5.8359471745697995,-0.060691144708423406,0.31847133757961776,0.04104540700775058,1.1312498829201656
WINNERS_10D,CONSENSUS,10,Reversal: 50D Support + Bull Engulf + Reversal: 50D Support + RSI + Higher Low + Reversal: 50D Support + Hammer + Reversal: 50D Support + RSI,4,1,7217,0.549812941665512,0.02563513673574961,0.003842459173871271,1.5658382029816311,-0.9990229231019346,13.976958525345621,0.0015607165034898756,65.6878720356062
WINNERS_10D,CONSENSUS,10,Reversal: 50D Support + Bull Engulf + Reversal: 50D Support + RSI + Higher Low + Reversal: 50D Support + Hammer + Reversal: 50D Support + RSI,4,2,833,0.5630252100840336,0.05918307253361329,0.010590015128592922,2.2741691696480615,-0.7945071113290829,9.459081836327346,0.0165197232837459,70.11347573977535
WINNERS_10D,CONSENSUS,10,Reversal: 50D Support + Bull Engulf + Reversal: 50D Support + RSI + Higher Low + Reversal: 50D Support + Hammer + Reversal: 50D Support + RSI,4,3,36,0.6666666666666666,0.04293375248552164,0.01604314424593767,2.828285498375549,-0.27922077922077915,0.3784461152882206,0.033347684976873106,3.4931648946403167
WINNERS_10D,AND,10,Reversal: 50D Support + Bull Engulf + Reversal: 50D Support + RSI + Higher Low + Reversal: Bottom Reclaim + Support + Reversal: 50D Support + Volume,4,4,1,1.0,0.31847133757961776,0.31847133757961776,,0.31847133757961776,0.31847133757961776,0.31847133757961776,0.1
WINNERS_10D,CONSENSUS,10,Reversal: 50D Support + Bull Engulf + Reversal: 50D Support + RSI + Higher Low + Reversal: Bottom Reclaim + Support + Reversal: 50D Support + Volume,4,1,10789,0.5673371026045045,0.016629455562137074,0.004965859714463283,1.4599502859854971,-0.999015561015561,13.976958525345621,0.0030588452659464148,66.53667283128672
WINNERS_10D,CONSENSUS,10,Reversal: 50D Support + Bull Engulf + Reversal: 50D Support + RSI + Higher Low + Reversal: Bottom Reclaim + Support + Reversal: 50D Support + Volume,4,2,1437,0.5650661099512874,0.028557953750845824,0.0079617834394905,1.6512919806979087,-0.999015561015561,9.459081836327346,0.006065954647324813,74.69848855699271
WINNERS_10D,CONSENSUS,10,Reversal: 50D Support + Bull Engulf + Reversal: 50D Support + RSI + Higher Low + Reversal: Bottom Reclaim + Support + Reversal: 50D Support + Volume,4,3,92,0.5869565217391305,0.023410695705013262,0.016545210204099603,1.609369635350569,-0.5947777777777778,0.49286987522281667,0.018251803622400038,8.640993954028474
WINNERS_10D,AND,10,Reversal: 50D Support + Bull Engulf + Reversal: 50D Support + RSI + Higher Low + Reversal: Bottom Reclaim + Support + Reversal: 50D Support + RSI,4,4,9,0.6666666666666666,0.04056153361197227,0.01359223300970891,2.4797479323061866,-0.13183371298405466,0.31847133757961776,0.04056153361197227,0.856747572815535
WINNERS_10D,CONSENSUS,10,Reversal: 50D Support + Bull Engulf + Reversal: 50D Support + RSI + Higher Low + Reversal: Bottom Reclaim + Support + Reversal: 50D Support + RSI,4,1,8782,0.5438396720564792,0.023942075362411264,0.006831622948922478,1.5010022141098163,-0.9990229231019346,13.976958525345621,0.0018866295410147112,67.17863471019942
WINNERS_10D,CONSENSUS,10,Reversal: 50D Support + Bull Engulf + Reversal: 50D Support + RSI + Higher Low + Reversal: Bottom Reclaim + Support + Reversal: 50D Support + RSI,4,2,1929,0.5650596163815449,0.040877285394505546,0.01359223300970891,1.761566751386285,-0.999015561015561,13.976958525345621,0.008309671595618883,80.60303118425331
WINNERS_10D,CONSENSUS,10,Reversal: 50D Support + Bull Engulf + Reversal: 50D Support + RSI + Higher Low + Reversal: Bottom Reclaim + Support + Reversal: 50D Support + RSI,4,3,338,0.5769230769230769,0.07327351602772489,0.010068991771179592,2.5565272556530894,-0.696236559139785,9.459081836327346,0.01661051724266072,29.12325553500852
WINNERS_10D,AND,10,Reversal: 50D Support + Bull Engulf + Reversal: 50D Support + RSI + Higher Low + Reversal: 50D Support + Volume + Reversal: 50D Support + RSI,4,4,5,0.8,0.09758041827474476,0.0725552050473186,62.05746172048262,-0.007990867579908745,0.31847133757961776,0.09758041827474476,0.5
WINNERS_10D,CONSENSUS,10,Reversal: 50D Support + Bull Engulf + Reversal: 50D Support + RSI + Higher Low + Reversal: 50D Support + Volume + Reversal: 50D Support + RSI,4,1,9969,0.5634466847226401,0.020855216061891713,0.00457095782161665,1.506542217699682,-0.9990229231019346,13.976958525345621,0.00140942902881286,68.39307092492882
WINNERS_10D,CONSENSUS,10,Reversal: 50D Support + Bull Engulf + Reversal: 50D Support + RSI + Higher Low + Reversal: 50D Support + Volume + Reversal: 50D Support + RSI,4,2,1424,0.5617977528089888,0.02986617958925923,0.008842894824331982,1.585260107844992,-0.999015561015561,9.459081836327346,0.0034295181262119384,72.83726851440608
WINNERS_10D,CONSENSUS,10,Reversal: 50D Support + Bull Engulf + Reversal: 50D Support + RSI + Higher Low + Reversal: 50D Support + Volume + Reversal: 50D Support + RSI,4,3,98,0.6020408163265306,0.022318864060705948,0.017482297022019644,1.5857742059680426,-0.5947777777777778,0.6442307692307692,0.015907401120808386,9.314142813497861
WINNERS_10D,AND,10,Reversal: 50D Support + Bull Engulf + Reversal: 50D Support + Hammer + Reversal: Bottom Reclaim + Support + Reversal: 50D Support + Volume,4,4,1,0.0,-0.01862329090051862,-0.01862329090051862,0.0,-0.01862329090051862,-0.01862329090051862,-0.01862329090051862,0.0
WINNERS_10D,CONSENSUS,10,Reversal: 50D Support + Bull Engulf + Reversal: 50D Support + Hammer + Reversal: Bottom Reclaim + Support + Reversal: 50D Support + Volume,4,1,12047,0.5654519797459948,0.016525540890462712,0.003955696202531556,1.4736653027636226,-0.999015561015561,13.976958525345621,0.002695296110461814,65.31687012893393
WINNERS_10D,CONSENSUS,10,Reversal: 50D Support + Bull Engulf + Reversal: 50D Support + Hammer + Reversal: Bottom Reclaim + Support + Reversal: 50D Support + Volume,4,2,1679,0.5658129839189994,0.017229212415853238,0.005134387351778624,1.4215843198578937,-0.999015561015561,5.148387096774193,0.003844550658920084,66.95865190800872
WINNERS_10D,CONSENSUS,10,Reversal: 50D Support + Bull Engulf + Reversal: 50D Support + Hammer + Reversal: Bottom Reclaim + Support + Reversal: 50D Support + Volume,4,3,97,0.5257731958762887,0.010646995266623613,0.0033276192396893833,1.2632925805183828,-0.6267018006148442,0.4204325371207229,0.0063783958723100794,5.006194145431838
WINNERS_10D,CONSENSUS,10,Reversal: 50D Support + Bull Engulf + Reversal: 50D Support + Hammer + Reversal: Bottom Reclaim + Support + Reversal: 50D Support + RSI,4,1,10479,0.5476667620956198,0.02197768151366855,0.004522613065326642,1.504927471537474,-0.9990229231019346,13.976958525345621,0.0019973061506502253,66.16773309458596
WINNERS_10D,CONSENSUS,10,Reversal: 50D Support + Bull Engulf + Reversal: 50D Support + Hammer + Reversal: Bottom Reclaim + Support + Reversal: 50D Support + RSI,4,2,1984,0.5549395161290323,0.04562807723001614,0.010527185458344857,1.8027151861440462,-0.999015561015561,13.976958525345621,0.008507131740027972,76.76565725361831
WINNERS_10D,CONSENSUS,10,Reversal: 50D Support + Bull Engulf + Reversal: 50D Support + Hammer + Reversal: Bottom Reclaim + Support + Reversal: 50D Support + RSI,4,3,100,0.52,-0.004871951662283614,0.007664562966375743,0.927597813753602,-0.6112484548825712,0.6796875,-0.011786693598266281,3.2875052454008507
WINNERS_10D,CONSENSUS,10,Reversal: 50D Support + Bull Engulf + Reversal: 50D Support + Hammer + Reversal: 50D Support + Volume + Reversal: 50D Support + RSI,4,1,11503,0.5623750326001913,0.019721293385524107,0.003780718336483746,1.5087506771497619,-0.9990229231019346,13.976958525345621,0.001543081776444731,67.44331557025234
WINNERS_10D,CONSENSUS,10,Reversal: 50D Support + Bull Engulf + Reversal: 50D Support + Hammer + Reversal: 50D Support + Volume + Reversal: 50D Support + RSI,4,2,1439,0.5573314801945796,0.017929512010561442,0.00499791753436063,1.344068565167516,-0.999015561015561,6.290448343079922,-0.002483967349763856,61.967672946553776
WINNERS_10D,CONSENSUS,10,Reversal: 50D Support + Bull Engulf + Reversal: 50D Support + Hammer + Reversal: 50D Support + Volume + Reversal: 50D Support + RSI,4,3,59,0.576271186440678,0.11111147270890638,0.010590015128592922,3.977450203909447,-0.3287292817679558,5.148387096774193,0.024261892983642838,5.250274836106904
WINNERS_10D,AND,10,Reversal: 50D Support + Bull Engulf + Reversal: Bottom Reclaim + Support + Reversal: 50D Support + Volume + Reversal: 50D Support + RSI,4,4,4,0.5,0.07424942447681965,0.0010172488799244372,7.592495594716353,-0.023508137432188048,0.31847133757961776,0.07424942447681965,0.27638507997310663
WINNERS_10D,CONSENSUS,10,Reversal: 50D Support + Bull Engulf + Reversal: Bottom Reclaim + Support + Reversal: 50D Support + Volume + Reversal: 50D Support + RSI,4,1,12921,0.557541985914403,0.019491101919203453,0.004807692307692291,1.4767672213594254,-0.9990229231019346,13.976958525345621,0.0019217043520535061,67.07460075573705
WINNERS_10D,CONSENSUS,10,Reversal: 50D Support + Bull Engulf + Reversal: Bottom Reclaim + Support + Reversal: 50D Support + Volume + Reversal: 50D Support + RSI,4,2,2680,0.557089552238806,0.028618775696368736,0.00909090909090915,1.5298042937963794,-0.999015561015561,13.976958525345621,0.00039392269448881097,69.96188254551613
WINNERS_10D,CONSENSUS,10,Reversal: 50D Support + Bull Engulf + Reversal: Bottom Reclaim + Support + Reversal: 50D Support + Volume + Reversal: 50D Support + RSI,4,3,368,0.5760869565217391,0.023803079541293615,0.016825961910594045,1.382169087635668,-0.999015561015561,1.8734030197444835,0.010146832682578618,31.01512837854775
WINNERS_10D,CONSENSUS,10,Reversal: 50D Support + Higher Low + Secondary: Breakdown + 50D Support + Reversal: 50D Support + RSI + Higher Low + Reversal: 50D Support + Hammer,4,1,14608,0.5768072289156626,0.014910458249618742,0.0032535319869037016,1.6661436659335662,-0.98789313904068,9.459081836327346,0.005860319975306205,67.88038537388661
WINNERS_10D,CONSENSUS,10,Reversal: 50D Support + Higher Low + Secondary: Breakdown + 50D Support + Reversal: 50D Support + RSI + Higher Low + Reversal: 50D Support + Hammer,4,2,1283,0.573655494933749,0.03239420633446263,0.0028712059064808226,2.3423591300593634,-0.7861538461538462,9.459081836327346,0.011960692326395735,76.73317283028226
WINNERS_10D,CONSENSUS,10,Reversal: 50D Support + Higher Low + Secondary: Breakdown + 50D Support + Reversal: 50D Support + RSI + Higher Low + Reversal: 50D Support + Hammer,4,3,14,0.7142857142857143,0.07149043307650582,0.04064607182060531,9.006597591639991,-0.07593023255813969,0.3784461152882206,0.07149043307650582,1.4000000000000001
WINNERS_10D,CONSENSUS,10,Reversal: 50D Support + Higher Low + Secondary: Breakdown + 50D Support + Reversal: 50D Support + RSI + Higher Low + Reversal: Bottom Reclaim + Support,4,1,16514,0.5691534455613418,0.015108905776900354,0.0035846048139176467,1.556464419704252,-0.999015561015561,13.976958525345621,0.004657001775031159,66.14901831216893
WINNERS_10D,CONSENSUS,10,Reversal: 50D Support + Higher Low + Secondary: Breakdown + 50D Support + Reversal: 50D Support + RSI + Higher Low + Reversal: Bottom Reclaim + Support,4,2,2051,0.5841053144807411,0.031504505884945806,0.010594467333725932,1.9544531408062062,-0.98789313904068,9.459081836327346,0.012715713896517341,84.83352166947265
WINNERS_10D,CONSENSUS,10,Reversal: 50D Support + Higher Low + Secondary: Breakdown + 50D Support + Reversal: 50D Support + RSI + Higher Low + Reversal: Bottom Reclaim + Support,4,3,312,0.5801282051282052,0.0789730467229267,0.010613059172417283,2.6587523312393064,-0.696236559139785,9.459081836327346,0.01759762277175876,27.407966241603862
WINNERS_10D,CONSENSUS,10,Reversal: 50D Support + Higher Low + Secondary: Breakdown + 50D Support + Reversal: 50D Support + RSI + Higher Low + Reversal: 50D Support + Volume,4,1,16882,0.580736879516645,0.013564328415478506,0.0036366435796946206,1.5565521271509575,-0.999015561015561,9.459081836327346,0.005097680990355647,66.90455176245703
WINNERS_10D,CONSENSUS,10,Reversal: 50D Support + Higher Low + Secondary: Breakdown + 50D Support + Reversal: 50D Support + RSI + Higher Low + Reversal: 50D Support + Volume,4,2,2358,0.5687022900763359,0.019708001466254243,0.0029254363193418342,1.7255743242714998,-0.7861538461538462,9.459081836327346,0.005746283605446203,70.99550642256793
WINNERS_10D,CONSENSUS,10,Reversal: 50D Support + Higher Low + Secondary: Breakdown + 50D Support + Reversal: 50D Support + RSI + Higher Low + Reversal: 50D Support + Volume,4,3,75,0.6133333333333333,0.028886536354993837,0.018494055482166427,1.7436020493261757,-0.5947777777777778,0.6442307692307692,0.02057107374856445,7.415290620871861
WINNERS_10D,CONSENSUS,10,Reversal: 50D Support + Higher Low + Secondary: Breakdown + 50D Support + Reversal: 50D Support + RSI + Higher Low + Reversal: 50D Support + RSI,4,1,16688,0.5686720997123682,0.017757668037178754,0.003574047079464737,1.5816136931307652,-0.9990229231019346,13.976958525345621,0.003239659253371483,67.64663107220062
WINNERS_10D,CONSENSUS,10,Reversal: 50D Support + Higher Low + Secondary: Breakdown + 50D Support + Reversal: 50D Support + RSI + Higher Low + Reversal: 50D Support + RSI,4,2,770,0.5623376623376624,0.05129036565874316,0.0101943399605946,2.383031412051311,-0.7861538461538462,9.459081836327346,0.01823656939658637,65.48551682043866
WINNERS_10D,CONSENSUS,10,Reversal: 50D Support + Higher Low + Secondary: Breakdown + 50D Support + Reversal: 50D Support + RSI + Higher Low + Reversal: 50D Support + RSI,4,3,596,0.5822147651006712,0.0555625249475863,0.014692597996069257,2.433745792328856,-0.7861538461538462,9.459081836327346,0.021166662111616847,55.460924637576284
WINNERS_10D,CONSENSUS,10,Reversal: 50D Support + Higher Low + Secondary: Breakdown + 50D Support + Reversal: 50D Support + Hammer + Reversal: Bottom Reclaim + Support,4,1,17688,0.5687471732247852,0.01575009985883346,0.003561267474930019,1.5725665726749711,-0.999015561015561,13.976958525345621,0.00463059562350415,66.68519272012328
WINNERS_10D,CONSENSUS,10,Reversal: 50D Support + Higher Low + Secondary: Breakdown + 50D Support + Reversal: 50D Support + Hammer + Reversal: Bottom Reclaim + Support,4,2,2664,0.5720720720720721,0.024597757344288863,0.004034137934241122,1.8195085968562146,-0.98789313904068,9.459081836327346,0.007794085252617592,74.21651273548939
WINNERS_10D,CONSENSUS,10,Reversal: 50D Support + Higher Low + Secondary: Breakdown + 50D Support + Reversal: 50D Support + Hammer + Reversal: Bottom Reclaim + Support,4,3,30,0.6333333333333333,0.02491844467860833,0.006712114697180693,2.1375560994790637,-0.20540540540540542,0.2554572271386433,0.016968831490331265,2.6328212892190193
WINNERS_10D,CONSENSUS,10,Reversal: 50D Support + Higher Low + Secondary: Breakdown + 50D Support + Reversal: 50D Support + Hammer + Reversal: 50D Support + Volume,4,1,17997,0.5785964327387898,0.014003605752301966,0.0035842293906809264,1.5558385232664496,-0.999015561015561,9.459081836327346,0.004827885107485693,66.74543041572522
WINNERS_10D,CONSENSUS,10,Reversal: 50D Support + Higher Low + Secondary: Breakdown + 50D Support + Reversal: 50D Support + Hammer + Reversal: 50D Support + Volume,4,2,2719,0.5656491357116586,0.010669451326583639,0.002077274615704283,1.4863985634529548,-0.7057826086956522,5.148387096774193,0.0028064073724506965,58.38037816052557
WINNERS_10D,CONSENSUS,10,Reversal: 50D Support + Higher Low + Secondary: Breakdown + 50D Support + Reversal: 50D Support + Hammer + Reversal: 50D Support + Volume,4,3,104,0.625,0.02594002090655281,0.00226905368338548,2.6864978583069434,-0.26572815533980587,1.0538116591928253,0.01596068461251133,8.701919587079951
WINNERS_10D,CONSENSUS,10,Reversal: 50D Support + Higher Low + Secondary: Breakdown + 50D Support + Reversal: 50D Support + Hammer + Reversal: 50D Support + RSI,4,1,17899,0.567908821721884,0.017365908923367514,0.0035269221725839905,1.5686840176483634,-0.9990229231019346,13.976958525345621,0.003186231356211432,67.05224435694474
WINNERS_10D,CONSENSUS,10,Reversal: 50D Support + Higher Low + Secondary: Breakdown + 50D Support + Reversal: 50D Support + Hammer + Reversal: 50D Support + RSI,4,2,1639,0.5613178767541184,0.03884846493244643,0.00291545189504383,2.2672605912182133,-0.7945071113290829,9.459081836327346,0.010822169647601328,73.85619561600359
WINNERS_10D,CONSENSUS,10,Reversal: 50D Support + Higher Low + Secondary: Breakdown + 50D Support + Reversal: 50D Support + Hammer + Reversal: 50D Support + RSI,4,3,21,0.47619047619047616,0.025891230860887526,-0.006960556844547439,1.9339703206291499,-0.23333333333333328,0.3784461152882206,0.008263486639520872,1.1668165812391205
WINNERS_10D,CONSENSUS,10,Reversal: 50D Support + Higher Low + Secondary: Breakdown + 50D Support + Reversal: Bottom Reclaim + Support + Reversal: 50D Support + Volume,4,1,19587,0.5727268085975392,0.014401751735166508,0.003754940711462318,1.5135513070217637,-0.999015561015561,13.976958525345621,0.004171544000858514,65.801083368997
WINNERS_10D,CONSENSUS,10,Reversal: 50D Support + Higher Low + Secondary: Breakdown + 50D Support + Reversal: Bottom Reclaim + Support + Reversal: 50D Support + Volume,4,2,3975,0.569559748427673,0.019175276222066107,0.004696673189823919,1.5782786550483392,-0.999015561015561,9.459081836327346,0.00466721098283975,71.12481408950936
WINNERS_10D,CONSENSUS,10,Reversal: 50D Support + Higher Low + Secondary: Breakdown + 50D Support + Reversal: Bottom Reclaim + Support + Reversal: 50D Support + Volume,4,3,230,0.6086956521739131,0.016570669924842865,0.012131002712057026,1.5925648374675754,-0.5947777777777778,0.49286987522281667,0.012501885357778816,19.560427274760542
WINNERS_10D,CONSENSUS,10,Reversal: 50D Support + Higher Low + Secondary: Breakdown + 50D Support + Reversal: Bottom Reclaim + Support + Reversal: 50D Support + RSI,4,1,18869,0.5621389580793895,0.016833021726580546,0.0035799522673030104,1.5224340990176093,-0.9990229231019346,13.976958525345621,0.0028925200638355206,65.37720232149937
WINNERS_10D,CONSENSUS,10,Reversal: 50D Support + Higher Low + Secondary: Breakdown + 50D Support + Reversal: Bottom Reclaim + Support + Reversal: 50D Support + RSI,4,2,3350,0.571044776119403,0.033186886985672855,0.011161015800889351,1.7539308569057572,-0.999015561015561,13.976958525345621,0.007835167900057956,79.42126712894431
WINNERS_10D,CONSENSUS,10,Reversal: 50D Support + Higher Low + Secondary: Breakdown + 50D Support + Reversal: Bottom Reclaim + Support + Reversal: 50D Support + RSI,4,3,312,0.5801282051282052,0.0789730467229267,0.010613059172417283,2.6587523312393064,-0.696236559139785,9.459081836327346,0.01759762277175876,27.407966241603862
WINNERS_10D,CONSENSUS,10,Reversal: 50D Support + Higher Low + Secondary: Breakdown + 50D Support + Reversal: 50D Support + Volume + Reversal: 50D Support + RSI,4,1,19779,0.5722736235401183,0.016664931515493732,0.003724394785847185,1.5477781756985167,-0.9990229231019346,13.976958525345621,0.00333759291940763,67.34035955112122
WINNERS_10D,CONSENSUS,10,Reversal: 50D Support + Higher Low + Secondary: Breakdown + 50D Support + Reversal: 50D Support + Volume + Reversal: 50D Support + RSI,4,2,3044,0.5630749014454665,0.019651998800636738,0.0037688501692668686,1.538425794744654,-0.999015561015561,9.459081836327346,0.0019119671477219385,67.75842869595608
WINNERS_10D,CONSENSUS,10,Reversal: 50D Support + Higher Low + Secondary: Breakdown + 50D Support + Reversal: 50D Support + Volume + Reversal: 50D Support + RSI,4,3,146,0.5547945205479452,0.019648849254573258,0.009976105137395441,1.5827363232509712,-0.5947777777777778,0.6442307692307692,0.015341387737496047,11.840997460968312
WINNERS_10D,AND,10,Reversal: 50D Support + Higher Low + Reversal: 50D Support + RSI + Higher Low + Reversal: 50D Support + Hammer + Reversal: Bottom Reclaim + Support,4,4,5,0.8,0.0961700651627821,0.08909194745859494,7.332791427258226,-0.07593023255813969,0.2085997794928336,0.0961700651627821,0.5
WINNERS_10D,CONSENSUS,10,Reversal: 50D Support + Higher Low + Reversal: 50D Support + RSI + Higher Low + Reversal: 50D Support + Hammer + Reversal: Bottom Reclaim + Support,4,1,15723,0.5717738345099536,0.015309581638612839,0.003377036154151636,1.580910672336454,-0.999015561015561,13.976958525345621,0.0041823701957262064,66.27477548601348
WINNERS_10D,CONSENSUS,10,Reversal: 50D Support + Higher Low + Reversal: 50D Support + RSI + Higher Low + Reversal: 50D Support + Hammer + Reversal: Bottom Reclaim + Support,4,2,2884,0.573509015256588,0.024279505064122277,0.004757190004714751,1.8105393120846658,-0.98789313904068,9.459081836327346,0.008887362331305713,75.81825012811335
WINNERS_10D,CONSENSUS,10,Reversal: 50D Support + Higher Low + Reversal: 50D Support + RSI + Higher Low + Reversal: 50D Support + Hammer + Reversal: Bottom Reclaim + Support,4,3,346,0.5838150289017341,0.07348644314842381,0.009133472367048978,2.642039188056146,-0.696236559139785,9.459081836327346,0.01814689267718648,30.365921395645763
WINNERS_10D,AND,10,Reversal: 50D Support + Higher Low + Reversal: 50D Support + RSI + Higher Low + Reversal: 50D Support + Hammer + Reversal: 50D Support + Volume,4,4,3,0.6666666666666666,0.018865187383206083,0.0003292723081989024,4.89094489778626,-0.014545454545454528,0.07081174438687388,0.018865187383206083,0.24978309645527944
WINNERS_10D,CONSENSUS,10,Reversal: 50D Support + Higher Low + Reversal: 50D Support + RSI + Higher Low + Reversal: 50D Support + Hammer + Reversal: 50D Support + Volume,4,1,16591,0.5804351756976674,0.013053074764161787,0.0034109149277687933,1.53508699196157,-0.999015561015561,9.459081836327346,0.00411644578002438,65.4377912446179
WINNERS_10D,CONSENSUS,10,Reversal: 50D Support + Higher Low + Reversal: 50D Support + RSI + Higher Low + Reversal: 50D Support + Hammer + Reversal: 50D Support + Volume,4,2,2641,0.5793260128739114,0.0207327612839377,0.0026345502446367686,1.9846462377844027,-0.7861538461538462,9.459081836327346,0.007113272570388779,73.86520259025438
WINNERS_10D,CONSENSUS,10,Reversal: 50D Support + Higher Low + Reversal: 50D Support + RSI + Higher Low + Reversal: 50D Support + Hammer + Reversal: 50D Support + Volume,4,3,161,0.6273291925465838,0.025674352084598704,0.0037735849056603765,2.199174094114235,-0.5947777777777778,0.6442307692307692,0.02180837447743513,14.140660377358493
WINNERS_10D,AND,10,Reversal: 50D Support + Higher Low + Reversal: 50D Support + RSI + Higher Low + Reversal: 50D Support + Hammer + Reversal: 50D Support + RSI,4,4,14,0.7142857142857143,0.07149043307650582,0.04064607182060531,9.006597591639991,-0.07593023255813969,0.3784461152882206,0.07149043307650582,1.4000000000000001
WINNERS_10D,CONSENSUS,10,Reversal: 50D Support + Higher Low + Reversal: 50D Support + RSI + Higher Low + Reversal: 50D Support + Hammer + Reversal: 50D Support + RSI,4,1,16101,0.5702130302465686,0.017377346532742175,0.003319502074688785,1.5836370225064267,-0.9990229231019346,13.976958525345621,0.0026315845581990622,66.87616654850282
WINNERS_10D,CONSENSUS,10,Reversal: 50D Support + Higher Low + Reversal: 50D Support + RSI + Higher Low + Reversal: 50D Support + Hammer + Reversal: 50D Support + RSI,4,2,1424,0.5646067415730337,0.03716153468512359,0.0028271423938908136,2.2044605263210966,-0.7945071113290829,9.459081836327346,0.009439419290702801,73.30104485895083
WINNERS_10D,CONSENSUS,10,Reversal: 50D Support + Higher Low + Reversal: 50D Support + RSI + Higher Low + Reversal: 50D Support + Hammer + Reversal: 50D Support + RSI,4,3,596,0.5822147651006712,0.0555625249475863,0.014692597996069257,2.433745792328856,-0.7861538461538462,9.459081836327346,0.021166662111616847,55.460924637576284
WINNERS_10D,AND,10,Reversal: 50D Support + Higher Low + Reversal: 50D Support + RSI + Higher Low + Reversal: Bottom Reclaim + Support + Reversal: 50D Support + Volume,4,4,47,0.6382978723404256,0.028702464897745687,0.024957458876914362,1.5754867497881835,-0.5947777777777778,0.49286987522281667,0.018611869021113708,4.651068382994258
WINNERS_10D,CONSENSUS,10,Reversal: 50D Support + Higher Low + Reversal: 50D Support + RSI + Higher Low + Reversal: Bottom Reclaim + Support + Reversal: 50D Support + Volume,4,1,18152,0.5740965182899956,0.013485243888529397,0.0036026929740029523,1.4895683089883391,-0.999015561015561,13.976958525345621,0.003431667368413137,64.26990567681304
WINNERS_10D,CONSENSUS,10,Reversal: 50D Support + Higher Low + Reversal: 50D Support + RSI + Higher Low + Reversal: Bottom Reclaim + Support + Reversal: 50D Support + Volume,4,2,3646,0.5789906747120132,0.02189952862212473,0.00519821883949001,1.6954286204331253,-0.999015561015561,9.459081836327346,0.007301309938897096,75.87309236912586
WINNERS_10D,CONSENSUS,10,Reversal: 50D Support + Higher Low + Reversal: 50D Support + RSI + Higher Low + Reversal: Bottom Reclaim + Support + Reversal: 50D Support + Volume,4,3,523,0.5869980879541109,0.05338298888432778,0.010388679921189192,2.430927641340504,-0.696236559139785,9.459081836327346,0.0143607157032234,45.184617100342514
WINNERS_10D,AND,10,Reversal: 50D Support + Higher Low + Reversal: 50D Support + RSI + Higher Low + Reversal: Bottom Reclaim + Support + Reversal: 50D Support + RSI,4,4,312,0.5801282051282052,0.0789730467229267,0.010613059172417283,2.6587523312393064,-0.696236559139785,9.459081836327346,0.01759762277175876,27.407966241603862
WINNERS_10D,CONSENSUS,10,Reversal: 50D Support + Higher Low + Reversal: 50D Support + RSI + Higher Low + Reversal: Bottom Reclaim + Support + Reversal: 50D Support + RSI,4,1,17023,0.5635316924161429,0.016604793393289935,0.0033783783783782884,1.5239634018683084,-0.9990229231019346,13.976958525345621,0.0022631161578533965,64.7578630314875
WINNERS_10D,CONSENSUS,10,Reversal: 50D Support + Higher Low + Reversal: 50D Support + RSI + Higher Low + Reversal: Bottom Reclaim + Support + Reversal: 50D Support + RSI,4,2,3176,0.5752518891687658,0.03299677415413516,0.011886257246214504,1.7379961925889948,-0.999015561015561,13.976958525345621,0.007816930614582641,80.65270575705881
WINNERS_10D,CONSENSUS,10,Reversal: 50D Support + Higher Low + Reversal: 50D Support + RSI + Higher Low + Reversal: Bottom Reclaim + Support + Reversal: 50D Support + RSI,4,3,596,0.5822147651006712,0.0555625249475863,0.014692597996069257,2.433745792328856,-0.7861538461538462,9.459081836327346,0.021166662111616847,55.460924637576284
WINNERS_10D,AND,10,Reversal: 50D Support + Higher Low + Reversal: 50D Support + RSI + Higher Low + Reversal: 50D Support + Volume + Reversal: 50D Support + RSI,4,4,75,0.6133333333333333,0.028886536354993837,0.018494055482166427,1.7436020493261757,-0.5947777777777778,0.6442307692307692,0.02057107374856445,7.415290620871861
WINNERS_10D,CONSENSUS,10,Reversal: 50D Support + Higher Low + Reversal: 50D Support + RSI + Higher Low + Reversal: 50D Support + Volume + Reversal: 50D Support + RSI,4,1,18447,0.5731555266438987,0.016153780625400193,0.0035885167464115852,1.5360529258592497,-0.9990229231019346,13.976958525345621,0.002570468256489867,66.29894048489274
WINNERS_10D,CONSENSUS,10,Reversal: 50D Support + Higher Low + Reversal: 50D Support + RSI + Higher Low + Reversal: 50D Support + Volume + Reversal: 50D Support + RSI,4,2,2427,0.5747836835599506,0.020936386340556213,0.0037735849056603765,1.5978191753671265,-0.999015561015561,9.459081836327346,0.002862491171542669,70.77433765122737
WINNERS_10D,CONSENSUS,10,Reversal: 50D Support + Higher Low + Reversal: 50D Support + RSI + Higher Low + Reversal: 50D Support + Volume + Reversal: 50D Support + RSI,4,3,596,0.5822147651006712,0.0555625249475863,0.014692597996069257,2.433745792328856,-0.7861538461538462,9.459081836327346,0.021166662111616847,55.460924637576284
WINNERS_10D,AND,10,Reversal: 50D Support + Higher Low + Reversal: 50D Support + Hammer + Reversal: Bottom Reclaim + Support + Reversal: 50D Support + Volume,4,4,5,1.0,0.03968707830214813,0.027448150523839976,,0.0008007968127490273,0.09134615384615374,0.03968707830214813,0.5
WINNERS_10D,CONSENSUS,10,Reversal: 50D Support + Higher Low + Reversal: 50D Support + Hammer + Reversal: Bottom Reclaim + Support + Reversal: 50D Support + Volume,4,1,19125,0.5729673202614379,0.01405554287510764,0.0035629453681709222,1.50496643059689,-0.999015561015561,13.976958525345621,0.0034606873039137527,64.81782075607747
WINNERS_10D,CONSENSUS,10,Reversal: 50D Support + Higher Low + Reversal: 50D Support + Hammer + Reversal: Bottom Reclaim + Support + Reversal: 50D Support + Volume,4,2,4360,0.575,0.019702508400844355,0.0037431216263604794,1.660261270268897,-0.999015561015561,9.459081836327346,0.005116383387613679,72.1804704946583
WINNERS_10D,CONSENSUS,10,Reversal: 50D Support + Higher Low + Reversal: 50D Support + Hammer + Reversal: Bottom Reclaim + Support + Reversal: 50D Support + Volume,4,3,383,0.5848563968668408,0.013275355125861137,0.0037735849056603765,1.485560432211556,-0.6267018006148442,0.49286987522281667,0.009693781031748762,27.044122637676026
WINNERS_10D,AND,10,Reversal: 50D Support + Higher Low + Reversal: 50D Support + Hammer + Reversal: Bottom Reclaim + Support + Reversal: 50D Support + RSI,4,4,5,0.8,0.0961700651627821,0.08909194745859494,7.332791427258226,-0.07593023255813969,0.2085997794928336,0.0961700651627821,0.5
WINNERS_10D,CONSENSUS,10,Reversal: 50D Support + Higher Low + Reversal: 50D Support + Hammer + Reversal: Bottom Reclaim + Support + Reversal: 50D Support + RSI,4,1,18127,0.5638550228940254,0.016496172159910314,0.0033592088874350168,1.5241652481281007,-0.9990229231019346,13.976958525345621,0.0024105582603174487,64.7993346697289
WINNERS_10D,CONSENSUS,10,Reversal: 50D Support + Higher Low + Reversal: 50D Support + Hammer + Reversal: Bottom Reclaim + Support + Reversal: 50D Support + RSI,4,2,4063,0.5687915333497415,0.03144056155238347,0.006007208650380624,1.7797636895291638,-0.999015561015561,13.976958525345621,0.0067708669644902676,74.38214560277676
WINNERS_10D,CONSENSUS,10,Reversal: 50D Support + Higher Low + Reversal: 50D Support + Hammer + Reversal: Bottom Reclaim + Support + Reversal: 50D Support + RSI,4,3,417,0.5683453237410072,0.057712197839954134,0.00828729281767937,2.1304434054890753,-0.696236559139785,9.459081836327346,0.010131655830947224,32.75052618985796
WINNERS_10D,AND,10,Reversal: 50D Support + Higher Low + Reversal: 50D Support + Hammer + Reversal: 50D Support + Volume + Reversal: 50D Support + RSI,4,4,3,0.6666666666666666,0.018865187383206083,0.0003292723081989024,4.89094489778626,-0.014545454545454528,0.07081174438687388,0.018865187383206083,0.24978309645527944
WINNERS_10D,CONSENSUS,10,Reversal: 50D Support + Higher Low + Reversal: 50D Support + Hammer + Reversal: 50D Support + Volume + Reversal: 50D Support + RSI,4,1,19436,0.5721856349043013,0.016162955175021174,0.0035461696491361216,1.5363443151654355,-0.9990229231019346,13.976958525345621,0.00266387998668418,66.18476488593662
WINNERS_10D,CONSENSUS,10,Reversal: 50D Support + Higher Low + Reversal: 50D Support + Hammer + Reversal: 50D Support + Volume + Reversal: 50D Support + RSI,4,2,3409,0.5687885010266941,0.019287361537996647,0.002868068833651982,1.5871720377320429,-0.999015561015561,9.459081836327346,0.0018827285263242099,67.64854306242782
WINNERS_10D,CONSENSUS,10,Reversal: 50D Support + Higher Low + Reversal: 50D Support + Hammer + Reversal: 50D Support + Volume + Reversal: 50D Support + RSI,4,3,202,0.6138613861386139,0.050656887005258375,0.004415138497182336,2.8814026996959017,-0.5947777777777778,5.148387096774193,0.022200366545286142,17.838893482323126
WINNERS_10D,AND,10,Reversal: 50D Support + Higher Low + Reversal: Bottom Reclaim + Support + Reversal: 50D Support + Volume + Reversal: 50D Support + RSI,4,4,47,0.6382978723404256,0.028702464897745687,0.024957458876914362,1.5754867497881835,-0.5947777777777778,0.49286987522281667,0.018611869021113708,4.651068382994258
WINNERS_10D,CONSENSUS,10,Reversal: 50D Support + Higher Low + Reversal: Bottom Reclaim + Support + Reversal: 50D Support + Volume + Reversal: 50D Support + RSI,4,1,20293,0.5671906568767555,0.015647324259348314,0.003584980237154145,1.4974964563968427,-0.9990229231019346,13.976958525345621,0.002432516749494524,64.65049741874145
WINNERS_10D,CONSENSUS,10,Reversal: 50D Support + Higher Low + Reversal: Bottom Reclaim + Support + Reversal: 50D Support + Volume + Reversal: 50D Support + RSI,4,2,4893,0.5708154506437768,0.023532100920066225,0.006164383561643838,1.584259850569356,-0.999015561015561,13.976958525345621,0.0032856310991539075,72.22341943622777
WINNERS_10D,CONSENSUS,10,Reversal: 50D Support + Higher Low + Reversal: Bottom Reclaim + Support + Reversal: 50D Support + Volume + Reversal: 50D Support + RSI,4,3,789,0.5817490494296578,0.04378904613639117,0.013168724279835509,1.901108053808097,-0.999015561015561,9.459081836327346,0.011571644823288296,67.47011341677351
WINNERS_10D,CONSENSUS,10,Secondary: Breakdown + 50D Support + Reversal: 50D Support + RSI + Higher Low + Reversal: 50D Support + Hammer + Reversal: Bottom Reclaim + Support,4,1,9158,0.5513212491810439,0.021971433371282243,0.004953590759022797,1.5618851512074008,-0.999015561015561,13.976958525345621,0.005305317774699659,69.58105626379916
WINNERS_10D,CONSENSUS,10,Secondary: Breakdown + 50D Support + Reversal: 50D Support + RSI + Higher Low + Reversal: 50D Support + Hammer + Reversal: Bottom Reclaim + Support,4,2,627,0.5486443381180224,0.047172000875383924,0.005847953216374213,1.9722521390044097,-0.696236559139785,9.459081836327346,0.010244603658538805,46.09085820376119
WINNERS_10D,CONSENSUS,10,Secondary: Breakdown + 50D Support + Reversal: 50D Support + RSI + Higher Low + Reversal: 50D Support + Hammer + Reversal: Bottom Reclaim + Support,4,3,5,0.8,0.0961700651627821,0.08909194745859494,7.332791427258226,-0.07593023255813969,0.2085997794928336,0.0961700651627821,0.5
WINNERS_10D,CONSENSUS,10,Secondary: Breakdown + 50D Support + Reversal: 50D Support + RSI + Higher Low + Reversal: 50D Support + Hammer + Reversal: 50D Support + Volume,4,1,9139,0.5700842542947806,0.01660081963431281,0.0037903659046141236,1.5111737542000705,-0.999015561015561,9.459081836327346,0.004272967971089364,67.66236242355386
WINNERS_10D,CONSENSUS,10,Secondary: Breakdown + 50D Support + Reversal: 50D Support + RSI + Higher Low + Reversal: 50D Support + Hammer + Reversal: 50D Support + Volume,4,2,1060,0.5490566037735849,0.015801308190133364,0.003812567562701652,1.4395641043219887,-0.7057826086956522,5.148387096774193,0.0024498013193898433,61.00025388599928
WINNERS_10D,CONSENSUS,10,Secondary: Breakdown + 50D Support + Reversal: 50D Support + RSI + Higher Low + Reversal: 50D Support + Hammer + Reversal: 50D Support + Volume,4,3,29,0.6206896551724138,0.0577569729726587,0.005384922217790189,2.42358123615884,-0.26572815533980587,1.0538116591928253,0.022183591321938475,2.582122058236937
WINNERS_10D,CONSENSUS,10,Secondary: Breakdown + 50D Support + Reversal: 50D Support + RSI + Higher Low + Reversal: 50D Support + Hammer + Reversal: 50D Support + RSI,4,1,7939,0.5438972162740899,0.025472383252776617,0.004165840111089114,1.5405542295127228,-0.9990229231019346,13.976958525345621,0.0023411789449202364,65.52980033768867
WINNERS_10D,CONSENSUS,10,Secondary: Breakdown + 50D Support + Reversal: 50D Support + RSI + Higher Low + Reversal: 50D Support + Hammer + Reversal: 50D Support + RSI,4,2,1007,0.5571002979145978,0.058280162542337255,0.009842519685039353,2.3294583518085523,-0.7945071113290829,9.459081836327346,0.017203748754853247,83.13475098235243
WINNERS_10D,CONSENSUS,10,Secondary: Breakdown + 50D Support + Reversal: 50D Support + RSI + Higher Low + Reversal: 50D Support + Hammer + Reversal: 50D Support + RSI,4,3,21,0.47619047619047616,0.025891230860887526,-0.006960556844547439,1.9339703206291499,-0.23333333333333328,0.3784461152882206,0.008263486639520872,1.1668165812391205
WINNERS_10D,CONSENSUS,10,Secondary: Breakdown + 50D Support + Reversal: 50D Support + RSI + Higher Low + Reversal: Bottom Reclaim + Support + Reversal: 50D Support + Volume,4,1,11444,0.5630898287312128,0.01807546725211321,0.005244479449309503,1.4838597192173568,-0.999015561015561,13.976958525345621,0.004100577248050186,68.66355988395773
WINNERS_10D,CONSENSUS,10,Secondary: Breakdown + 50D Support + Reversal: 50D Support + RSI + Higher Low + Reversal: Bottom Reclaim + Support + Reversal: 50D Support + Volume,4,2,1709,0.5511995318899942,0.023594945406113375,0.007348438456828088,1.5098046221339394,-0.999015561015561,9.459081836327346,0.002656403305134495,69.37021996980431
WINNERS_10D,CONSENSUS,10,Secondary: Breakdown + 50D Support + Reversal: 50D Support + RSI + Higher Low + Reversal: Bottom Reclaim + Support + Reversal: 50D Support + Volume,4,3,47,0.6382978723404256,0.028702464897745687,0.024957458876914362,1.5754867497881835,-0.5947777777777778,0.49286987522281667,0.018611869021113708,4.651068382994258
WINNERS_10D,CONSENSUS,10,Secondary: Breakdown + 50D Support + Reversal: 50D Support + RSI + Higher Low + Reversal: Bottom Reclaim + Support + Reversal: 50D Support + RSI,4,1,9732,0.5396629675297986,0.024201716002918535,0.007503158895575068,1.4969075332055894,-0.9990229231019346,13.976958525345621,0.0028651639085722387,67.6685289115034
WINNERS_10D,CONSENSUS,10,Secondary: Breakdown + 50D Support + Reversal: 50D Support + RSI + Higher Low + Reversal: Bottom Reclaim + Support + Reversal: 50D Support + RSI,4,2,1895,0.5604221635883905,0.04204516870751538,0.012866837049440472,1.774604647827062,-0.999015561015561,13.976958525345621,0.008123048786153428,79.14610830809383
WINNERS_10D,CONSENSUS,10,Secondary: Breakdown + 50D Support + Reversal: 50D Support + RSI + Higher Low + Reversal: Bottom Reclaim + Support + Reversal: 50D Support + RSI,4,3,312,0.5801282051282052,0.0789730467229267,0.010613059172417283,2.6587523312393064,-0.696236559139785,9.459081836327346,0.01759762277175876,27.407966241603862
WINNERS_10D,CONSENSUS,10,Secondary: Breakdown + 50D Support + Reversal: 50D Support + RSI + Higher Low + Reversal: 50D Support + Volume + Reversal: 50D Support + RSI,4,1,10364,0.5600154380548051,0.021743147237812146,0.004819394900536622,1.5128002670407144,-0.9990229231019346,13.976958525345621,0.002395073394791656,68.74675756396374
WINNERS_10D,CONSENSUS,10,Secondary: Breakdown + 50D Support + Reversal: 50D Support + RSI + Higher Low + Reversal: 50D Support + Volume + Reversal: 50D Support + RSI,4,2,1867,0.5479378682378147,0.027048057472788416,0.008051529790660261,1.5325837983265498,-0.999015561015561,9.459081836327346,0.002336975159882279,69.11435675254268
WINNERS_10D,CONSENSUS,10,Secondary: Breakdown + 50D Support + Reversal: 50D Support + RSI + Higher Low + Reversal: 50D Support + Volume + Reversal: 50D Support + RSI,4,3,146,0.5547945205479452,0.019648849254573258,0.009976105137395441,1.5827363232509712,-0.5947777777777778,0.6442307692307692,0.015341387737496047,11.840997460968312
WINNERS_10D,CONSENSUS,10,Secondary: Breakdown + 50D Support + Reversal: 50D Support + Hammer + Reversal: Bottom Reclaim + Support + Reversal: 50D Support + Volume,4,1,12675,0.5619723865877712,0.01780976535055218,0.00418910831837227,1.494279617850673,-0.999015561015561,13.976958525345621,0.003704396827423377,67.29661893870532
WINNERS_10D,CONSENSUS,10,Secondary: Breakdown + 50D Support + Reversal: 50D Support + Hammer + Reversal: Bottom Reclaim + Support + Reversal: 50D Support + Volume,4,2,1944,0.5509259259259259,0.014007037616748366,0.00477333086502385,1.3226838597618227,-0.999015561015561,5.148387096774193,0.00037856756444018893,56.73668008919777
WINNERS_10D,CONSENSUS,10,Secondary: Breakdown + 50D Support + Reversal: 50D Support + Hammer + Reversal: Bottom Reclaim + Support + Reversal: 50D Support + Volume,4,3,86,0.5465116279069767,0.019301289517423312,0.004350285492968009,1.4041846579666064,-0.6267018006148442,1.0538116591928253,0.007130579285947994,5.796424686490622
WINNERS_10D,CONSENSUS,10,Secondary: Breakdown + 50D Support + Reversal: 50D Support + Hammer + Reversal: Bottom Reclaim + Support + Reversal: 50D Support + RSI,4,1,11395,0.5435717419921018,0.022175733264547966,0.004812534974818261,1.4962403894541132,-0.9990229231019346,13.976958525345621,0.0027529023087212307,66.2067081189068
WINNERS_10D,CONSENSUS,10,Secondary: Breakdown + 50D Support + Reversal: 50D Support + Hammer + Reversal: Bottom Reclaim + Support + Reversal: 50D Support + RSI,4,2,1966,0.5528992878942014,0.04811310816364538,0.010203165960879224,1.8415614758168406,-0.999015561015561,13.976958525345621,0.009313080527840157,76.78706618223977
WINNERS_10D,CONSENSUS,10,Secondary: Breakdown + 50D Support + Reversal: 50D Support + Hammer + Reversal: Bottom Reclaim + Support + Reversal: 50D Support + RSI,4,3,83,0.46987951807228917,-0.01610388818400351,-0.009478672985781977,0.789091946029799,-0.6112484548825712,0.6796875,-0.024589149015515753,1.3665771920078889
WINNERS_10D,AND,10,Secondary: Breakdown + 50D Support + Reversal: 50D Support + Hammer + Reversal: 50D Support + Volume + Reversal: 50D Support + RSI,4,4,2,0.0,-0.12897497982243739,-0.12897497982243739,0.0,-0.23333333333333328,-0.02461662631154149,-0.12897497982243739,0.0
WINNERS_10D,CONSENSUS,10,Secondary: Breakdown + 50D Support + Reversal: 50D Support + Hammer + Reversal: 50D Support + Volume + Reversal: 50D Support + RSI,4,1,11886,0.5594817432273262,0.020479492581878922,0.0038797284190106307,1.5129661338256855,-0.9990229231019346,13.976958525345621,0.0024510317961632584,67.99502736593477
WINNERS_10D,CONSENSUS,10,Secondary: Breakdown + 50D Support + Reversal: 50D Support + Hammer + Reversal: 50D Support + Volume + Reversal: 50D Support + RSI,4,2,1852,0.5437365010799136,0.017742474797044935,0.004888519339738884,1.3430911173064282,-0.999015561015561,6.290448343079922,-0.0030004505652460665,59.41646643694183
WINNERS_10D,CONSENSUS,10,Secondary: Breakdown + 50D Support + Reversal: 50D Support + Hammer + Reversal: 50D Support + Volume + Reversal: 50D Support + RSI,4,3,142,0.5352112676056338,0.06192263474742423,0.0043561898863687665,2.8088594822149657,-0.33777777777777773,5.148387096774193,0.025848418704681193,11.00060088956494
WINNERS_10D,CONSENSUS,10,Secondary: Breakdown + 50D Support + Reversal: Bottom Reclaim + Support + Reversal: 50D Support + Volume + Reversal: 50D Support + RSI,4,1,13482,0.5549621717846017,0.020317948111528386,0.00507001566784171,1.4871361910751326,-0.9990229231019346,13.976958525345621,0.002859872561126044,68.22671465374498
WINNERS_10D,CONSENSUS,10,Secondary: Breakdown + 50D Support + Reversal: Bottom Reclaim + Support + Reversal: 50D Support + Volume + Reversal: 50D Support + RSI,4,2,2988,0.5488621151271754,0.026972718642586848,0.008594082503521117,1.4950650252163489,-0.999015561015561,13.976958525345621,-0.0006384144980530814,67.84033148577589
WINNERS_10D,CONSENSUS,10,Secondary: Breakdown + 50D Support + Reversal: Bottom Reclaim + Support + Reversal: 50D Support + Volume + Reversal: 50D Support + RSI,4,3,384,0.5651041666666666,0.022608103723558346,0.013382878827185918,1.3744718695707585,-0.999015561015561,1.8734030197444835,0.00951593828816681,30.4381459611411
WINNERS_10D,AND,10,Reversal: 50D Support + RSI + Higher Low + Reversal: 50D Support + Hammer + Reversal: Bottom Reclaim + Support + Reversal: 50D Support + Volume,4,4,1,1.0,0.07081174438687388,0.07081174438687388,,0.07081174438687388,0.07081174438687388,0.07081174438687388,0.1
WINNERS_10D,CONSENSUS,10,Reversal: 50D Support + RSI + Higher Low + Reversal: 50D Support + Hammer + Reversal: Bottom Reclaim + Support + Reversal: 50D Support + Volume,4,1,11518,0.5630317763500607,0.01713868853113058,0.0040000000000000036,1.4749189744451956,-0.999015561015561,13.976958525345621,0.0028777780101735474,65.71763433785746
WINNERS_10D,CONSENSUS,10,Reversal: 50D Support + RSI + Higher Low + Reversal: 50D Support + Hammer + Reversal: Bottom Reclaim + Support + Reversal: 50D Support + Volume,4,2,1650,0.5684848484848485,0.02861613333559766,0.0061781372135251145,1.644141393238895,-0.999015561015561,9.459081836327346,0.0052064252752160355,73.2858966140306
WINNERS_10D,CONSENSUS,10,Reversal: 50D Support + RSI + Higher Low + Reversal: 50D Support + Hammer + Reversal: Bottom Reclaim + Support + Reversal: 50D Support + Volume,4,3,112,0.5714285714285714,0.015317685262838167,0.009208612931156601,1.3189174561350139,-0.6267018006148442,0.49286987522281667,0.011015413281216739,8.14304486939593
WINNERS_10D,AND,10,Reversal: 50D Support + RSI + Higher Low + Reversal: 50D Support + Hammer + Reversal: Bottom Reclaim + Support + Reversal: 50D Support + RSI,4,4,5,0.8,0.0961700651627821,0.08909194745859494,7.332791427258226,-0.07593023255813969,0.2085997794928336,0.0961700651627821,0.5
WINNERS_10D,CONSENSUS,10,Reversal: 50D Support + RSI + Higher Low + Reversal: 50D Support + Hammer + Reversal: Bottom Reclaim + Support + Reversal: 50D Support + RSI,4,1,9597,0.542877982702928,0.02309604389432643,0.00469144713099956,1.5014462472887047,-0.9990229231019346,13.976958525345621,0.0019379878951585737,65.45174005343992
WINNERS_10D,CONSENSUS,10,Reversal: 50D Support + RSI + Higher Low + Reversal: 50D Support + Hammer + Reversal: Bottom Reclaim + Support + Reversal: 50D Support + RSI,4,2,2026,0.5582428430404739,0.045306722887963585,0.01210968727678674,1.8031937253918575,-0.999015561015561,13.976958525345621,0.008402324089868417,78.42448236507035
WINNERS_10D,CONSENSUS,10,Reversal: 50D Support + RSI + Higher Low + Reversal: 50D Support + Hammer + Reversal: Bottom Reclaim + Support + Reversal: 50D Support + RSI,4,3,392,0.5663265306122449,0.06071245786917485,0.008764323336291513,2.149293415304068,-0.696236559139785,9.459081836327346,0.011818401911662887,31.291321222898592
WINNERS_10D,AND,10,Reversal: 50D Support + RSI + Higher Low + Reversal: 50D Support + Hammer + Reversal: 50D Support + Volume + Reversal: 50D Support + RSI,4,4,3,0.6666666666666666,0.018865187383206083,0.0003292723081989024,4.89094489778626,-0.014545454545454528,0.07081174438687388,0.018865187383206083,0.24978309645527944
WINNERS_10D,CONSENSUS,10,Reversal: 50D Support + RSI + Higher Low + Reversal: 50D Support + Hammer + Reversal: 50D Support + Volume + Reversal: 50D Support + RSI,4,1,10578,0.5594630364908301,0.020215087416857423,0.003721170677895236,1.4983357501346473,-0.9990229231019346,13.976958525345621,0.001153158294445297,66.87184864663787
WINNERS_10D,CONSENSUS,10,Reversal: 50D Support + RSI + Higher Low + Reversal: 50D Support + Hammer + Reversal: 50D Support + Volume + Reversal: 50D Support + RSI,4,2,1750,0.5617142857142857,0.030565579432909155,0.006795061970454763,1.5914388847165788,-0.999015561015561,9.459081836327346,0.0028549438025966246,70.85655194883616
WINNERS_10D,CONSENSUS,10,Reversal: 50D Support + RSI + Higher Low + Reversal: 50D Support + Hammer + Reversal: 50D Support + Volume + Reversal: 50D Support + RSI,4,3,127,0.6062992125984252,0.07251874974006142,0.018527547537786404,2.836168272167268,-0.5947777777777778,5.148387096774193,0.03223408031915562,12.559748902974153
WINNERS_10D,AND,10,Reversal: 50D Support + RSI + Higher Low + Reversal: Bottom Reclaim + Support + Reversal: 50D Support + Volume + Reversal: 50D Support + RSI,4,4,47,0.6382978723404256,0.028702464897745687,0.024957458876914362,1.5754867497881835,-0.5947777777777778,0.49286987522281667,0.018611869021113708,4.651068382994258
WINNERS_10D,CONSENSUS,10,Reversal: 50D Support + RSI + Higher Low + Reversal: Bottom Reclaim + Support + Reversal: 50D Support + Volume + Reversal: 50D Support + RSI,4,1,12150,0.55440329218107,0.019942361085714615,0.004840275591141419,1.4691342514817485,-0.9990229231019346,13.976958525345621,0.0016817542483327183,66.72000302019437
WINNERS_10D,CONSENSUS,10,Reversal: 50D Support + RSI + Higher Low + Reversal: Bottom Reclaim + Support + Reversal: 50D Support + Volume + Reversal: 50D Support + RSI,4,2,2627,0.5599543205177008,0.030165439100958896,0.01023391812865504,1.5489267941530023,-0.999015561015561,13.976958525345621,0.001652436113466959,72.24048576787496
WINNERS_10D,CONSENSUS,10,Reversal: 50D Support + RSI + Higher Low + Reversal: Bottom Reclaim + Support + Reversal: 50D Support + Volume + Reversal: 50D Support + RSI,4,3,606,0.5759075907590759,0.052949371566159774,0.015228426395939021,1.9367594806455464,-0.999015561015561,9.459081836327346,0.013049091143263828,52.838798388234366
WINNERS_10D,AND,10,Reversal: 50D Support + Hammer + Reversal: Bottom Reclaim + Support + Reversal: 50D Support + Volume + Reversal: 50D Support + RSI,4,4,21,0.5714285714285714,0.023705709733889756,0.010590015128592922,1.499838956331812,-0.3287292817679558,0.4204325371207229,0.003869368364548098,1.5976789247331051
WINNERS_10D,CONSENSUS,10,Reversal: 50D Support + Hammer + Reversal: Bottom Reclaim + Support + Reversal: 50D Support + Volume + Reversal: 50D Support + RSI,4,1,13555,0.5549981556621173,0.019154847506643046,0.003958828186856556,1.4755581119533117,-0.9990229231019346,13.976958525345621,0.0018541084462554965,65.60687779105182
WINNERS_10D,CONSENSUS,10,Reversal: 50D Support + Hammer + Reversal: Bottom Reclaim + Support + Reversal: 50D Support + Volume + Reversal: 50D Support + RSI,4,2,2929,0.5582109935131444,0.03043195213022882,0.0074875207986688785,1.5652402878126097,-0.999015561015561,13.976958525345621,0.0009812662052229274,69.38675583844292
WINNERS_10D,CONSENSUS,10,Reversal: 50D Support + Hammer + Reversal: Bottom Reclaim + Support + Reversal: 50D Support + Volume + Reversal: 50D Support + RSI,4,3,430,0.5604651162790698,0.0274502514972574,0.012502105250185802,1.4067740763431915,-0.999015561015561,5.148387096774193,0.003754182406083661,31.84120031627311
