rank,pool,mode,horizon,strategy,components,threshold,signals,win_rate,average_return,median_return,profit_factor,worst_return,best_return,robust_mean,score,target_89_gap,meets_89
1,WINNERS_20D,CONSENSUS,20,Reversal: 50D Support + Higher Low + Reversal: Bottom Reclaim + Support + Reversal: 50D Support + RSI + Higher Low,3,2,1808,0.6277654867256637,0.04241412289313609,0.020057044840662175,2.0094588193669387,-0.9030172413793103,6.198935462408517,0.023754943996330786,100.0,0.0,True
2,WINNERS_20D,CONSENSUS,20,Reversal: 50D Support + Higher Low + Reversal: Bottom Reclaim + Support + Secondary: Breakdown + 50D Support + Reversal: 50D Support + RSI + Higher Low,4,2,1808,0.6277654867256637,0.04241412289313609,0.020057044840662175,2.0094588193669387,-0.9030172413793103,6.198935462408517,0.023754943996330786,100.0,0.0,True
3,WINNERS_20D,AND,20,Reversal: 50D Support + Higher Low + Reversal: Bottom Reclaim + Support,2,2,1549,0.6197546804389928,0.044483744687459637,0.018099547511312153,2.0610560455684985,-0.9030172413793103,6.198935462408517,0.023982801505427566,98.57466063348411,0.0,True
4,WINNERS_20D,CONSENSUS,20,Reversal: 50D Support + Higher Low + Reversal: Bottom Reclaim + Support + Secondary: Breakdown + 50D Support,3,2,1549,0.6197546804389928,0.044483744687459637,0.018099547511312153,2.0610560455684985,-0.9030172413793103,6.198935462408517,0.023982801505427566,98.57466063348411,0.0,True
5,CROSS_10D_20D,AND,20,10D:Reversal: 50D Support + Higher Low + 20D:Reversal: Bottom Reclaim + Support,2,2,1549,0.6197546804389928,0.044483744687459637,0.018099547511312153,2.0610560455684985,-0.9030172413793103,6.198935462408517,0.023982801505427566,98.57466063348411,0.0,True
6,CROSS_10D_20D,AND,20,10D:Reversal: Bottom Reclaim + Support + 20D:Reversal: 50D Support + Higher Low,2,2,1549,0.6197546804389928,0.044483744687459637,0.018099547511312153,2.0610560455684985,-0.9030172413793103,6.198935462408517,0.023982801505427566,98.57466063348411,0.0,True
7,WINNERS_20D,CONSENSUS,20,Reversal: 50D Support + Bull Engulf + Reversal: 50D Support + Higher Low + Reversal: Bottom Reclaim + Support + Reversal: 50D Support + RSI + Higher Low,4,2,2548,0.619701726844584,0.035968067302970544,0.013921036446066126,1.9634159982984578,-0.9030172413793103,6.198935462408517,0.020520150896283944,95.4407773345496,0.0,True
8,WINNERS_20D,CONSENSUS,20,Reversal: 50D Support + Higher Low + Reversal: Bottom Reclaim + Support + Reversal: Bull Engulf + Support + Reversal: 50D Support + RSI + Higher Low,4,2,2179,0.6232216613125287,0.03649024927682308,0.013126491646777927,1.9513426145278943,-0.9030172413793103,6.198935462408517,0.01967916981596358,94.60424609705613,0.0,True
9,WINNERS_20D,CONSENSUS,20,Reversal: 50D Support + Bull Engulf + Reversal: 50D Support + Higher Low + Reversal: Bull Engulf + Support + Reversal: 50D Support + RSI + Higher Low,4,2,1379,0.6316171138506164,0.03500670082162476,0.013126491646777927,1.9861207482808665,-0.9030172413793103,6.198935462408517,0.019300918813537,94.3205578452362,0.0,True
10,WINNERS_20D,CONSENSUS,20,Reversal: 50D Support + Bull Engulf + Reversal: 50D Support + Higher Low + Reversal: Bottom Reclaim + Support + Reversal: Bull Engulf + Support,4,2,2418,0.6166253101736973,0.036069597155005476,0.012407024284518009,1.9915518646008716,-0.9030172413793103,6.198935462408517,0.02010667886483338,94.3052682133885,0.0,True
11,WINNERS_20D,CONSENSUS,20,Reversal: 50D Support + Bull Engulf + Reversal: 50D Support + Higher Low + Reversal: Bottom Reclaim + Support,3,2,2302,0.6138140747176368,0.03656111619772169,0.01229922992299226,1.992358170951476,-0.9030172413793103,6.198935462408517,0.02004855671754293,94.22442244224419,0.0,True
12,WINNERS_20D,CONSENSUS,20,Reversal: 50D Support + Bull Engulf + Reversal: 50D Support + Higher Low + Reversal: Bottom Reclaim + Support + Secondary: Breakdown + 50D Support,4,2,2302,0.6138140747176368,0.03656111619772169,0.01229922992299226,1.992358170951476,-0.9030172413793103,6.198935462408517,0.02004855671754293,94.22442244224419,0.0,True
13,WINNERS_20D,CONSENSUS,20,Reversal: 50D Support + Bull Engulf + Reversal: 50D Support + Higher Low + Reversal: 50D Support + RSI + Higher Low,3,2,1196,0.6270903010033445,0.03573664613845076,0.012767902860068903,1.9922156031554834,-0.9030172413793103,6.198935462408517,0.01949093010123851,94.19412472098057,0.0,True
14,WINNERS_20D,CONSENSUS,20,Reversal: 50D Support + Bull Engulf + Reversal: 50D Support + Higher Low + Secondary: Breakdown + 50D Support + Reversal: 50D Support + RSI + Higher Low,4,2,1196,0.6270903010033445,0.03573664613845076,0.012767902860068903,1.9922156031554834,-0.9030172413793103,6.198935462408517,0.01949093010123851,94.19412472098057,0.0,True
15,WINNERS_20D,CONSENSUS,20,Reversal: 50D Support + Bull Engulf + Reversal: 50D Support + RSI + Higher Low,2,1,1532,0.6201044386422977,0.03362773701256838,0.012866527694918806,1.8778034725212662,-0.9030172413793103,6.198935462408517,0.01814880536104429,93.26149979197233,0.0,True
16,CROSS_10D_20D,OR,20,10D:Reversal: 50D Support + Bull Engulf + 20D:Reversal: 50D Support + RSI + Higher Low,2,1,1532,0.6201044386422977,0.03362773701256838,0.012866527694918806,1.8778034725212662,-0.9030172413793103,6.198935462408517,0.01814880536104429,93.26149979197233,0.0,True
17,CROSS_10D_20D,OR,20,10D:Reversal: 50D Support + RSI + Higher Low + 20D:Reversal: 50D Support + Bull Engulf,2,1,1532,0.6201044386422977,0.03362773701256838,0.012866527694918806,1.8778034725212662,-0.9030172413793103,6.198935462408517,0.01814880536104429,93.26149979197233,0.0,True
18,WINNERS_20D,CONSENSUS,20,Reversal: 50D Support + Higher Low + Reversal: Bottom Reclaim + Support + Reversal: Bull Engulf + Support,3,2,1922,0.6165452653485952,0.037339903901055335,0.01151632538592684,1.9891688960435252,-0.9030172413793103,6.198935462408517,0.018979954121340823,92.87220963045073,0.0,True
19,WINNERS_20D,CONSENSUS,20,Reversal: 50D Support + Higher Low + Reversal: Bottom Reclaim + Support + Secondary: Breakdown + 50D Support + Reversal: Bull Engulf + Support,4,2,1922,0.6165452653485952,0.037339903901055335,0.01151632538592684,1.9891688960435252,-0.9030172413793103,6.198935462408517,0.018979954121340823,92.87220963045073,0.0,True
20,WINNERS_20D,CONSENSUS,20,Secondary: Breakdown + 50D Support + Reversal: 50D Support + RSI + Higher Low,2,1,2317,0.5757444971946483,0.03326630067939285,0.016801221907047914,1.627503827548669,-0.9834088927637314,6.198935462408517,0.016983498510003053,91.29595651189626,0.0,True
21,CROSS_10D_20D,OR,20,10D:Secondary: Breakdown + 50D Support + 20D:Reversal: 50D Support + RSI + Higher Low,2,1,2317,0.5757444971946483,0.03326630067939285,0.016801221907047914,1.627503827548669,-0.9834088927637314,6.198935462408517,0.016983498510003053,91.29595651189626,0.0,True
22,CROSS_10D_20D,OR,20,10D:Reversal: 50D Support + RSI + Higher Low + 20D:Secondary: Breakdown + 50D Support,2,1,2317,0.5757444971946483,0.03326630067939285,0.016801221907047914,1.627503827548669,-0.9834088927637314,6.198935462408517,0.016983498510003053,91.29595651189626,0.0,True
23,WINNERS_20D,CONSENSUS,20,Reversal: 50D Support + Higher Low + Reversal: Bottom Reclaim + Support + Reversal: 50D Support + Hammer + Reversal: 50D Support + RSI + Higher Low,4,2,2546,0.605655930871956,0.03593043767431342,0.009831327584573057,1.917777700838928,-0.9030172413793103,7.915789473684212,0.016041235717088796,89.4044224762464,0.0,True
24,WINNERS_20D,CONSENSUS,20,Reversal: 50D Support + Higher Low + Reversal: Bottom Reclaim + Support + Reversal: 50D Support + Volume + Reversal: 50D Support + RSI + Higher Low,4,2,3226,0.6007439553626782,0.02934635429231447,0.009968944099378874,1.7168572689631674,-0.9846058534501175,6.198935462408517,0.01471012036236183,88.50929834630551,0.4907016536944866,False
25,WINNERS_20D,CONSENSUS,20,Reversal: 50D Support + Bull Engulf + Secondary: Breakdown + 50D Support + Reversal: 50D Support + RSI + Higher Low,3,1,3313,0.5843646242076668,0.029856081588570307,0.01211160431198488,1.6511814150049773,-0.9834088927637314,6.198935462408517,0.015961052001890543,88.44859627001769,0.5514037299823116,False
26,CROSS_10D_20D,AND,20,10D:Reversal: 50D Support + RSI + 20D:Reversal: Bottom Reclaim + Support,2,2,1249,0.5684547638110489,0.0551880273965472,0.025514801221897532,1.6403879653556923,-0.9943790849673203,7.915789473684212,0.011499029582395941,88.36673282197177,0.633267178028234,False
27,WINNERS_20D,CONSENSUS,20,Reversal: 50D Support + Higher Low + Reversal: 50D Support + Volume + Reversal: 50D Support + RSI + Higher Low,3,2,1585,0.6132492113564669,0.030626189873330698,0.007492711370262306,1.9974037503143225,-0.9030172413793103,6.198935462408517,0.016990514083035375,88.36241908997326,0.6375809100267418,False
28,WINNERS_20D,CONSENSUS,20,Reversal: Bottom Reclaim + Support + Reversal: 50D Support + Volume + Reversal: 50D Support + RSI + Higher Low,3,2,1004,0.5766932270916335,0.03273770430334233,0.019264514024788015,1.49944022298868,-0.9846058534501175,6.198935462408517,0.010141380880044647,88.16062941037475,0.839370589625247,False
29,WINNERS_20D,CONSENSUS,20,Reversal: 50D Support + Bull Engulf + Reversal: 50D Support + Higher Low + Reversal: 50D Support + Volume + Reversal: 50D Support + RSI + Higher Low,4,2,2230,0.614798206278027,0.0284930084610898,0.007141110977583076,2.0281747112709843,-0.9030172413793103,6.198935462408517,0.016864664787519034,88.00433182382659,0.9956681761734103,False
30,WINNERS_20D,CONSENSUS,20,Reversal: 50D Support + Higher Low + Reversal: Bottom Reclaim + Support + Reversal: 50D Support + Hammer,3,2,2294,0.5980819529206626,0.03645435608635682,0.008535939037075724,1.9375467871242436,-0.9030172413793103,7.915789473684212,0.015225080934432159,87.501090465408,1.498909534592002,False
31,WINNERS_20D,CONSENSUS,20,Reversal: 50D Support + Higher Low + Secondary: Breakdown + 50D Support + Reversal: 50D Support + Hammer + Reversal: 50D Support + RSI + Higher Low,4,2,1154,0.6117850953206239,0.03475159918442568,0.006989099987821157,2.0146375053933445,-0.9030172413793103,6.198935462408517,0.016038599613269852,87.27077470081825,1.7292252991817492,False
32,WINNERS_20D,CONSENSUS,20,Reversal: 50D Support + Higher Low + Reversal: Bottom Reclaim + Support + Secondary: Breakdown + 50D Support + Reversal: 50D Support + Hammer,4,2,2345,0.5965884861407249,0.03718781663759623,0.008491508491508482,1.9504045534775454,-0.9030172413793103,7.915789473684212,0.015242911545023911,87.2322293841868,1.7677706158132054,False
33,WINNERS_20D,CONSENSUS,20,Reversal: Bottom Reclaim + Support + Reversal: 50D Support + RSI + Higher Low,2,1,4661,0.5756275477365372,0.033950562469755065,0.016759776536312776,1.5472193016194196,-0.9994049504950495,7.915789473684212,0.011593153234686284,87.20262195100548,1.797378048994517,False
34,CROSS_10D_20D,OR,20,10D:Reversal: 50D Support + RSI + Higher Low + 20D:Reversal: Bottom Reclaim + Support,2,1,4661,0.5756275477365372,0.033950562469755065,0.016759776536312776,1.5472193016194196,-0.9994049504950495,7.915789473684212,0.011593153234686284,87.20262195100548,1.797378048994517,False
35,CROSS_10D_20D,OR,20,10D:Reversal: Bottom Reclaim + Support + 20D:Reversal: 50D Support + RSI + Higher Low,2,1,4661,0.5756275477365372,0.033950562469755065,0.016759776536312776,1.5472193016194196,-0.9994049504950495,7.915789473684212,0.011593153234686284,87.20262195100548,1.797378048994517,False
36,WINNERS_20D,CONSENSUS,20,Reversal: 50D Support + Higher Low + Reversal: 50D Support + Hammer + Reversal: 50D Support + RSI + Higher Low,3,2,1103,0.6155938349954669,0.03311351614303409,0.007056922674819166,1.988059045669951,-0.9030172413793103,6.198935462408517,0.015506799921421977,86.92279194718085,2.0772080528191452,False
37,WINNERS_20D,CONSENSUS,20,Reversal: 50D Support + Bull Engulf + Reversal: 50D Support + Higher Low + Reversal: Bottom Reclaim + Support + Reversal: 50D Support + Hammer,4,2,3051,0.6001311045558834,0.0329239193429642,0.0077319587628865705,1.9225307265223819,-0.9030172413793103,7.915789473684212,0.014791056604197233,86.89226152531285,2.107738474687153,False
38,WINNERS_20D,CONSENSUS,20,Reversal: 50D Support + Bull Engulf + Reversal: 50D Support + Higher Low + Reversal: 50D Support + Hammer + Reversal: 50D Support + RSI + Higher Low,4,2,1771,0.6149068322981367,0.028769661398010123,0.006402561024409836,2.0054724133954234,-0.9030172413793103,6.198935462408517,0.015414687834318149,86.362936644046,2.637063355953998,False
39,WINNERS_20D,CONSENSUS,20,Reversal: 50D Support + Higher Low + Reversal: Bottom Reclaim + Support + Reversal: 50D Support + Volume,3,2,2993,0.5947210157033077,0.02939608438240013,0.008581034105086704,1.7225831691237594,-0.9846058534501175,6.198935462408517,0.014271654270735843,86.25968556575152,2.740314434248475,False
40,WINNERS_20D,CONSENSUS,20,Reversal: 50D Support + Bull Engulf + Reversal: 50D Support + Higher Low + Reversal: Bottom Reclaim + Support + Reversal: 50D Support + Volume,4,2,3689,0.5971808078069938,0.0279588640169533,0.008000000000000007,1.7380565863538466,-0.9846058534501175,6.198935462408517,0.014174086315554519,86.16069937116485,2.8393006288351472,False
41,WINNERS_20D,CONSENSUS,20,Reversal: 50D Support + Bull Engulf + Reversal: 50D Support + Higher Low + Reversal: 50D Support + Volume + Reversal: Bull Engulf + Support,4,2,1922,0.6129032258064516,0.02172967781548451,0.005740893903321331,1.9947130117511462,-0.9030172413793103,1.670588235294118,0.015677216906243515,86.06358310717363,2.9364168928263723,False
42,WINNERS_20D,CONSENSUS,20,Reversal: 50D Support + Bull Engulf + Reversal: Bottom Reclaim + Support + Reversal: 50D Support + RSI + Higher Low,3,1,5471,0.5806982270151709,0.03218181321727564,0.01344860710854956,1.5705013760067916,-0.9994049504950495,7.915789473684212,0.011883499181310235,85.78211755325667,3.2178824467433316,False
43,WINNERS_20D,AND,20,Reversal: 50D Support + Bull Engulf,1,1,1016,0.6053149606299213,0.022246801073499297,0.006581261475987588,1.7538210714733231,-0.6747559274755928,1.670588235294118,0.014373711811373478,85.71622996552078,3.2837700344792182,False
44,WINNERS_20D,CONSENSUS,20,Reversal: 50D Support + Bull Engulf + Reversal: 50D Support + Higher Low + Reversal: 50D Support + Volume,3,2,1774,0.6082299887260428,0.020800785259085016,0.005283046044873507,2.0005392335883623,-0.9030172413793103,0.9121212121212121,0.015402943380364124,85.51449206892822,3.48550793107178,False
45,WINNERS_20D,CONSENSUS,20,Reversal: Bottom Reclaim + Support + Secondary: Breakdown + 50D Support + Reversal: 50D Support + RSI + Higher Low,3,1,6442,0.5695436199937908,0.03192162012902935,0.014764172285726906,1.5377782804043298,-0.9994049504950495,7.915789473684212,0.012204021932973257,85.15008232965691,3.849917670343089,False
46,WINNERS_20D,CONSENSUS,20,Reversal: 50D Support + Higher Low + Reversal: Bottom Reclaim + Support + Reversal: 50D Support + Volume + Reversal: Bull Engulf + Support,4,2,3338,0.597663271420012,0.027580881539217023,0.00765782866278697,1.7176266026219527,-0.9846058534501175,6.198935462408517,0.012979671359474435,85.08867025336471,3.911329746635289,False
47,WINNERS_20D,CONSENSUS,20,Reversal: 50D Support + Higher Low + Reversal: 50D Support + Volume + Reversal: Bull Engulf + Support + Reversal: 50D Support + RSI + Higher Low,4,2,1904,0.6118697478991597,0.026305572075573644,0.006080759221808174,1.9309004076753893,-0.9030172413793103,6.198935462408517,0.01385009151873247,84.94813805540548,4.0518619445945205,False
48,WINNERS_20D,CONSENSUS,20,Reversal: 50D Support + Higher Low + Reversal: Bottom Reclaim + Support + Reversal: 50D Support + Hammer + Reversal: Bull Engulf + Support,4,2,2670,0.599625468164794,0.03246709033449771,0.006989099987821157,1.8951730727177831,-0.9030172413793103,7.915789473684212,0.012924919365047742,84.87309254211733,4.126907457882666,False
49,WINNERS_10D,CONSENSUS,10,Reversal: 50D Support + Higher Low + Reversal: 50D Support + RSI + Higher Low + Reversal: Bottom Reclaim + Support,3,2,2051,0.5841053144807411,0.031504505884945806,0.010594467333725932,1.9544531408062062,-0.98789313904068,9.459081836327346,0.012715713896517341,84.83352166947265,4.1664783305273545,False
50,WINNERS_10D,CONSENSUS,10,Reversal: 50D Support + Higher Low + Secondary: Breakdown + 50D Support + Reversal: 50D Support + RSI + Higher Low + Reversal: Bottom Reclaim + Support,4,2,2051,0.5841053144807411,0.031504505884945806,0.010594467333725932,1.9544531408062062,-0.98789313904068,9.459081836327346,0.012715713896517341,84.83352166947265,4.1664783305273545,False
51,WINNERS_20D,CONSENSUS,20,Reversal: Bottom Reclaim + Support + Reversal: 50D Support + Volume + Reversal: Bull Engulf + Support + Reversal: 50D Support + RSI + Higher Low,4,2,1151,0.580364900086881,0.03072064434672187,0.014423076923076872,1.5033223720387303,-0.9846058534501175,6.198935462408517,0.009562062177185476,84.71633767301026,4.283662326989742,False
52,WINNERS_20D,CONSENSUS,20,Reversal: 50D Support + Bull Engulf + Reversal: 50D Support + Higher Low + Secondary: Breakdown + 50D Support,3,1,12071,0.6079860823461188,0.02163564385375169,0.0068212824010915885,1.7514646523235884,-0.9834088927637314,6.198935462408517,0.0127849855143514,84.70470093658224,4.295299063417758,False
53,WINNERS_20D,CONSENSUS,20,Reversal: 50D Support + Bull Engulf + Reversal: 50D Support + Higher Low + Secondary: Breakdown + 50D Support + Reversal: 50D Support + RSI + Higher Low,4,1,12071,0.6079860823461188,0.02163564385375169,0.0068212824010915885,1.7514646523235884,-0.9834088927637314,6.198935462408517,0.0127849855143514,84.70470093658224,4.295299063417758,False
54,WINNERS_20D,CONSENSUS,20,Reversal: 50D Support + Higher Low + Secondary: Breakdown + 50D Support,2,1,11735,0.6083510864933959,0.021507217097313083,0.0067542761785566174,1.7603700274479128,-0.9834088927637314,6.198935462408517,0.012747534295542895,84.62635785557464,4.373642144425361,False
55,WINNERS_20D,CONSENSUS,20,Reversal: 50D Support + Higher Low + Secondary: Breakdown + 50D Support + Reversal: 50D Support + RSI + Higher Low,3,1,11735,0.6083510864933959,0.021507217097313083,0.0067542761785566174,1.7603700274479128,-0.9834088927637314,6.198935462408517,0.012747534295542895,84.62635785557464,4.373642144425361,False
56,CROSS_10D_20D,OR,20,10D:Reversal: 50D Support + Higher Low + 20D:Secondary: Breakdown + 50D Support,2,1,11735,0.6083510864933959,0.021507217097313083,0.0067542761785566174,1.7603700274479128,-0.9834088927637314,6.198935462408517,0.012747534295542895,84.62635785557464,4.373642144425361,False
57,CROSS_10D_20D,OR,20,10D:Secondary: Breakdown + 50D Support + 20D:Reversal: 50D Support + Higher Low,2,1,11735,0.6083510864933959,0.021507217097313083,0.0067542761785566174,1.7603700274479128,-0.9834088927637314,6.198935462408517,0.012747534295542895,84.62635785557464,4.373642144425361,False
58,WINNERS_20D,CONSENSUS,20,Reversal: 50D Support + Bull Engulf + Reversal: 50D Support + Higher Low,2,1,10290,0.6173955296404277,0.020774378207867643,0.006616257088846833,1.8405122594603975,-0.9030172413793103,6.198935462408517,0.012861371957399224,84.60822178468453,4.391778215315469,False
59,WINNERS_20D,CONSENSUS,20,Reversal: 50D Support + Bull Engulf + Reversal: 50D Support + Higher Low + Reversal: 50D Support + RSI + Higher Low,3,1,10290,0.6173955296404277,0.020774378207867643,0.006616257088846833,1.8405122594603975,-0.9030172413793103,6.198935462408517,0.012861371957399224,84.60822178468453,4.391778215315469,False
60,CROSS_10D_20D,OR,20,10D:Reversal: 50D Support + Bull Engulf + 20D:Reversal: 50D Support + Higher Low,2,1,10290,0.6173955296404277,0.020774378207867643,0.006616257088846833,1.8405122594603975,-0.9030172413793103,6.198935462408517,0.012861371957399224,84.60822178468453,4.391778215315469,False
61,CROSS_10D_20D,OR,20,10D:Reversal: 50D Support + Higher Low + 20D:Reversal: 50D Support + Bull Engulf,2,1,10290,0.6173955296404277,0.020774378207867643,0.006616257088846833,1.8405122594603975,-0.9030172413793103,6.198935462408517,0.012861371957399224,84.60822178468453,4.391778215315469,False
62,WINNERS_20D,CONSENSUS,20,Reversal: 50D Support + Bull Engulf + Reversal: Bottom Reclaim + Support + Secondary: Breakdown + 50D Support + Reversal: 50D Support + RSI + Higher Low,4,1,7252,0.5740485383342526,0.03081387276770459,0.012828952921118963,1.5561165246195825,-0.9994049504950495,7.915789473684212,0.01238562688556938,84.58569124405837,4.414308755941633,False
63,WINNERS_20D,CONSENSUS,20,Reversal: 50D Support + Bull Engulf + Reversal: Bull Engulf + Support + Reversal: 50D Support + RSI + Higher Low,3,1,2006,0.590727816550349,0.027406963762013525,0.007885660304358,1.7566360609061342,-0.9030172413793103,6.198935462408517,0.013602541189366093,84.57078721201789,4.4292127879821095,False
64,WINNERS_20D,AND,20,Reversal: 50D Support + Higher Low,1,1,9954,0.6181434599156118,0.020593900686888725,0.006555598133418328,1.8587188020585457,-0.9030172413793103,6.198935462408517,0.012847370764225388,84.55222667323278,4.447773326767219,False
65,WINNERS_20D,CONSENSUS,20,Reversal: 50D Support + Higher Low + Reversal: 50D Support + RSI + Higher Low,2,1,9954,0.6181434599156118,0.020593900686888725,0.006555598133418328,1.8587188020585457,-0.9030172413793103,6.198935462408517,0.012847370764225388,84.55222667323278,4.447773326767219,False
66,CROSS_10D_20D,OR,20,10D:Reversal: 50D Support + Higher Low + 20D:Reversal: 50D Support + RSI + Higher Low,2,1,9954,0.6181434599156118,0.020593900686888725,0.006555598133418328,1.8587188020585457,-0.9030172413793103,6.198935462408517,0.012847370764225388,84.55222667323278,4.447773326767219,False
67,CROSS_10D_20D,OR,20,10D:Reversal: 50D Support + RSI + Higher Low + 20D:Reversal: 50D Support + Higher Low,2,1,9954,0.6181434599156118,0.020593900686888725,0.006555598133418328,1.8587188020585457,-0.9030172413793103,6.198935462408517,0.012847370764225388,84.55222667323278,4.447773326767219,False
68,WINNERS_20D,AND,20,Reversal: Bottom Reclaim + Support,1,1,4402,0.5697410268059973,0.03418086279000755,0.015229933564747555,1.5409426957745374,-0.9994049504950495,7.915789473684212,0.010895709858225994,84.55107036822969,4.448929631770312,False
69,WINNERS_20D,CONSENSUS,20,Reversal: 50D Support + Higher Low + Secondary: Breakdown + 50D Support + Reversal: Bull Engulf + Support,3,1,12392,0.6048256939961265,0.021092727605854327,0.006574468563824598,1.7430319152355325,-0.9834088927637314,6.198935462408517,0.012370522873655657,84.20874357811017,4.791256421889827,False
70,WINNERS_20D,CONSENSUS,20,Reversal: 50D Support + Higher Low + Secondary: Breakdown + 50D Support + Reversal: Bull Engulf + Support + Reversal: 50D Support + RSI + Higher Low,4,1,12392,0.6048256939961265,0.021092727605854327,0.006574468563824598,1.7430319152355325,-0.9834088927637314,6.198935462408517,0.012370522873655657,84.20874357811017,4.791256421889827,False
71,WINNERS_20D,CONSENSUS,20,Reversal: 50D Support + Bull Engulf + Reversal: 50D Support + Higher Low + Secondary: Breakdown + 50D Support + Reversal: Bull Engulf + Support,4,1,12545,0.6037465125548027,0.021094024165961026,0.006577736890524433,1.7319937169106483,-0.9834088927637314,6.198935462408517,0.012285510098583315,84.14743524183082,4.85256475816918,False
72,WINNERS_20D,CONSENSUS,20,Reversal: 50D Support + Higher Low + Reversal: Bull Engulf + Support,2,1,10611,0.6134200358118933,0.020166391036854976,0.006387225548902142,1.8275806429638182,-0.9030172413793103,6.198935462408517,0.012366244504073054,84.06510253973141,4.934897460268587,False
73,WINNERS_20D,CONSENSUS,20,Reversal: 50D Support + Higher Low + Reversal: Bull Engulf + Support + Reversal: 50D Support + RSI + Higher Low,3,1,10611,0.6134200358118933,0.020166391036854976,0.006387225548902142,1.8275806429638182,-0.9030172413793103,6.198935462408517,0.012366244504073054,84.06510253973141,4.934897460268587,False
74,CROSS_10D_20D,OR,20,10D:Reversal: 50D Support + Higher Low + 20D:Reversal: Bull Engulf + Support,2,1,10611,0.6134200358118933,0.020166391036854976,0.006387225548902142,1.8275806429638182,-0.9030172413793103,6.198935462408517,0.012366244504073054,84.06510253973141,4.934897460268587,False
75,WINNERS_20D,CONSENSUS,20,Reversal: 50D Support + Bull Engulf + Reversal: 50D Support + Higher Low + Reversal: Bull Engulf + Support,3,1,10764,0.6120401337792643,0.020181069115784316,0.006395124014658915,1.8096398348406566,-0.9030172413793103,6.198935462408517,0.012281743409330912,84.00765056799237,4.992349432007629,False
76,WINNERS_20D,CONSENSUS,20,Reversal: 50D Support + Bull Engulf + Reversal: 50D Support + Higher Low + Reversal: Bull Engulf + Support + Reversal: 50D Support + RSI + Higher Low,4,1,10764,0.6120401337792643,0.020181069115784316,0.006395124014658915,1.8096398348406566,-0.9030172413793103,6.198935462408517,0.012281743409330912,84.00765056799237,4.992349432007629,False
77,WINNERS_20D,CONSENSUS,20,Reversal: 50D Support + Bull Engulf + Reversal: Bottom Reclaim + Support,2,1,5225,0.576267942583732,0.03226483332266056,0.012593283582089443,1.5651435431786962,-0.9994049504950495,7.915789473684212,0.011298914542976128,83.96380569108786,5.036194308912144,False
78,CROSS_10D_20D,OR,20,10D:Reversal: 50D Support + Bull Engulf + 20D:Reversal: Bottom Reclaim + Support,2,1,5225,0.576267942583732,0.03226483332266056,0.012593283582089443,1.5651435431786962,-0.9994049504950495,7.915789473684212,0.011298914542976128,83.96380569108786,5.036194308912144,False
79,CROSS_10D_20D,OR,20,10D:Reversal: Bottom Reclaim + Support + 20D:Reversal: 50D Support + Bull Engulf,2,1,5225,0.576267942583732,0.03226483332266056,0.012593283582089443,1.5651435431786962,-0.9994049504950495,7.915789473684212,0.011298914542976128,83.96380569108786,5.036194308912144,False
80,WINNERS_20D,CONSENSUS,20,Reversal: 50D Support + Higher Low + Reversal: 50D Support + Volume + Reversal: 50D Support + Hammer + Reversal: 50D Support + RSI + Higher Low,4,2,2360,0.6016949152542372,0.025282897028011137,0.005763694079433002,1.865869643273206,-0.9030172413793103,6.198935462408517,0.012750384046891201,83.88555859474315,5.114441405256855,False
81,WINNERS_20D,AND,20,Reversal: 50D Support + Higher Low + Reversal: 50D Support + Volume,2,2,1114,0.6023339317773788,0.019709689790609494,0.004483420005819139,1.9610175404584673,-0.9030172413793103,0.72,0.014350696852330428,83.83527743422168,5.16472256577832,False
82,CROSS_10D_20D,AND,20,10D:Reversal: 50D Support + Higher Low + 20D:Reversal: 50D Support + Volume,2,2,1114,0.6023339317773788,0.019709689790609494,0.004483420005819139,1.9610175404584673,-0.9030172413793103,0.72,0.014350696852330428,83.83527743422168,5.16472256577832,False
83,CROSS_10D_20D,AND,20,10D:Reversal: 50D Support + Volume + 20D:Reversal: 50D Support + Higher Low,2,2,1114,0.6023339317773788,0.019709689790609494,0.004483420005819139,1.9610175404584673,-0.9030172413793103,0.72,0.014350696852330428,83.83527743422168,5.16472256577832,False
84,WINNERS_20D,CONSENSUS,20,Reversal: 50D Support + Bull Engulf + Reversal: Bottom Reclaim + Support + Reversal: 50D Support + Volume + Reversal: 50D Support + RSI + Higher Low,4,2,1280,0.5765625,0.02843732911304726,0.015175221096800806,1.468273431065443,-0.9846058534501175,6.198935462408517,0.008840478880152198,83.57674883380547,5.423251166194532,False
85,WINNERS_20D,CONSENSUS,20,Reversal: Bottom Reclaim + Support + Secondary: Breakdown + 50D Support,2,1,6183,0.5650978489406437,0.032000592463414516,0.013912310286678053,1.5327967480639368,-0.9994049504950495,7.915789473684212,0.011838653426468584,83.49619760830059,5.503802391699409,False
86,CROSS_10D_20D,OR,20,10D:Secondary: Breakdown + 50D Support + 20D:Reversal: Bottom Reclaim + Support,2,1,6183,0.5650978489406437,0.032000592463414516,0.013912310286678053,1.5327967480639368,-0.9994049504950495,7.915789473684212,0.011838653426468584,83.49619760830059,5.503802391699409,False
87,CROSS_10D_20D,OR,20,10D:Reversal: Bottom Reclaim + Support + 20D:Secondary: Breakdown + 50D Support,2,1,6183,0.5650978489406437,0.032000592463414516,0.013912310286678053,1.5327967480639368,-0.9994049504950495,7.915789473684212,0.011838653426468584,83.49619760830059,5.503802391699409,False
88,WINNERS_20D,CONSENSUS,20,Reversal: 50D Support + Bull Engulf + Reversal: 50D Support + Higher Low + Secondary: Breakdown + 50D Support + Reversal: 50D Support + Volume,4,1,15325,0.6040456769983686,0.021060207359536735,0.006904955320877315,1.6316772848464187,-0.9846058534501175,6.810090328266138,0.011029797005070487,83.45106424446087,5.548935755539134,False
89,WINNERS_20D,CONSENSUS,20,Reversal: 50D Support + Higher Low + Secondary: Breakdown + 50D Support + Reversal: 50D Support + Volume,3,1,15053,0.6042649305786222,0.021027749248467165,0.00685602350636616,1.6368853946390611,-0.9846058534501175,6.810090328266138,0.011068449907594657,83.44335506047061,5.5566449395293915,False
90,WINNERS_20D,CONSENSUS,20,Reversal: 50D Support + Higher Low + Secondary: Breakdown + 50D Support + Reversal: 50D Support + Volume + Reversal: 50D Support + RSI + Higher Low,4,1,15053,0.6042649305786222,0.021027749248467165,0.00685602350636616,1.6368853946390611,-0.9846058534501175,6.810090328266138,0.011068449907594657,83.44335506047061,5.5566449395293915,False
91,WINNERS_20D,CONSENSUS,20,Reversal: 50D Support + Bull Engulf + Reversal: 50D Support + Higher Low + Secondary: Breakdown + 50D Support + Reversal: 50D Support + Hammer,4,1,13255,0.6030931723877782,0.021726141722101713,0.006506309148264888,1.694994019447503,-0.9834088927637314,7.915789473684212,0.011209799605631178,83.28708156542206,5.712918434577944,False
92,WINNERS_20D,CONSENSUS,20,Reversal: 50D Support + Bull Engulf + Reversal: Bottom Reclaim + Support + Secondary: Breakdown + 50D Support,3,1,7006,0.5705109905795033,0.030827756110559528,0.012299097550494298,1.5516552633879424,-0.9994049504950495,7.915789473684212,0.011964087070092557,83.28255356202402,5.71744643797598,False
93,WINNERS_20D,CONSENSUS,20,Reversal: 50D Support + Higher Low + Secondary: Breakdown + 50D Support + Reversal: 50D Support + Hammer,3,1,12930,0.6034029389017788,0.021698016224705657,0.006449013542668469,1.7031066610711543,-0.9834088927637314,7.915789473684212,0.011180931053048751,83.22245844678791,5.777541553212089,False
94,WINNERS_20D,CONSENSUS,20,Reversal: 50D Support + Higher Low + Secondary: Breakdown + 50D Support + Reversal: 50D Support + Hammer + Reversal: 50D Support + RSI + Higher Low,4,1,12930,0.6034029389017788,0.021698016224705657,0.006449013542668469,1.7031066610711543,-0.9834088927637314,7.915789473684212,0.011180931053048751,83.22245844678791,5.777541553212089,False
95,WINNERS_10D,AND,10,Reversal: 50D Support + Higher Low + Reversal: Bottom Reclaim + Support,2,2,1767,0.5840407470288624,0.031771401968769396,0.009985734664764712,1.944220957654326,-0.98789313904068,9.459081836327346,0.011177408869344013,83.21248215539194,5.787517844608061,False
96,WINNERS_10D,CONSENSUS,10,Reversal: 50D Support + Higher Low + Secondary: Breakdown + 50D Support + Reversal: Bottom Reclaim + Support,3,2,1767,0.5840407470288624,0.031771401968769396,0.009985734664764712,1.944220957654326,-0.98789313904068,9.459081836327346,0.011177408869344013,83.21248215539194,5.787517844608061,False
97,CROSS_10D_20D,AND,10,10D:Reversal: 50D Support + Higher Low + 20D:Reversal: Bottom Reclaim + Support,2,2,1767,0.5840407470288624,0.031771401968769396,0.009985734664764712,1.944220957654326,-0.98789313904068,9.459081836327346,0.011177408869344013,83.21248215539194,5.787517844608061,False
98,CROSS_10D_20D,AND,10,10D:Reversal: Bottom Reclaim + Support + 20D:Reversal: 50D Support + Higher Low,2,2,1767,0.5840407470288624,0.031771401968769396,0.009985734664764712,1.944220957654326,-0.98789313904068,9.459081836327346,0.011177408869344013,83.21248215539194,5.787517844608061,False
99,WINNERS_20D,CONSENSUS,20,Reversal: 50D Support + Higher Low + Secondary: Breakdown + 50D Support + Reversal: 50D Support + Volume + Reversal: Bull Engulf + Support,4,1,15675,0.6015948963317385,0.020724416800782457,0.006711409395973034,1.6294718417924603,-0.9846058534501175,6.810090328266138,0.010816100499158666,83.14563242134878,5.854367578651221,False
100,WINNERS_10D,CONSENSUS,10,Secondary: Breakdown + 50D Support + Reversal: 50D Support + RSI + Higher Low + Reversal: 50D Support + Hammer + Reversal: 50D Support + RSI,4,2,1007,0.5571002979145978,0.058280162542337255,0.009842519685039353,2.3294583518085523,-0.7945071113290829,9.459081836327346,0.017203748754853247,83.13475098235243,5.865249017647571,False
101,WINNERS_20D,CONSENSUS,20,Reversal: 50D Support + Bull Engulf + Reversal: 50D Support + Higher Low + Reversal: 50D Support + Hammer,3,1,11525,0.6104121475054229,0.021185565334476367,0.0063331222292590805,1.7542578936652156,-0.9211320754716981,7.915789473684212,0.010918615008608823,82.93880292840093,6.061197071599068,False
102,WINNERS_20D,CONSENSUS,20,Reversal: 50D Support + Bull Engulf + Reversal: 50D Support + Higher Low + Reversal: 50D Support + Hammer + Reversal: 50D Support + RSI + Higher Low,4,1,11525,0.6104121475054229,0.021185565334476367,0.0063331222292590805,1.7542578936652156,-0.9211320754716981,7.915789473684212,0.010918615008608823,82.93880292840093,6.061197071599068,False
103,WINNERS_20D,CONSENSUS,20,Reversal: 50D Support + Higher Low + Secondary: Breakdown + 50D Support + Reversal: 50D Support + Hammer + Reversal: Bull Engulf + Support,4,1,13580,0.6002945508100147,0.021290561033226005,0.006327862616434143,1.6903214720583062,-0.9834088927637314,7.915789473684212,0.010880306835186126,82.90612708871521,6.093872911284791,False
104,WINNERS_20D,CONSENSUS,20,Reversal: 50D Support + Higher Low + Reversal: 50D Support + Hammer,2,1,11200,0.6109821428571428,0.02113740908382376,0.006266895135678019,1.767703573061457,-0.9211320754716981,7.915789473684212,0.010886075650452824,82.86472808959813,6.135271910401869,False
105,WINNERS_20D,CONSENSUS,20,Reversal: 50D Support + Higher Low + Reversal: 50D Support + Hammer + Reversal: 50D Support + RSI + Higher Low,3,1,11200,0.6109821428571428,0.02113740908382376,0.006266895135678019,1.767703573061457,-0.9211320754716981,7.915789473684212,0.010886075650452824,82.86472808959813,6.135271910401869,False
106,CROSS_10D_20D,OR,20,10D:Reversal: 50D Support + Higher Low + 20D:Reversal: 50D Support + Hammer,2,1,11200,0.6109821428571428,0.02113740908382376,0.006266895135678019,1.767703573061457,-0.9211320754716981,7.915789473684212,0.010886075650452824,82.86472808959813,6.135271910401869,False
107,CROSS_10D_20D,OR,20,10D:Reversal: 50D Support + Hammer + 20D:Reversal: 50D Support + Higher Low,2,1,11200,0.6109821428571428,0.02113740908382376,0.006266895135678019,1.767703573061457,-0.9211320754716981,7.915789473684212,0.010886075650452824,82.86472808959813,6.135271910401869,False
108,WINNERS_20D,CONSENSUS,20,Reversal: 50D Support + Bull Engulf + Reversal: 50D Support + Higher Low + Reversal: Bottom Reclaim + Support,3,1,13010,0.6015372790161414,0.022472672609559288,0.006971094611323947,1.635757697306924,-0.9994049504950495,7.915789473684212,0.010077292262502946,82.78629015537018,6.213709844629818,False
109,WINNERS_20D,CONSENSUS,20,Reversal: 50D Support + Bull Engulf + Reversal: 50D Support + Higher Low + Reversal: Bottom Reclaim + Support + Reversal: 50D Support + RSI + Higher Low,4,1,13010,0.6015372790161414,0.022472672609559288,0.006971094611323947,1.635757697306924,-0.9994049504950495,7.915789473684212,0.010077292262502946,82.78629015537018,6.213709844629818,False
110,WINNERS_10D,CONSENSUS,10,Reversal: 50D Support + Bull Engulf + Reversal: 50D Support + Higher Low + Reversal: 50D Support + RSI + Higher Low,3,2,1333,0.5948987246811703,0.031276057286272224,0.005836575875486361,2.261343779886232,-0.7861538461538462,9.459081836327346,0.01231219099134315,82.76136259698384,6.238637403016156,False
111,WINNERS_10D,CONSENSUS,10,Reversal: 50D Support + Bull Engulf + Reversal: 50D Support + Higher Low + Secondary: Breakdown + 50D Support + Reversal: 50D Support + RSI + Higher Low,4,2,1333,0.5948987246811703,0.031276057286272224,0.005836575875486361,2.261343779886232,-0.7861538461538462,9.459081836327346,0.01231219099134315,82.76136259698384,6.238637403016156,False
112,WINNERS_20D,CONSENSUS,20,Reversal: 50D Support + Bull Engulf + Secondary: Breakdown + 50D Support + Reversal: Bull Engulf + Support + Reversal: 50D Support + RSI + Higher Low,4,1,3787,0.5732770002640613,0.02703297451974592,0.008956937799043052,1.6171922437966215,-0.9834088927637314,6.198935462408517,0.013981194699304873,82.74976608443781,6.250233915562191,False
113,WINNERS_10D,CONSENSUS,10,Reversal: 50D Support + Bull Engulf + Reversal: 50D Support + Higher Low + Reversal: 50D Support + RSI,3,2,1358,0.5942562592047128,0.03088453934220958,0.005865153078775331,2.2409084709101443,-0.7861538461538462,9.459081836327346,0.012269377080068915,82.64360748658531,6.35639251341469,False
114,WINNERS_10D,CONSENSUS,10,Reversal: 50D Support + Bull Engulf + Reversal: 50D Support + Higher Low + Reversal: 50D Support + RSI + Higher Low + Reversal: 50D Support + RSI,4,2,1358,0.5942562592047128,0.03088453934220958,0.005865153078775331,2.2409084709101443,-0.7861538461538462,9.459081836327346,0.012269377080068915,82.64360748658531,6.35639251341469,False
115,WINNERS_20D,CONSENSUS,20,Reversal: 50D Support + Bull Engulf + Reversal: 50D Support + Higher Low + Reversal: Bottom Reclaim + Support + Secondary: Breakdown + 50D Support,4,1,14791,0.5957676965722398,0.02297106185180482,0.007205764611689425,1.6143094864481708,-0.9994049504950495,7.915789473684212,0.010571051988070235,82.62722854519305,6.372771454806951,False
116,WINNERS_20D,CONSENSUS,20,Reversal: 50D Support + Higher Low + Reversal: Bottom Reclaim + Support,2,1,12807,0.6013117826188803,0.022374523691577157,0.0068829891838742,1.6340602478724815,-0.9994049504950495,7.915789473684212,0.009938727216658852,82.61628730039979,6.38371269960021,False
117,WINNERS_20D,CONSENSUS,20,Reversal: 50D Support + Higher Low + Reversal: Bottom Reclaim + Support + Reversal: 50D Support + RSI + Higher Low,3,1,12807,0.6013117826188803,0.022374523691577157,0.0068829891838742,1.6340602478724815,-0.9994049504950495,7.915789473684212,0.009938727216658852,82.61628730039979,6.38371269960021,False
118,CROSS_10D_20D,OR,20,10D:Reversal: 50D Support + Higher Low + 20D:Reversal: Bottom Reclaim + Support,2,1,12807,0.6013117826188803,0.022374523691577157,0.0068829891838742,1.6340602478724815,-0.9994049504950495,7.915789473684212,0.009938727216658852,82.61628730039979,6.38371269960021,False
119,CROSS_10D_20D,OR,20,10D:Reversal: Bottom Reclaim + Support + 20D:Reversal: 50D Support + Higher Low,2,1,12807,0.6013117826188803,0.022374523691577157,0.0068829891838742,1.6340602478724815,-0.9994049504950495,7.915789473684212,0.009938727216658852,82.61628730039979,6.38371269960021,False
120,WINNERS_20D,CONSENSUS,20,Reversal: 50D Support + Bull Engulf + Secondary: Breakdown + 50D Support,2,1,2797,0.5723989989274222,0.025026190593619574,0.008530805687203769,1.5682000328601,-0.9834088927637314,2.717595146166575,0.014322958759005926,82.54015648922763,6.459843510772373,False
121,CROSS_10D_20D,OR,20,10D:Reversal: 50D Support + Bull Engulf + 20D:Secondary: Breakdown + 50D Support,2,1,2797,0.5723989989274222,0.025026190593619574,0.008530805687203769,1.5682000328601,-0.9834088927637314,2.717595146166575,0.014322958759005926,82.54015648922763,6.459843510772373,False
122,CROSS_10D_20D,OR,20,10D:Secondary: Breakdown + 50D Support + 20D:Reversal: 50D Support + Bull Engulf,2,1,2797,0.5723989989274222,0.025026190593619574,0.008530805687203769,1.5682000328601,-0.9834088927637314,2.717595146166575,0.014322958759005926,82.54015648922763,6.459843510772373,False
123,WINNERS_20D,CONSENSUS,20,Reversal: 50D Support + Higher Low + Secondary: Breakdown + 50D Support + Reversal: 50D Support + Volume + Reversal: 50D Support + Hammer,4,1,15995,0.600875273522976,0.021222884103346194,0.006616257088846833,1.6145346299082128,-0.9846058534501175,7.915789473684212,0.010086610126130437,82.52715041123295,6.472849588767048,False
124,WINNERS_20D,CONSENSUS,20,Reversal: 50D Support + Higher Low + Reversal: 50D Support + Hammer + Reversal: Bull Engulf + Support,3,1,11850,0.6070042194092827,0.020701219475492923,0.006048996936166895,1.7474884732584488,-0.9211320754716981,7.915789473684212,0.010568274086340493,82.46295326688055,6.537046733119453,False
125,WINNERS_20D,CONSENSUS,20,Reversal: 50D Support + Higher Low + Reversal: 50D Support + Hammer + Reversal: Bull Engulf + Support + Reversal: 50D Support + RSI + Higher Low,4,1,11850,0.6070042194092827,0.020701219475492923,0.006048996936166895,1.7474884732584488,-0.9211320754716981,7.915789473684212,0.010568274086340493,82.46295326688055,6.537046733119453,False
126,WINNERS_20D,CONSENSUS,20,Reversal: 50D Support + Higher Low + Reversal: Bottom Reclaim + Support + Secondary: Breakdown + 50D Support,3,1,14588,0.595489443378119,0.022891830965019695,0.007139893301719047,1.61258963294916,-0.9994049504950495,7.915789473684212,0.010456282167990032,82.44537216530165,6.554627834698351,False
127,WINNERS_20D,CONSENSUS,20,Reversal: 50D Support + Higher Low + Reversal: Bottom Reclaim + Support + Secondary: Breakdown + 50D Support + Reversal: 50D Support + RSI + Higher Low,4,1,14588,0.595489443378119,0.022891830965019695,0.007139893301719047,1.61258963294916,-0.9994049504950495,7.915789473684212,0.010456282167990032,82.44537216530165,6.554627834698351,False
128,WINNERS_20D,CONSENSUS,20,Reversal: 50D Support + Bull Engulf + Reversal: 50D Support + Higher Low + Reversal: 50D Support + Hammer + Reversal: Bull Engulf + Support,4,1,11999,0.605883823651971,0.020637079480222063,0.0060606060606061,1.7332975770474608,-0.9211320754716981,7.915789473684212,0.010508644863328339,82.42693819295084,6.573061807049157,False
129,WINNERS_20D,CONSENSUS,20,Reversal: 50D Support + Higher Low + Reversal: 50D Support + Hammer + Reversal: Bull Engulf + Support + Reversal: 50D Support + RSI + Higher Low,4,2,1437,0.6102992345163535,0.025859280666557356,0.005363984674329414,1.8733430638917419,-0.9030172413793103,6.198935462408517,0.011178959874815776,82.4072084118589,6.592791588141097,False
130,WINNERS_20D,CONSENSUS,20,Reversal: 50D Support + Bull Engulf + Reversal: 50D Support + Higher Low + Reversal: 50D Support + Volume + Reversal: 50D Support + Hammer,4,2,2558,0.6000781860828772,0.019458152324152975,0.004838784199506341,1.8622042450532141,-0.9030172413793103,2.9483870967741934,0.012399619364994011,82.38695499752824,6.613045002471765,False
131,WINNERS_20D,CONSENSUS,20,Reversal: 50D Support + Higher Low + Reversal: Bottom Reclaim + Support + Secondary: Breakdown + 50D Support + Reversal: 50D Support + Volume,4,1,17371,0.5963962926716943,0.022657805725571446,0.007204916295825425,1.5888190888288358,-0.9994049504950495,7.915789473684212,0.01005850515950048,82.34694820344346,6.653051796556539,False
132,WINNERS_20D,CONSENSUS,20,Reversal: 50D Support + Bull Engulf + Reversal: 50D Support + Higher Low + Reversal: 50D Support + Hammer + Reversal: Bull Engulf + Support,4,2,1442,0.6081830790568654,0.019207670943149926,0.004803846153846214,1.9687747487784306,-0.631116504854369,1.670588235294118,0.012689888707233636,82.32797208895981,6.672027911040189,False
133,WINNERS_20D,CONSENSUS,20,Reversal: 50D Support + Bull Engulf + Reversal: Bottom Reclaim + Support + Reversal: Bull Engulf + Support + Reversal: 50D Support + RSI + Higher Low,4,1,5945,0.5739276703111859,0.030198044796477606,0.011414077362079889,1.5565191803229943,-0.9994049504950495,7.915789473684212,0.01079720565993096,82.3130739850391,6.686926014960903,False
134,WINNERS_20D,CONSENSUS,20,Reversal: 50D Support + Bull Engulf + Secondary: Breakdown + 50D Support + Reversal: 50D Support + Volume + Reversal: 50D Support + RSI + Higher Low,4,1,7537,0.588563088762107,0.023714435881902206,0.007858546168958647,1.5378024620244914,-0.9846058534501175,6.810090328266138,0.010857400189860084,82.13080789613187,6.86919210386813,False
135,WINNERS_20D,CONSENSUS,20,Reversal: 50D Support + Bull Engulf + Reversal: 50D Support + Higher Low + Reversal: 50D Support + Volume,3,1,14073,0.6067647267817807,0.01959184048276987,0.006685017695635231,1.6116088032161302,-0.9846058534501175,6.810090328266138,0.009990637668927459,82.09858200619189,6.90141799380811,False
136,WINNERS_20D,CONSENSUS,20,Reversal: 50D Support + Bull Engulf + Reversal: 50D Support + Higher Low + Reversal: 50D Support + Volume + Reversal: 50D Support + RSI + Higher Low,4,1,14073,0.6067647267817807,0.01959184048276987,0.006685017695635231,1.6116088032161302,-0.9846058534501175,6.810090328266138,0.009990637668927459,82.09858200619189,6.90141799380811,False
137,WINNERS_20D,CONSENSUS,20,Reversal: Bottom Reclaim + Support + Reversal: 50D Support + Volume + Reversal: 50D Support + Hammer + Reversal: 50D Support + RSI + Higher Low,4,2,1465,0.5815699658703072,0.035694187462832046,0.011778563015312216,1.584801262238625,-0.9846058534501175,7.915789473684212,0.00832869085424846,82.0087680472217,6.991231952778307,False
138,WINNERS_20D,CONSENSUS,20,Reversal: 50D Support + Higher Low + Reversal: 50D Support + Volume,2,1,13801,0.6070574596043765,0.019527498207832485,0.006628787878787845,1.6168934391240897,-0.9846058534501175,6.810090328266138,0.009981112173495232,81.98492324704479,7.01507675295521,False
139,WINNERS_20D,CONSENSUS,20,Reversal: 50D Support + Higher Low + Reversal: 50D Support + Volume + Reversal: 50D Support + RSI + Higher Low,3,1,13801,0.6070574596043765,0.019527498207832485,0.006628787878787845,1.6168934391240897,-0.9846058534501175,6.810090328266138,0.009981112173495232,81.98492324704479,7.01507675295521,False
140,CROSS_10D_20D,OR,20,10D:Reversal: 50D Support + Higher Low + 20D:Reversal: 50D Support + Volume,2,1,13801,0.6070574596043765,0.019527498207832485,0.006628787878787845,1.6168934391240897,-0.9846058534501175,6.810090328266138,0.009981112173495232,81.98492324704479,7.01507675295521,False
141,CROSS_10D_20D,OR,20,10D:Reversal: 50D Support + Volume + 20D:Reversal: 50D Support + Higher Low,2,1,13801,0.6070574596043765,0.019527498207832485,0.006628787878787845,1.6168934391240897,-0.9846058534501175,6.810090328266138,0.009981112173495232,81.98492324704479,7.01507675295521,False
142,WINNERS_20D,CONSENSUS,20,Reversal: 50D Support + Higher Low + Reversal: Bottom Reclaim + Support + Reversal: Bull Engulf + Support,3,1,13397,0.598193625438531,0.02187533011532589,0.006673021925643452,1.6248038071729234,-0.9994049504950495,7.915789473684212,0.009701640389393406,81.97993430936614,7.0200656906338565,False
143,WINNERS_20D,CONSENSUS,20,Reversal: 50D Support + Higher Low + Reversal: Bottom Reclaim + Support + Reversal: Bull Engulf + Support + Reversal: 50D Support + RSI + Higher Low,4,1,13397,0.598193625438531,0.02187533011532589,0.006673021925643452,1.6248038071729234,-0.9994049504950495,7.915789473684212,0.009701640389393406,81.97993430936614,7.0200656906338565,False
144,WINNERS_20D,CONSENSUS,20,Reversal: 50D Support + Bull Engulf + Reversal: 50D Support + Higher Low + Secondary: Breakdown + 50D Support + Reversal: 50D Support + Hammer,4,2,1317,0.5990888382687927,0.01986849340217326,0.004380724810832293,2.0335949955374035,-0.631116504854369,2.326530612244898,0.011940402465365105,81.95747857078676,7.042521429213238,False
145,WINNERS_20D,CONSENSUS,20,Reversal: 50D Support + Bull Engulf + Reversal: 50D Support + Higher Low + Reversal: Bottom Reclaim + Support + Reversal: Bull Engulf + Support,4,1,13484,0.5978196380895877,0.021939346399711564,0.006692989773537494,1.62431459324603,-0.9994049504950495,7.915789473684212,0.009733983258535495,81.95683612231934,7.043163877680655,False
146,WINNERS_20D,CONSENSUS,20,Reversal: 50D Support + Bull Engulf + Reversal: 50D Support + Higher Low + Reversal: Bottom Reclaim + Support + Reversal: 50D Support + Hammer,4,1,14055,0.5990039131981502,0.022361503236771902,0.006668054977092774,1.613356625837096,-0.9994049504950495,7.915789473684212,0.009451458690538282,81.92362078374833,7.0763792162516665,False
147,WINNERS_20D,CONSENSUS,20,Reversal: 50D Support + Higher Low + Reversal: Bottom Reclaim + Support + Reversal: 50D Support + Volume + Reversal: 50D Support + Hammer,4,2,3849,0.5900233826968043,0.02850620712929257,0.006718070383550989,1.7279344932329719,-0.9846058534501175,7.915789473684212,0.01128041848131807,81.83609709811918,7.163902901880817,False
148,WINNERS_20D,CONSENSUS,20,Reversal: 50D Support + Higher Low + Reversal: Bottom Reclaim + Support + Reversal: 50D Support + Hammer,3,1,13861,0.5988745400764736,0.022359347992435396,0.006615878107457895,1.6142945809278113,-0.9994049504950495,7.915789473684212,0.009379730940937669,81.8091301323756,7.1908698676244,False
149,WINNERS_20D,CONSENSUS,20,Reversal: 50D Support + Higher Low + Reversal: Bottom Reclaim + Support + Reversal: 50D Support + Hammer + Reversal: 50D Support + RSI + Higher Low,4,1,13861,0.5988745400764736,0.022359347992435396,0.006615878107457895,1.6142945809278113,-0.9994049504950495,7.915789473684212,0.009379730940937669,81.8091301323756,7.1908698676244,False
150,WINNERS_20D,CONSENSUS,20,Reversal: Bottom Reclaim + Support + Secondary: Breakdown + 50D Support + Reversal: 50D Support + Volume + Reversal: 50D Support + RSI + Higher Low,4,1,10108,0.5798377522754254,0.027578906916264825,0.009610784029380093,1.5360791877181592,-0.9994049504950495,7.915789473684212,0.010602243341768723,81.79939590759918,7.200604092400823,False
151,WINNERS_20D,CONSENSUS,20,Reversal: 50D Support + Bull Engulf + Reversal: 50D Support + Higher Low + Reversal: Bottom Reclaim + Support + Reversal: 50D Support + Volume,4,1,16281,0.5983661937227444,0.021557321143097635,0.00692307692307681,1.5702839893920586,-0.9994049504950495,7.915789473684212,0.009087842260984,81.73588834183633,7.264111658163671,False
152,WINNERS_20D,AND,20,Secondary: Breakdown + 50D Support,1,1,1781,0.553621560920831,0.02661173789987573,0.01145833333333357,1.5084877662914922,-0.9834088927637314,2.717595146166575,0.014440211974562196,81.69416913439366,7.305830865606339,False
153,WINNERS_20D,CONSENSUS,20,Reversal: 50D Support + Higher Low + Reversal: Bottom Reclaim + Support + Secondary: Breakdown + 50D Support + Reversal: Bull Engulf + Support,4,1,15178,0.5929634998023455,0.02243110441129922,0.0068540496411315655,1.6055214300668308,-0.9994049504950495,7.915789473684212,0.010189208912580355,81.60969388234153,7.390306117658469,False
154,WINNERS_20D,CONSENSUS,20,Reversal: 50D Support + Higher Low + Reversal: Bottom Reclaim + Support + Reversal: 50D Support + Volume,3,1,16119,0.5981760655127489,0.021499909211987186,0.006869479882237517,1.5697099704966446,-0.9994049504950495,7.915789473684212,0.008995849369179553,81.59500785735429,7.40499214264571,False
155,WINNERS_20D,CONSENSUS,20,Reversal: 50D Support + Higher Low + Reversal: Bottom Reclaim + Support + Reversal: 50D Support + Volume + Reversal: 50D Support + RSI + Higher Low,4,1,16119,0.5981760655127489,0.021499909211987186,0.006869479882237517,1.5697099704966446,-0.9994049504950495,7.915789473684212,0.008995849369179553,81.59500785735429,7.40499214264571,False
156,WINNERS_20D,CONSENSUS,20,Secondary: Breakdown + 50D Support + Reversal: 50D Support + Volume + Reversal: 50D Support + RSI + Higher Low,3,1,6684,0.5857271095152603,0.02394996004624702,0.008030202821869503,1.521525339222774,-0.9846058534501175,6.810090328266138,0.010590381549475064,81.58662319771847,7.413376802281533,False
157,WINNERS_20D,CONSENSUS,20,Reversal: 50D Support + Higher Low + Reversal: 50D Support + Volume + Reversal: 50D Support + Hammer,3,1,14771,0.6030058899194367,0.01998563740585007,0.0063719633612107085,1.598540408333233,-0.9846058534501175,7.915789473684212,0.009001837040226062,81.51598770692765,7.484012293072354,False
158,WINNERS_20D,CONSENSUS,20,Reversal: 50D Support + Higher Low + Reversal: 50D Support + Volume + Reversal: 50D Support + Hammer + Reversal: 50D Support + RSI + Higher Low,4,1,14771,0.6030058899194367,0.01998563740585007,0.0063719633612107085,1.598540408333233,-0.9846058534501175,7.915789473684212,0.009001837040226062,81.51598770692765,7.484012293072354,False
159,WINNERS_20D,CONSENSUS,20,Reversal: 50D Support + Higher Low + Reversal: Bottom Reclaim + Support + Secondary: Breakdown + 50D Support + Reversal: 50D Support + Hammer,4,1,15591,0.5939323968956449,0.02268868517540665,0.006797281087564944,1.594352039031145,-0.9994049504950495,7.915789473684212,0.009884345002065533,81.49995238316367,7.500047616836326,False
160,WINNERS_20D,CONSENSUS,20,Reversal: 50D Support + Bull Engulf + Reversal: 50D Support + Higher Low + Reversal: 50D Support + Volume + Reversal: 50D Support + Hammer,4,1,15036,0.6027533918595371,0.019953729734408482,0.006398907339515425,1.591647811410354,-0.9846058534501175,7.915789473684212,0.008945349992536494,81.46192273344741,7.538077266552591,False
161,WINNERS_20D,CONSENSUS,20,Reversal: 50D Support + Higher Low + Reversal: 50D Support + Volume + Reversal: Bull Engulf + Support,3,1,14423,0.6040352215211815,0.019262533916756905,0.006461232604373812,1.6093386527674298,-0.9846058534501175,6.810090328266138,0.009757670201315986,81.42671102102426,7.573288978975739,False
162,WINNERS_20D,CONSENSUS,20,Reversal: 50D Support + Higher Low + Reversal: 50D Support + Volume + Reversal: Bull Engulf + Support + Reversal: 50D Support + RSI + Higher Low,4,1,14423,0.6040352215211815,0.019262533916756905,0.006461232604373812,1.6093386527674298,-0.9846058534501175,6.810090328266138,0.009757670201315986,81.42671102102426,7.573288978975739,False
163,WINNERS_10D,CONSENSUS,10,Reversal: 50D Support + RSI + Higher Low + Reversal: Bottom Reclaim + Support + Reversal: 50D Support + RSI,3,2,1721,0.5671121441022661,0.04258993492868731,0.014981273408239737,1.7525317719153282,-0.999015561015561,13.976958525345621,0.007524853043921892,81.39828552283224,7.601714477167761,False
164,WINNERS_20D,CONSENSUS,20,Reversal: 50D Support + Bull Engulf + Reversal: Bottom Reclaim + Support + Secondary: Breakdown + 50D Support + Reversal: 50D Support + Volume,4,1,10582,0.5802305802305803,0.02725890325735499,0.008844877261999562,1.5471323861349981,-0.9994049504950495,7.915789473684212,0.010714297638300082,81.37447788032144,7.625522119678564,False
165,WINNERS_10D,CONSENSUS,10,Reversal: 50D Support + Bull Engulf + Reversal: 50D Support + Higher Low + Reversal: 50D Support + RSI + Higher Low + Reversal: Bottom Reclaim + Support,4,2,2883,0.5848074921956296,0.025898966472773746,0.007633587786259444,1.9115175973679492,-0.98789313904068,9.459081836327346,0.010788110095895266,81.28418877755429,7.7158112224457085,False
166,WINNERS_20D,CONSENSUS,20,Reversal: 50D Support + Bull Engulf + Reversal: 50D Support + Higher Low + Reversal: 50D Support + Volume + Reversal: Bull Engulf + Support,4,1,14547,0.6031484154808552,0.01919135542155528,0.006451612903225712,1.6006683319506105,-0.9846058534501175,6.810090328266138,0.009648322107227462,81.26630667939516,7.733693320604843,False
167,WINNERS_10D,CONSENSUS,10,Reversal: 50D Support + Bull Engulf + Reversal: 50D Support + RSI + Higher Low,2,1,1713,0.5866900175131349,0.02819879026011449,0.006211180124223725,2.0978999004439864,-0.7861538461538462,9.459081836327346,0.011606368754270768,81.14483124439336,7.855168755606641,False
168,CROSS_10D_20D,OR,10,10D:Reversal: 50D Support + Bull Engulf + 20D:Reversal: 50D Support + RSI + Higher Low,2,1,1713,0.5866900175131349,0.02819879026011449,0.006211180124223725,2.0978999004439864,-0.7861538461538462,9.459081836327346,0.011606368754270768,81.14483124439336,7.855168755606641,False
169,CROSS_10D_20D,OR,10,10D:Reversal: 50D Support + RSI + Higher Low + 20D:Reversal: 50D Support + Bull Engulf,2,1,1713,0.5866900175131349,0.02819879026011449,0.006211180124223725,2.0978999004439864,-0.7861538461538462,9.459081836327346,0.011606368754270768,81.14483124439336,7.855168755606641,False
170,WINNERS_20D,CONSENSUS,20,Reversal: 50D Support + Higher Low + Reversal: Bottom Reclaim + Support + Reversal: 50D Support + Hammer + Reversal: Bull Engulf + Support,4,1,14445,0.5959847698165455,0.021885278099037737,0.00641916167664669,1.6060898960160448,-0.9994049504950495,7.915789473684212,0.009125423677648386,80.98923398514555,8.010766014854454,False
171,WINNERS_20D,CONSENSUS,20,Reversal: 50D Support + Higher Low + Reversal: 50D Support + Volume + Reversal: 50D Support + Hammer + Reversal: Bull Engulf + Support,4,1,15388,0.6002729399532103,0.019700040155540794,0.006223166336456365,1.591793495347515,-0.9846058534501175,7.915789473684212,0.00880553066359357,80.97156290557824,8.028437094421761,False
172,WINNERS_20D,CONSENSUS,20,Reversal: Bottom Reclaim + Support + Secondary: Breakdown + 50D Support + Reversal: 50D Support + Volume,3,1,9875,0.5775189873417722,0.027552276731050318,0.009178321678321666,1.533792718564906,-0.9994049504950495,7.915789473684212,0.010391310444139169,80.93038864880766,8.069611351192336,False
173,WINNERS_20D,CONSENSUS,20,Reversal: 50D Support + Higher Low + Reversal: Bottom Reclaim + Support + Reversal: 50D Support + Volume + Reversal: Bull Engulf + Support,4,1,16684,0.5956605130664109,0.021122480059443564,0.006709402212968785,1.563827184600753,-0.9994049504950495,7.915789473684212,0.00881087513436964,80.91696018823895,8.083039811761054,False
174,WINNERS_20D,CONSENSUS,20,Reversal: 50D Support + Higher Low + Reversal: Bottom Reclaim + Support + Secondary: Breakdown + 50D Support + Reversal: 50D Support + Volume,4,2,3522,0.5814877910278251,0.025084122397876798,0.007797270955165803,1.5705773669666223,-0.9846058534501175,6.198935462408517,0.010741260168975603,80.81853018107691,8.181469818923091,False
175,WINNERS_20D,CONSENSUS,20,Reversal: 50D Support + Bull Engulf + Reversal: Bottom Reclaim + Support + Secondary: Breakdown + 50D Support + Reversal: Bull Engulf + Support,4,1,7480,0.5657754010695187,0.029336889774588832,0.010796787858470713,1.5411808794880426,-0.9994049504950495,7.915789473684212,0.011197602254020363,80.79169276262142,8.208307237378577,False
176,WINNERS_20D,CONSENSUS,20,Reversal: 50D Support + Bull Engulf + Reversal: Bottom Reclaim + Support + Reversal: Bull Engulf + Support,3,1,5699,0.5695736094051588,0.03018852962173114,0.010727056019070202,1.5509392206892174,-0.9994049504950495,7.915789473684212,0.010344418982818404,80.73254115227626,8.267458847723745,False
177,WINNERS_20D,CONSENSUS,20,Reversal: 50D Support + Higher Low + Reversal: Bottom Reclaim + Support + Reversal: 50D Support + Volume + Reversal: 50D Support + Hammer,4,1,16946,0.5960108580195916,0.02139026781680278,0.006650832854888544,1.5561893090638321,-0.9994049504950495,7.915789473684212,0.008534675688924501,80.72427441112504,8.275725588874963,False
178,WINNERS_20D,CONSENSUS,20,Reversal: Bottom Reclaim + Support + Secondary: Breakdown + 50D Support + Reversal: Bull Engulf + Support + Reversal: 50D Support + RSI + Higher Low,4,1,7336,0.5673391494002181,0.0289666375782199,0.010891850512003476,1.525481983487346,-0.9994049504950495,7.915789473684212,0.010657427584135333,80.71848347214046,8.281516527859537,False
179,WINNERS_20D,CONSENSUS,20,Reversal: 50D Support + Bull Engulf + Reversal: Bottom Reclaim + Support + Reversal: 50D Support + Volume + Reversal: 50D Support + RSI + Higher Low,4,1,9554,0.5834205568348336,0.02597616382161769,0.008643678160919599,1.5206303240211285,-0.9994049504950495,7.915789473684212,0.00928650214035835,80.68439469843074,8.315605301569263,False
180,WINNERS_20D,CONSENSUS,20,Reversal: Bottom Reclaim + Support + Reversal: Bull Engulf + Support + Reversal: 50D Support + RSI + Higher Low,3,1,5555,0.5717371737173718,0.029721646818027456,0.010886469673405896,1.5305723078768594,-0.9994049504950495,7.915789473684212,0.009604662000932164,80.65787770864884,8.34212229135116,False
181,WINNERS_10D,CONSENSUS,10,Reversal: 50D Support + Higher Low + Reversal: Bottom Reclaim + Support + Reversal: 50D Support + RSI,3,2,3176,0.5752518891687658,0.03299677415413516,0.011886257246214504,1.7379961925889948,-0.999015561015561,13.976958525345621,0.007816930614582641,80.65270575705881,8.347294242941189,False
182,WINNERS_10D,CONSENSUS,10,Reversal: 50D Support + Higher Low + Reversal: 50D Support + RSI + Higher Low + Reversal: Bottom Reclaim + Support + Reversal: 50D Support + RSI,4,2,3176,0.5752518891687658,0.03299677415413516,0.011886257246214504,1.7379961925889948,-0.999015561015561,13.976958525345621,0.007816930614582641,80.65270575705881,8.347294242941189,False
183,WINNERS_10D,CONSENSUS,10,Reversal: 50D Support + Bull Engulf + Reversal: 50D Support + RSI + Higher Low + Reversal: Bottom Reclaim + Support + Reversal: 50D Support + RSI,4,2,1929,0.5650596163815449,0.040877285394505546,0.01359223300970891,1.761566751386285,-0.999015561015561,13.976958525345621,0.008309671595618883,80.60303118425331,8.396968815746689,False
184,WINNERS_20D,CONSENSUS,20,Reversal: 50D Support + Higher Low + Secondary: Breakdown + 50D Support + Reversal: 50D Support + Volume + Reversal: 50D Support + RSI + Higher Low,4,2,2114,0.586565752128666,0.02313448887323919,0.006419824496547988,1.5982828735083705,-0.9834088927637314,6.198935462408517,0.010406764773142355,80.38090064037875,8.619099359621245,False
185,WINNERS_20D,CONSENSUS,20,Reversal: 50D Support + Bull Engulf + Reversal: Bottom Reclaim + Support + Reversal: 50D Support + Hammer + Reversal: 50D Support + RSI + Higher Low,4,1,7059,0.5789771922368607,0.028959308971258743,0.00849979781641741,1.5558329264769784,-0.9994049504950495,7.915789473684212,0.009875258405805033,80.27749087281029,8.72250912718971,False
186,WINNERS_10D,CONSENSUS,10,Reversal: 50D Support + Bull Engulf + Reversal: 50D Support + Higher Low + Secondary: Breakdown + 50D Support + Reversal: 50D Support + RSI,4,2,1532,0.5828981723237598,0.031540157385895176,0.005708070260644238,2.2308331375556074,-0.7861538461538462,9.459081836327346,0.011762395502914556,80.2525447099624,8.747455290037607,False
187,WINNERS_20D,CONSENSUS,20,Reversal: 50D Support + Bull Engulf + Secondary: Breakdown + 50D Support + Reversal: 50D Support + Volume,3,1,7081,0.5852280751306312,0.021479577379364994,0.007053291536050166,1.4947415248373654,-0.9846058534501175,6.810090328266138,0.009987065672121726,80.2306391751902,8.769360824809795,False
188,WINNERS_20D,CONSENSUS,20,Reversal: Bull Engulf + Support + Reversal: 50D Support + RSI + Higher Low,2,1,1522,0.5886990801576872,0.025540725498244647,0.006001803482811097,1.7064193283121134,-0.9030172413793103,6.198935462408517,0.010127112688347326,80.21320048798336,8.786799512016643,False
189,CROSS_10D_20D,OR,20,10D:Reversal: 50D Support + RSI + Higher Low + 20D:Reversal: Bull Engulf + Support,2,1,1522,0.5886990801576872,0.025540725498244647,0.006001803482811097,1.7064193283121134,-0.9030172413793103,6.198935462408517,0.010127112688347326,80.21320048798336,8.786799512016643,False
190,WINNERS_20D,CONSENSUS,20,Reversal: 50D Support + Bull Engulf + Reversal: 50D Support + Higher Low + Reversal: 50D Support + Hammer,3,2,1266,0.6018957345971564,0.017841760393050205,0.004373508280879457,1.9925540636839827,-0.631116504854369,1.021276595744681,0.012043781706820153,80.15472788382492,8.845272116175082,False
191,WINNERS_20D,CONSENSUS,20,Reversal: Bottom Reclaim + Support + Reversal: 50D Support + Volume + Reversal: 50D Support + RSI + Higher Low,3,1,8856,0.580736224028907,0.026167105288925546,0.00895344777214846,1.5039064167414244,-0.9994049504950495,7.915789473684212,0.008795365697847418,80.1009807739814,8.899019226018595,False
192,WINNERS_20D,CONSENSUS,20,Secondary: Breakdown + 50D Support + Reversal: Bull Engulf + Support + Reversal: 50D Support + RSI + Higher Low,3,1,3303,0.5697850438994854,0.026118222648503487,0.007909045971329576,1.5819634966341234,-0.9834088927637314,6.198935462408517,0.012225318035564248,80.06494698841793,8.93505301158207,False
193,WINNERS_20D,CONSENSUS,20,Reversal: Bottom Reclaim + Support + Secondary: Breakdown + 50D Support + Reversal: 50D Support + Hammer + Reversal: 50D Support + RSI + Higher Low,4,1,7991,0.5705168314353648,0.02901409094667242,0.009451609727281651,1.5280656159852184,-0.9994049504950495,7.915789473684212,0.010449158810663139,80.01171497601939,8.988285023980609,False
194,WINNERS_20D,CONSENSUS,20,Reversal: 50D Support + Bull Engulf + Reversal: 50D Support + Volume + Reversal: 50D Support + RSI + Higher Low,3,1,6285,0.5915672235481305,0.020955289828324074,0.007038948850305093,1.4838298831006052,-0.9846058534501175,6.810090328266138,0.00834968329995743,79.86650942239541,9.13349057760459,False
195,WINNERS_10D,CONSENSUS,10,Reversal: 50D Support + Bull Engulf + Reversal: 50D Support + Higher Low + Reversal: Bottom Reclaim + Support,3,2,2612,0.5849923430321593,0.025409931574922797,0.007048867358483979,1.8951396606498243,-0.98789313904068,9.459081836327346,0.009432953774112922,79.86008968814087,9.139910311859126,False
196,WINNERS_10D,CONSENSUS,10,Reversal: 50D Support + Bull Engulf + Reversal: 50D Support + Higher Low + Secondary: Breakdown + 50D Support + Reversal: Bottom Reclaim + Support,4,2,2612,0.5849923430321593,0.025409931574922797,0.007048867358483979,1.8951396606498243,-0.98789313904068,9.459081836327346,0.009432953774112922,79.86008968814087,9.139910311859126,False
197,WINNERS_20D,CONSENSUS,20,Reversal: 50D Support + Bull Engulf + Reversal: Bottom Reclaim + Support + Reversal: 50D Support + Volume,3,1,9330,0.5811361200428724,0.025875885058783524,0.008255802303910764,1.5168784581449604,-0.9994049504950495,7.915789473684212,0.00893830509682189,79.75160055769489,9.248399442305114,False
198,WINNERS_20D,CONSENSUS,20,Reversal: Bottom Reclaim + Support + Reversal: 50D Support + Hammer + Reversal: 50D Support + RSI + Higher Low,3,1,6261,0.5749880210828942,0.030032779541325865,0.008995502248875686,1.5396971969374682,-0.9994049504950495,7.915789473684212,0.009535391666048063,79.72950728334183,9.270492716658168,False
199,WINNERS_10D,CONSENSUS,10,Reversal: 50D Support + Higher Low + Secondary: Breakdown + 50D Support + Reversal: Bottom Reclaim + Support + Reversal: 50D Support + RSI,4,2,3350,0.571044776119403,0.033186886985672855,0.011161015800889351,1.7539308569057572,-0.999015561015561,13.976958525345621,0.007835167900057956,79.42126712894431,9.578732871055692,False
200,WINNERS_20D,CONSENSUS,20,Reversal: Bottom Reclaim + Support + Secondary: Breakdown + 50D Support + Reversal: Bull Engulf + Support,3,1,7079,0.563497669162311,0.028924183556639643,0.010318949343339545,1.5205220254256098,-0.9994049504950495,7.915789473684212,0.010263393063571958,79.35303499890213,9.646965001097868,False
201,WINNERS_20D,CONSENSUS,20,Secondary: Breakdown + 50D Support + Reversal: 50D Support + Volume + Reversal: Bull Engulf + Support + Reversal: 50D Support + RSI + Higher Low,4,1,7590,0.5823451910408433,0.022303029144555713,0.0067814033114796946,1.5123644249288293,-0.9846058534501175,6.810090328266138,0.009555163865069405,79.30995722255237,9.69004277744763,False
202,WINNERS_20D,CONSENSUS,20,Reversal: 50D Support + Bull Engulf + Reversal: Bottom Reclaim + Support + Secondary: Breakdown + 50D Support + Reversal: 50D Support + Hammer,4,1,8550,0.571345029239766,0.028150175004343345,0.008346559629962558,1.536448123990159,-0.9994049504950495,7.915789473684212,0.010241438175016762,79.16516989369549,9.834830106304508,False
203,WINNERS_10D,CONSENSUS,10,Secondary: Breakdown + 50D Support + Reversal: 50D Support + RSI + Higher Low + Reversal: Bottom Reclaim + Support + Reversal: 50D Support + RSI,4,2,1895,0.5604221635883905,0.04204516870751538,0.012866837049440472,1.774604647827062,-0.999015561015561,13.976958525345621,0.008123048786153428,79.14610830809383,9.85389169190617,False
204,WINNERS_20D,CONSENSUS,20,Reversal: Bottom Reclaim + Support + Secondary: Breakdown + 50D Support + Reversal: 50D Support + Volume + Reversal: Bull Engulf + Support,4,1,10703,0.5754461365972158,0.026055750757696755,0.007993605115907298,1.5259702632732013,-0.9994049504950495,7.915789473684212,0.009578527066603622,79.08678856975249,9.913211430247514,False
205,WINNERS_20D,CONSENSUS,20,Reversal: Bottom Reclaim + Support + Reversal: 50D Support + Volume,2,1,8623,0.5781050678418184,0.026098460634146087,0.008415458937198084,1.5005767839415503,-0.9994049504950495,7.915789473684212,0.008425307667920948,78.98141959414234,10.018580405857662,False
206,CROSS_10D_20D,OR,20,10D:Reversal: Bottom Reclaim + Support + 20D:Reversal: 50D Support + Volume,2,1,8623,0.5781050678418184,0.026098460634146087,0.008415458937198084,1.5005767839415503,-0.9994049504950495,7.915789473684212,0.008425307667920948,78.98141959414234,10.018580405857662,False
207,CROSS_10D_20D,OR,20,10D:Reversal: 50D Support + Volume + 20D:Reversal: Bottom Reclaim + Support,2,1,8623,0.5781050678418184,0.026098460634146087,0.008415458937198084,1.5005767839415503,-0.9994049504950495,7.915789473684212,0.008425307667920948,78.98141959414234,10.018580405857662,False
208,WINNERS_20D,CONSENSUS,20,Secondary: Breakdown + 50D Support + Reversal: 50D Support + Volume,2,1,6213,0.5816835667149525,0.02148649870056734,0.007053291536050166,1.4748586105662223,-0.9846058534501175,6.810090328266138,0.009515158016768721,78.95457512654328,10.045424873456724,False
209,CROSS_10D_20D,OR,20,10D:Secondary: Breakdown + 50D Support + 20D:Reversal: 50D Support + Volume,2,1,6213,0.5816835667149525,0.02148649870056734,0.007053291536050166,1.4748586105662223,-0.9846058534501175,6.810090328266138,0.009515158016768721,78.95457512654328,10.045424873456724,False
210,CROSS_10D_20D,OR,20,10D:Reversal: 50D Support + Volume + 20D:Secondary: Breakdown + 50D Support,2,1,6213,0.5816835667149525,0.02148649870056734,0.007053291536050166,1.4748586105662223,-0.9846058534501175,6.810090328266138,0.009515158016768721,78.95457512654328,10.045424873456724,False
211,WINNERS_20D,CONSENSUS,20,Reversal: Bottom Reclaim + Support + Reversal: Bull Engulf + Support,2,1,5298,0.5668176670441676,0.029701545903694483,0.010166156368662804,1.5242590931735003,-0.9994049504950495,7.915789473684212,0.009035931947241593,78.87117741095622,10.128822589043779,False
212,CROSS_10D_20D,OR,20,10D:Reversal: Bottom Reclaim + Support + 20D:Reversal: Bull Engulf + Support,2,1,5298,0.5668176670441676,0.029701545903694483,0.010166156368662804,1.5242590931735003,-0.9994049504950495,7.915789473684212,0.009035931947241593,78.87117741095622,10.128822589043779,False
213,WINNERS_20D,CONSENSUS,20,Reversal: 50D Support + Bull Engulf + Reversal: Bottom Reclaim + Support + Reversal: 50D Support + Hammer,3,1,6820,0.5756598240469208,0.028866221149636,0.007865177365807496,1.5498901500867308,-0.9994049504950495,7.915789473684212,0.00932976535894676,78.83951105138583,10.160488948614173,False
214,WINNERS_20D,CONSENSUS,20,Reversal: 50D Support + Bull Engulf + Reversal: 50D Support + Hammer + Reversal: 50D Support + RSI + Higher Low,3,1,3331,0.5893125187631342,0.026649960311549717,0.00562556255625557,1.6556336163480905,-0.9211320754716981,7.915789473684212,0.008407520737907724,78.74356559781151,10.25643440218849,False
215,WINNERS_20D,CONSENSUS,20,Reversal: 50D Support + Bull Engulf + Secondary: Breakdown + 50D Support + Reversal: 50D Support + Hammer + Reversal: 50D Support + RSI + Higher Low,4,1,5061,0.5773562537048014,0.02619786323738197,0.006360078277886538,1.5865482599375311,-0.9834088927637314,7.915789473684212,0.01032442941410757,78.73942305312916,10.260576946870842,False
216,WINNERS_10D,AND,10,Reversal: Bottom Reclaim + Support + Reversal: 50D Support + RSI,2,2,1437,0.5636743215031316,0.04510897962495654,0.013748513674197271,1.7270405124500556,-0.999015561015561,13.976958525345621,0.005810998053628239,78.61535404639106,10.384645953608938,False
217,CROSS_10D_20D,AND,10,10D:Reversal: 50D Support + RSI + 20D:Reversal: Bottom Reclaim + Support,2,2,1437,0.5636743215031316,0.04510897962495654,0.013748513674197271,1.7270405124500556,-0.999015561015561,13.976958525345621,0.005810998053628239,78.61535404639106,10.384645953608938,False
218,WINNERS_10D,CONSENSUS,10,Reversal: 50D Support + Bull Engulf + Reversal: Bottom Reclaim + Support + Reversal: 50D Support + RSI,3,2,1658,0.5621230398069964,0.04255506903419349,0.01308260093501068,1.7367226839647782,-0.999015561015561,13.976958525345621,0.0067587506790512,78.56818701171247,10.431812988287533,False
219,WINNERS_20D,CONSENSUS,20,Reversal: Bottom Reclaim + Support + Secondary: Breakdown + 50D Support + Reversal: 50D Support + Hammer,3,1,7739,0.5671275358573459,0.028944178743786003,0.008695652173912993,1.522652785447278,-0.9994049504950495,7.915789473684212,0.009966430809158372,78.51781821352783,10.482181786472168,False
220,WINNERS_10D,CONSENSUS,10,Reversal: 50D Support + RSI + Higher Low + Reversal: 50D Support + Hammer + Reversal: Bottom Reclaim + Support + Reversal: 50D Support + RSI,4,2,2026,0.5582428430404739,0.045306722887963585,0.01210968727678674,1.8031937253918575,-0.999015561015561,13.976958525345621,0.008402324089868417,78.42448236507035,10.575517634929653,False
221,WINNERS_10D,CONSENSUS,10,Reversal: 50D Support + Bull Engulf + Reversal: 50D Support + Higher Low + Reversal: Bottom Reclaim + Support + Reversal: 50D Support + RSI,4,2,4007,0.5782380833541303,0.028750843103768402,0.009005481597494036,1.7394495193121609,-0.999015561015561,13.976958525345621,0.007050303646548117,78.41485282538665,10.585147174613354,False
222,WINNERS_20D,CONSENSUS,20,Reversal: Bottom Reclaim + Support + Secondary: Breakdown + 50D Support + Reversal: 50D Support + Volume + Reversal: 50D Support + Hammer,4,1,11160,0.5757168458781362,0.025960860070743545,0.0073680630160725125,1.518265927936587,-0.9994049504950495,7.915789473684212,0.009206578562096031,78.38378882998244,10.616211170017564,False
223,WINNERS_20D,CONSENSUS,20,Reversal: 50D Support + Volume + Reversal: 50D Support + RSI + Higher Low,2,1,5432,0.5885493372606775,0.02081182368892395,0.007063098433966353,1.4580336200454511,-0.9846058534501175,6.810090328266138,0.007515640338011792,78.32617062318738,10.67382937681262,False
224,CROSS_10D_20D,OR,20,10D:Reversal: 50D Support + RSI + Higher Low + 20D:Reversal: 50D Support + Volume,2,1,5432,0.5885493372606775,0.02081182368892395,0.007063098433966353,1.4580336200454511,-0.9846058534501175,6.810090328266138,0.007515640338011792,78.32617062318738,10.67382937681262,False
225,CROSS_10D_20D,OR,20,10D:Reversal: 50D Support + Volume + 20D:Reversal: 50D Support + RSI + Higher Low,2,1,5432,0.5885493372606775,0.02081182368892395,0.007063098433966353,1.4580336200454511,-0.9846058534501175,6.810090328266138,0.007515640338011792,78.32617062318738,10.67382937681262,False
226,WINNERS_20D,CONSENSUS,20,Reversal: 50D Support + Bull Engulf + Reversal: Bottom Reclaim + Support + Reversal: 50D Support + Volume + Reversal: Bull Engulf + Support,4,1,9804,0.5770093839249286,0.024977833925111655,0.007632054937306454,1.5090595490046097,-0.9994049504950495,7.915789473684212,0.008437108403787965,78.22010315997558,10.77989684002442,False
227,CROSS_10D_20D,OR,20,10D:Reversal: 50D Support + RSI + 20D:Reversal: 50D Support + Higher Low,2,1,13121,0.5940858166298301,0.02265928693476063,0.006615878107457895,1.5617802349477559,-0.9943790849673203,11.712765957446809,0.005637016033738619,78.20397337753572,10.796026622464282,False
228,WINNERS_20D,CONSENSUS,20,Reversal: Bottom Reclaim + Support + Reversal: 50D Support + Volume + Reversal: Bull Engulf + Support + Reversal: 50D Support + RSI + Higher Low,4,1,9683,0.5781266136527936,0.024633255846839345,0.007751937984496138,1.4965312839556537,-0.9994049504950495,7.915789473684212,0.008103366397778517,78.18810196143248,10.81189803856752,False
229,WINNERS_20D,CONSENSUS,20,Reversal: 50D Support + Bull Engulf + Secondary: Breakdown + 50D Support + Reversal: 50D Support + Volume + Reversal: Bull Engulf + Support,4,1,7555,0.5796161482461946,0.020590015039924272,0.006446414182111226,1.4840010597988431,-0.9846058534501175,6.810090328266138,0.009293331516803534,78.1408516451992,10.859148354800794,False
230,WINNERS_10D,CONSENSUS,10,Reversal: 50D Support + Bull Engulf + Reversal: 50D Support + Higher Low + Reversal: 50D Support + RSI + Higher Low + Reversal: 50D Support + Hammer,4,2,1973,0.5889508362899138,0.024254155321482108,0.0032532678783627755,2.2207208669118157,-0.7861538461538462,9.459081836327346,0.00996422521496169,78.07159253497899,10.92840746502101,False
231,WINNERS_20D,CONSENSUS,20,Reversal: Bottom Reclaim + Support + Reversal: 50D Support + Hammer,2,1,6009,0.5708104509901814,0.02998546035139655,0.008336641524414379,1.5331930154011322,-0.9994049504950495,7.915789473684212,0.008889274076505723,78.05451186572031,10.945488134279685,False
232,CROSS_10D_20D,OR,20,10D:Reversal: 50D Support + Hammer + 20D:Reversal: Bottom Reclaim + Support,2,1,6009,0.5708104509901814,0.02998546035139655,0.008336641524414379,1.5331930154011322,-0.9994049504950495,7.915789473684212,0.008889274076505723,78.05451186572031,10.945488134279685,False
233,CROSS_10D_20D,OR,20,10D:Reversal: Bottom Reclaim + Support + 20D:Reversal: 50D Support + Hammer,2,1,6009,0.5708104509901814,0.02998546035139655,0.008336641524414379,1.5331930154011322,-0.9994049504950495,7.915789473684212,0.008889274076505723,78.05451186572031,10.945488134279685,False
234,WINNERS_20D,CONSENSUS,20,Secondary: Breakdown + 50D Support + Reversal: 50D Support + Volume + Reversal: 50D Support + Hammer + Reversal: 50D Support + RSI + Higher Low,4,1,8125,0.5805538461538462,0.023150465702869875,0.0062893081761006275,1.509374764919623,-0.9846058534501175,7.915789473684212,0.008338491070022495,77.72982379356671,11.270176206433291,False
235,WINNERS_20D,CONSENSUS,20,Reversal: 50D Support + Higher Low + Reversal: 50D Support + Volume + Reversal: Bull Engulf + Support,3,2,1439,0.6025017373175816,0.0162475405755057,0.004004000000000119,1.8293800126328996,-0.9030172413793103,0.72,0.011218427725755672,77.66436136982254,11.335638630177456,False
236,WINNERS_20D,CONSENSUS,20,Reversal: 50D Support + Bull Engulf + Reversal: 50D Support + Volume + Reversal: Bull Engulf + Support + Reversal: 50D Support + RSI + Higher Low,4,1,6759,0.5848498298564876,0.01999773232347406,0.006402561024409836,1.4723005131287454,-0.9846058534501175,6.810090328266138,0.007686688284174211,77.57798283313912,11.422017166860883,False
237,WINNERS_20D,CONSENSUS,20,Reversal: 50D Support + Higher Low + Reversal: 50D Support + Volume + Reversal: 50D Support + Hammer,3,2,1898,0.5927291886195996,0.017578789828596765,0.004353007279627841,1.7604028506671654,-0.9030172413793103,2.9483870967741934,0.010504670501109368,77.51024626741626,11.489753732583736,False
238,WINNERS_10D,CONSENSUS,10,Reversal: 50D Support + Bull Engulf + Reversal: 50D Support + Higher Low + Reversal: 50D Support + RSI + Higher Low + Reversal: 50D Support + Volume,4,2,2493,0.5912555154432411,0.02047458413357775,0.0033931168201648543,2.029920730661097,-0.7861538461538462,9.459081836327346,0.008518892308193846,77.47659275347587,11.52340724652413,False
239,WINNERS_20D,CONSENSUS,20,Reversal: 50D Support + Bull Engulf + Reversal: Bottom Reclaim + Support + Reversal: 50D Support + Volume + Reversal: 50D Support + Hammer,4,1,10634,0.5787097987586985,0.024504595408815374,0.006802722177742249,1.5037504887838,-0.9994049504950495,7.915789473684212,0.007875775998760891,77.46050675882712,11.539493241172877,False
240,WINNERS_10D,CONSENSUS,10,Reversal: 50D Support + RSI + Higher Low + Reversal: Bottom Reclaim + Support + Reversal: 50D Support + Volume,3,2,1124,0.5685053380782918,0.03228604996247682,0.010713726776119148,1.6667159249887114,-0.999015561015561,9.459081836327346,0.006230155791419733,77.45880160536947,11.541198394630527,False
241,WINNERS_20D,CONSENSUS,20,Reversal: Bottom Reclaim + Support + Reversal: 50D Support + Volume + Reversal: 50D Support + Hammer + Reversal: 50D Support + RSI + Higher Low,4,1,10163,0.5780773393682967,0.024821919463308424,0.007110907214130213,1.4950195069191003,-0.9994049504950495,7.915789473684212,0.007801820949642769,77.4477611328642,11.552238867135799,False
242,WINNERS_20D,CONSENSUS,20,Reversal: 50D Support + Bull Engulf + Secondary: Breakdown + 50D Support + Reversal: Bull Engulf + Support,3,1,3271,0.5612962396820544,0.02245763720382095,0.006402561024409836,1.535550666600207,-0.9834088927637314,2.717595146166575,0.012089398848074513,77.41834318470568,11.581656815294323,False
243,WINNERS_20D,CONSENSUS,20,Secondary: Breakdown + 50D Support + Reversal: 50D Support + Hammer + Reversal: 50D Support + RSI + Higher Low,3,1,4079,0.570728119637166,0.027479252428026575,0.00635027799841148,1.568195182651745,-0.9834088927637314,7.915789473684212,0.009745495206016351,77.19318317618186,11.806816823818139,False
244,WINNERS_20D,CONSENSUS,20,Reversal: Bottom Reclaim + Support + Reversal: 50D Support + Volume + Reversal: Bull Engulf + Support,3,1,9451,0.5757062744683102,0.02453105424703716,0.007296311309282544,1.493202308851991,-0.9994049504950495,7.915789473684212,0.0077460002477777925,77.1194845600468,11.8805154399532,False
245,WINNERS_10D,CONSENSUS,10,Secondary: Breakdown + 50D Support + Reversal: 50D Support + RSI + Higher Low,2,1,2616,0.5531345565749235,0.028460424534444213,0.008339722326995536,1.7671527175427346,-0.8990566037735849,9.459081836327346,0.011216913010637328,76.8565692657119,12.143430734288103,False
246,CROSS_10D_20D,OR,10,10D:Secondary: Breakdown + 50D Support + 20D:Reversal: 50D Support + RSI + Higher Low,2,1,2616,0.5531345565749235,0.028460424534444213,0.008339722326995536,1.7671527175427346,-0.8990566037735849,9.459081836327346,0.011216913010637328,76.8565692657119,12.143430734288103,False
247,CROSS_10D_20D,OR,10,10D:Reversal: 50D Support + RSI + Higher Low + 20D:Secondary: Breakdown + 50D Support,2,1,2616,0.5531345565749235,0.028460424534444213,0.008339722326995536,1.7671527175427346,-0.8990566037735849,9.459081836327346,0.011216913010637328,76.8565692657119,12.143430734288103,False
248,WINNERS_20D,CONSENSUS,20,Secondary: Breakdown + 50D Support + Reversal: 50D Support + Volume + Reversal: Bull Engulf + Support,3,1,7125,0.5785263157894737,0.020010441103640468,0.006093845216331495,1.4678002979606497,-0.9846058534501175,6.810090328266138,0.008533315215028123,76.85476125444282,12.14523874555718,False
249,WINNERS_20D,CONSENSUS,20,Reversal: Bottom Reclaim + Support + Reversal: 50D Support + Hammer + Reversal: Bull Engulf + Support + Reversal: 50D Support + RSI + Higher Low,4,1,7147,0.5719882468168462,0.02722927555831871,0.007078254030672415,1.5254669398493466,-0.9994049504950495,7.915789473684212,0.008247449514861088,76.8256521286245,12.174347871375502,False
250,WINNERS_20D,CONSENSUS,20,Reversal: 50D Support + Bull Engulf + Secondary: Breakdown + 50D Support + Reversal: 50D Support + Volume + Reversal: 50D Support + Hammer,4,1,8521,0.5805656613073583,0.02100827530811176,0.00592621426989437,1.4832029139089995,-0.9846058534501175,7.915789473684212,0.007854868627611662,76.8168042895059,12.183195710494104,False
251,WINNERS_20D,CONSENSUS,20,Reversal: 50D Support + Bull Engulf + Reversal: Bottom Reclaim + Support + Reversal: 50D Support + Hammer + Reversal: Bull Engulf + Support,4,1,7294,0.5704688785302989,0.02746480729967945,0.006929208176289392,1.5385388086722018,-0.9994049504950495,7.915789473684212,0.008715817566639963,76.8119157289135,12.188084271086495,False
252,WINNERS_10D,CONSENSUS,10,Secondary: Breakdown + 50D Support + Reversal: 50D Support + Hammer + Reversal: Bottom Reclaim + Support + Reversal: 50D Support + RSI,4,2,1966,0.5528992878942014,0.04811310816364538,0.010203165960879224,1.8415614758168406,-0.999015561015561,13.976958525345621,0.009313080527840157,76.78706618223977,12.21293381776023,False
253,WINNERS_10D,CONSENSUS,10,Reversal: 50D Support + Bull Engulf + Reversal: 50D Support + Hammer + Reversal: Bottom Reclaim + Support + Reversal: 50D Support + RSI,4,2,1984,0.5549395161290323,0.04562807723001614,0.010527185458344857,1.8027151861440462,-0.999015561015561,13.976958525345621,0.008507131740027972,76.76565725361831,12.234342746381685,False
254,WINNERS_10D,CONSENSUS,10,Reversal: 50D Support + Higher Low + Secondary: Breakdown + 50D Support + Reversal: 50D Support + RSI + Higher Low + Reversal: 50D Support + Hammer,4,2,1283,0.573655494933749,0.03239420633446263,0.0028712059064808226,2.3423591300593634,-0.7861538461538462,9.459081836327346,0.011960692326395735,76.73317283028226,12.266827169717743,False
255,WINNERS_10D,CONSENSUS,10,Reversal: 50D Support + Hammer + Reversal: Bottom Reclaim + Support + Reversal: 50D Support + RSI,3,2,1751,0.5545402627070246,0.04787879041522736,0.011496722896744416,1.7902370845315412,-0.999015561015561,13.976958525345621,0.007470652732604763,76.64890883984931,12.351091160150688,False
256,WINNERS_10D,CONSENSUS,10,Reversal: 50D Support + Higher Low + Reversal: 50D Support + RSI + Higher Low + Reversal: 50D Support + Volume,3,2,1773,0.5854483925549916,0.023935265604175793,0.0028790786948176272,2.0775902835281452,-0.7861538461538462,9.459081836327346,0.009043194604836248,76.516437067239,12.483562932761004,False
257,WINNERS_20D,CONSENSUS,20,Reversal: Bottom Reclaim + Support + Reversal: 50D Support + Volume + Reversal: 50D Support + Hammer,3,1,9936,0.5757850241545893,0.024705215104497472,0.006792471916488352,1.4910878049961298,-0.9994049504950495,7.915789473684212,0.007441874116172293,76.4913936335292,12.5086063664708,False
258,WINNERS_10D,CONSENSUS,10,Reversal: 50D Support + Higher Low + Reversal: 50D Support + RSI + Higher Low + Reversal: 50D Support + Hammer,3,2,1228,0.5749185667752443,0.031025875580543587,0.002834582944981956,2.3049231258055456,-0.7861538461538462,9.459081836327346,0.011285124253528792,76.40954152809046,12.590458471909542,False
259,WINNERS_10D,CONSENSUS,10,Reversal: 50D Support + Bull Engulf + Secondary: Breakdown + 50D Support + Reversal: Bottom Reclaim + Support + Reversal: 50D Support + RSI,4,2,1832,0.5556768558951966,0.04199488053884477,0.011636021057415569,1.760003570288038,-0.999015561015561,13.976958525345621,0.006723106123609715,76.38215470163505,12.617845298364955,False
260,WINNERS_20D,CONSENSUS,20,Reversal: 50D Support + Bull Engulf + Reversal: 50D Support + Volume + Reversal: 50D Support + Hammer + Reversal: 50D Support + RSI + Higher Low,4,1,7744,0.5848398760330579,0.020805181556916602,0.005853598035244212,1.4803317426148213,-0.9846058534501175,7.915789473684212,0.006390964705602463,76.32893043805834,12.671069561941664,False
261,WINNERS_10D,CONSENSUS,10,Reversal: 50D Support + Bull Engulf + Secondary: Breakdown + 50D Support + Reversal: 50D Support + RSI + Higher Low,3,1,3733,0.5638896330029467,0.024013322643696954,0.006407518154634806,1.759994072741085,-0.8990566037735849,9.459081836327346,0.009984977656917719,76.2759773591555,12.724022640844495,False
262,WINNERS_20D,CONSENSUS,20,Reversal: Bottom Reclaim + Support + Secondary: Breakdown + 50D Support + Reversal: 50D Support + Hammer + Reversal: Bull Engulf + Support,4,1,8627,0.5655500173872725,0.026730712275271636,0.007136929460580976,1.5118614847472347,-0.9994049504950495,7.915789473684212,0.008871623234392579,76.26475075244225,12.735249247557746,False
263,WINNERS_10D,CONSENSUS,10,Secondary: Breakdown + 50D Support + Reversal: Bottom Reclaim + Support + Reversal: 50D Support + RSI,3,2,1611,0.5561762880198634,0.04419610205433478,0.012195121951219523,1.7525069885778781,-0.999015561015561,13.976958525345621,0.00585625206182412,76.2345785130933,12.765421486906703,False
264,WINNERS_20D,CONSENSUS,20,Reversal: 50D Support + Higher Low + Reversal: Bull Engulf + Support + Reversal: 50D Support + RSI + Higher Low,3,2,865,0.6242774566473989,0.03454230792317984,0.00962695547533099,1.8493538649093892,-0.9030172413793103,6.198935462408517,0.014492144062813378,76.19726582537116,12.802734174628839,False
265,WINNERS_20D,CONSENSUS,20,Reversal: 50D Support + Higher Low + Secondary: Breakdown + 50D Support + Reversal: Bull Engulf + Support + Reversal: 50D Support + RSI + Higher Low,4,2,865,0.6242774566473989,0.03454230792317984,0.00962695547533099,1.8493538649093892,-0.9030172413793103,6.198935462408517,0.014492144062813378,76.19726582537116,12.802734174628839,False
266,WINNERS_20D,CONSENSUS,20,Reversal: 50D Support + Bull Engulf + Reversal: Bottom Reclaim + Support + Reversal: Bull Engulf + Support + Reversal: 50D Support + RSI + Higher Low,4,2,896,0.6116071428571429,0.03304812372937978,0.007243465456539977,1.8010555313843306,-0.9030172413793103,6.198935462408517,0.012689248919418144,76.11478406064386,12.885215939356144,False
267,WINNERS_20D,CONSENSUS,20,Reversal: 50D Support + Hammer + Reversal: 50D Support + RSI + Higher Low,2,1,2349,0.5828011919965943,0.029064070926906067,0.005220883534136744,1.6403227294520557,-0.9211320754716981,7.915789473684212,0.00665071373782224,76.03722995340162,12.96277004659838,False
268,CROSS_10D_20D,OR,20,10D:Reversal: 50D Support + RSI + Higher Low + 20D:Reversal: 50D Support + Hammer,2,1,2349,0.5828011919965943,0.029064070926906067,0.005220883534136744,1.6403227294520557,-0.9211320754716981,7.915789473684212,0.00665071373782224,76.03722995340162,12.96277004659838,False
269,CROSS_10D_20D,OR,20,10D:Reversal: 50D Support + Hammer + 20D:Reversal: 50D Support + RSI + Higher Low,2,1,2349,0.5828011919965943,0.029064070926906067,0.005220883534136744,1.6403227294520557,-0.9211320754716981,7.915789473684212,0.00665071373782224,76.03722995340162,12.96277004659838,False
270,WINNERS_10D,CONSENSUS,10,Reversal: 50D Support + Higher Low + Reversal: 50D Support + RSI + Higher Low + Reversal: Bottom Reclaim + Support + Reversal: 50D Support + Volume,4,2,3646,0.5789906747120132,0.02189952862212473,0.00519821883949001,1.6954286204331253,-0.999015561015561,9.459081836327346,0.007301309938897096,75.87309236912586,13.126907630874143,False
271,WINNERS_10D,CONSENSUS,10,Reversal: 50D Support + Higher Low + Reversal: 50D Support + RSI + Higher Low + Reversal: 50D Support + Hammer + Reversal: Bottom Reclaim + Support,4,2,2884,0.573509015256588,0.024279505064122277,0.004757190004714751,1.8105393120846658,-0.98789313904068,9.459081836327346,0.008887362331305713,75.81825012811335,13.181749871886652,False
272,WINNERS_10D,CONSENSUS,10,Reversal: 50D Support + Bull Engulf + Reversal: 50D Support + Higher Low + Reversal: 50D Support + Hammer + Reversal: 50D Support + RSI,4,2,2194,0.5806745670009116,0.028679087826851597,0.003233705827191846,2.1506242804322904,-0.7945071113290829,9.459081836327346,0.008680236371407274,75.71455114910125,13.285448850898746,False
273,WINNERS_20D,CONSENSUS,20,Reversal: Bottom Reclaim + Support + Reversal: 50D Support + Volume + Reversal: 50D Support + Hammer,3,2,1199,0.5763135946622185,0.026547023833516974,0.009477925293075229,1.436808430270407,-0.9846058534501175,7.915789473684212,0.004713811675098436,75.64287567434012,13.357124325659882,False
274,WINNERS_20D,CONSENSUS,20,Secondary: Breakdown + 50D Support + Reversal: 50D Support + Volume + Reversal: 50D Support + Hammer,3,1,7663,0.5770585932402453,0.02111372046775259,0.005802707930367523,1.4700072044924783,-0.9846058534501175,7.915789473684212,0.007428806211264445,75.60018788780617,13.399812112193828,False
275,WINNERS_20D,CONSENSUS,20,Reversal: 50D Support + Volume + Reversal: Bull Engulf + Support + Reversal: 50D Support + RSI + Higher Low,3,1,6338,0.5840959293152413,0.01928814839638651,0.0060641396439454764,1.4523414138963908,-0.9846058534501175,6.810090328266138,0.006720890314115895,75.43193264907927,13.568067350920728,False
276,WINNERS_20D,CONSENSUS,20,Reversal: 50D Support + Bull Engulf + Secondary: Breakdown + 50D Support + Reversal: 50D Support + Hammer,3,1,4556,0.5695785776997366,0.022876203723906013,0.005340556712402078,1.526037840796819,-0.9834088927637314,7.915789473684212,0.00863200161137596,75.40918169278963,13.59081830721037,False
277,WINNERS_20D,CONSENSUS,20,Reversal: Bottom Reclaim + Support + Reversal: 50D Support + Hammer + Reversal: Bull Engulf + Support,3,1,6897,0.5683630564013339,0.027082715202573635,0.006479685948068026,1.5190407882199646,-0.9994049504950495,7.915789473684212,0.007734220298634305,75.38760575191573,13.612394248084271,False
278,WINNERS_20D,CONSENSUS,20,Reversal: 50D Support + Bull Engulf + Reversal: 50D Support + Volume + Reversal: 50D Support + Hammer + Reversal: Bull Engulf + Support,4,2,931,0.6047261009667024,0.020130945822425198,0.004892367906066397,1.6976303527780974,-0.6259314456035767,2.9483870967741934,0.009737255277226388,75.38513438773418,13.614865612265817,False
279,WINNERS_20D,CONSENSUS,20,Reversal: 50D Support + Bull Engulf + Reversal: 50D Support + Hammer + Reversal: Bull Engulf + Support + Reversal: 50D Support + RSI + Higher Low,4,1,3805,0.5776609724047306,0.02423960420528685,0.004901720022396638,1.6174732142384707,-0.9211320754716981,7.915789473684212,0.007206588468989531,75.35806010266138,13.641939897338617,False
280,WINNERS_20D,CONSENSUS,20,Reversal: Bottom Reclaim + Support + Reversal: 50D Support + Volume + Reversal: 50D Support + Hammer + Reversal: Bull Engulf + Support,4,1,10758,0.5738984941438929,0.023425773462429463,0.006208111765294899,1.4843701163421879,-0.9994049504950495,7.915789473684212,0.006901293252110163,75.22130472607242,13.778695273927582,False
281,WINNERS_10D,CONSENSUS,10,Reversal: 50D Support + RSI + Higher Low + Reversal: 50D Support + Volume + Reversal: 50D Support + RSI,3,2,1250,0.5632,0.033192518880870145,0.010486382296933328,1.6038336535698878,-0.999015561015561,9.459081836327346,0.004321505213079255,74.97258229917611,14.02741770082389,False
282,WINNERS_20D,CONSENSUS,20,Reversal: 50D Support + Bull Engulf + Reversal: 50D Support + Higher Low + Reversal: Bull Engulf + Support,3,2,863,0.6210892236384704,0.022432557613489074,0.006430868167202508,1.9560810884952795,-0.631116504854369,1.670588235294118,0.015932525471404085,74.88470653258811,14.115293467411888,False
283,WINNERS_20D,CONSENSUS,20,Reversal: 50D Support + Bull Engulf + Reversal: 50D Support + Higher Low + Secondary: Breakdown + 50D Support + Reversal: Bull Engulf + Support,4,2,863,0.6210892236384704,0.022432557613489074,0.006430868167202508,1.9560810884952795,-0.631116504854369,1.670588235294118,0.015932525471404085,74.88470653258811,14.115293467411888,False
284,WINNERS_20D,CONSENSUS,20,Reversal: 50D Support + Volume + Reversal: 50D Support + Hammer + Reversal: 50D Support + RSI + Higher Low,3,1,6901,0.581509926097667,0.02084413168013428,0.005769230769230749,1.463869454790437,-0.9846058534501175,7.915789473684212,0.005630717318377153,74.86610632849106,14.133893671508943,False
285,WINNERS_20D,CONSENSUS,20,Reversal: 50D Support + Higher Low + Reversal: 50D Support + Volume + Reversal: 50D Support + Hammer + Reversal: Bull Engulf + Support,4,2,2224,0.5948741007194245,0.015807836923535042,0.004094050209205058,1.713856450027621,-0.9030172413793103,2.9483870967741934,0.008997545181961749,74.77221692014756,14.227783079852443,False
286,WINNERS_10D,CONSENSUS,10,Reversal: 50D Support + Bull Engulf + Reversal: 50D Support + Higher Low + Reversal: 50D Support + Hammer + Reversal: Bottom Reclaim + Support,4,2,3458,0.5777906304222094,0.02120154423052226,0.003907160351905636,1.7892151637965654,-0.98789313904068,9.459081836327346,0.007379763091387812,74.76363098617165,14.236369013828352,False
287,WINNERS_10D,CONSENSUS,10,Reversal: 50D Support + Bull Engulf + Reversal: 50D Support + RSI + Higher Low + Reversal: Bottom Reclaim + Support + Reversal: 50D Support + Volume,4,2,1437,0.5650661099512874,0.028557953750845824,0.0079617834394905,1.6512919806979087,-0.999015561015561,9.459081836327346,0.006065954647324813,74.69848855699271,14.301511443007286,False
288,WINNERS_20D,CONSENSUS,20,Reversal: 50D Support + Bull Engulf + Reversal: 50D Support + Volume,2,1,5829,0.5877509006690684,0.018024563519026142,0.006275083612039989,1.4248597145501976,-0.9846058534501175,6.810090328266138,0.007000216129819216,74.68718367943524,14.312816320564764,False
289,CROSS_10D_20D,OR,20,10D:Reversal: 50D Support + Bull Engulf + 20D:Reversal: 50D Support + Volume,2,1,5829,0.5877509006690684,0.018024563519026142,0.006275083612039989,1.4248597145501976,-0.9846058534501175,6.810090328266138,0.007000216129819216,74.68718367943524,14.312816320564764,False
290,CROSS_10D_20D,OR,20,10D:Reversal: 50D Support + Volume + 20D:Reversal: 50D Support + Bull Engulf,2,1,5829,0.5877509006690684,0.018024563519026142,0.006275083612039989,1.4248597145501976,-0.9846058534501175,6.810090328266138,0.007000216129819216,74.68718367943524,14.312816320564764,False
291,WINNERS_10D,CONSENSUS,10,Reversal: 50D Support + Higher Low + Reversal: Bottom Reclaim + Support + Reversal: 50D Support + Volume,3,2,3390,0.5784660766961652,0.021294242313123584,0.004759639345747857,1.6737570663762875,-0.999015561015561,9.459081836327346,0.006183833278805091,74.61861725110892,14.381382748891085,False
292,WINNERS_20D,CONSENSUS,20,Reversal: 50D Support + Bull Engulf + Reversal: 50D Support + Higher Low + Secondary: Breakdown + 50D Support + Reversal: 50D Support + Volume,4,2,2303,0.5848892748588798,0.016180803985416988,0.00493348982785613,1.5326810215740543,-0.9834088927637314,1.0762331838565022,0.00957442777573895,74.54328799792658,14.456712002073417,False
293,WINNERS_20D,CONSENSUS,20,Secondary: Breakdown + 50D Support + Reversal: 50D Support + Hammer + Reversal: Bull Engulf + Support + Reversal: 50D Support + RSI + Higher Low,4,1,5056,0.5676424050632911,0.023906348675385467,0.005223268370393774,1.5429590698924627,-0.9834088927637314,7.915789473684212,0.007954138984364057,74.49012302661689,14.509876973383115,False
294,WINNERS_10D,CONSENSUS,10,Reversal: 50D Support + Higher Low + Reversal: 50D Support + Hammer + Reversal: Bottom Reclaim + Support + Reversal: 50D Support + RSI,4,2,4063,0.5687915333497415,0.03144056155238347,0.006007208650380624,1.7797636895291638,-0.999015561015561,13.976958525345621,0.0067708669644902676,74.38214560277676,14.61785439722324,False
295,WINNERS_10D,CONSENSUS,10,Reversal: 50D Support + Bull Engulf + Reversal: 50D Support + Higher Low + Reversal: Bottom Reclaim + Support + Reversal: 50D Support + Volume,4,2,4172,0.5802972195589645,0.019606752199440622,0.004390447442455758,1.6787856620284318,-0.999015561015561,9.459081836327346,0.00616218320269669,74.23742844313237,14.762571556867627,False
296,WINNERS_10D,CONSENSUS,10,Reversal: 50D Support + Higher Low + Secondary: Breakdown + 50D Support + Reversal: 50D Support + Hammer + Reversal: Bottom Reclaim + Support,4,2,2664,0.5720720720720721,0.024597757344288863,0.004034137934241122,1.8195085968562146,-0.98789313904068,9.459081836327346,0.007794085252617592,74.21651273548939,14.783487264510612,False
297,WINNERS_20D,CONSENSUS,20,Secondary: Breakdown + 50D Support + Reversal: 50D Support + Volume + Reversal: 50D Support + Hammer + Reversal: Bull Engulf + Support,4,1,8568,0.5749299719887955,0.01989970081486353,0.005316282601900535,1.4635342347598221,-0.9846058534501175,7.915789473684212,0.006787812950004516,74.19167172292194,14.808328277078061,False
298,WINNERS_10D,CONSENSUS,10,Reversal: 50D Support + Higher Low + Reversal: 50D Support + Hammer + Reversal: Bottom Reclaim + Support,3,2,2609,0.572633192794174,0.023789357627818128,0.004014221814428343,1.793730558390006,-0.98789313904068,9.459081836327346,0.007445772288196514,74.03386104266431,14.966138957335687,False
299,WINNERS_20D,CONSENSUS,20,Reversal: 50D Support + Bull Engulf + Reversal: Bottom Reclaim + Support + Reversal: 50D Support + Volume + Reversal: 50D Support + Hammer,4,2,1481,0.5739365293720459,0.024830778645804127,0.007627458851866775,1.435785893104875,-0.9846058534501175,7.915789473684212,0.0048543297569496515,73.94719457036788,15.052805429632116,False
300,WINNERS_10D,CONSENSUS,10,Reversal: 50D Support + Higher Low + Reversal: 50D Support + RSI + Higher Low + Reversal: 50D Support + Hammer + Reversal: 50D Support + Volume,4,2,2641,0.5793260128739114,0.0207327612839377,0.0026345502446367686,1.9846462377844027,-0.7861538461538462,9.459081836327346,0.007113272570388779,73.86520259025438,15.134797409745616,False
301,WINNERS_10D,CONSENSUS,10,Reversal: 50D Support + Higher Low + Secondary: Breakdown + 50D Support + Reversal: 50D Support + Hammer + Reversal: 50D Support + RSI,4,2,1639,0.5613178767541184,0.03884846493244643,0.00291545189504383,2.2672605912182133,-0.7945071113290829,9.459081836327346,0.010822169647601328,73.85619561600359,15.143804383996411,False
302,WINNERS_20D,CONSENSUS,20,Reversal: Bottom Reclaim + Support + Reversal: 50D Support + Volume + Reversal: 50D Support + Hammer + Reversal: Bull Engulf + Support,4,2,1354,0.5775480059084195,0.025338656176718315,0.007174271459899795,1.4422448747985641,-0.9846058534501175,7.915789473684212,0.004233210766614834,73.85102723459862,15.148972765401382,False
303,WINNERS_20D,CONSENSUS,20,Reversal: 50D Support + Bull Engulf + Reversal: 50D Support + Hammer,2,1,2826,0.5789101203113942,0.021375660339525034,0.004477942810588886,1.5620324860062003,-0.9211320754716981,7.915789473684212,0.005334151815111088,73.84409102117401,15.155908978825991,False
304,CROSS_10D_20D,OR,20,10D:Reversal: 50D Support + Bull Engulf + 20D:Reversal: 50D Support + Hammer,2,1,2826,0.5789101203113942,0.021375660339525034,0.004477942810588886,1.5620324860062003,-0.9211320754716981,7.915789473684212,0.005334151815111088,73.84409102117401,15.155908978825991,False
305,CROSS_10D_20D,OR,20,10D:Reversal: 50D Support + Hammer + 20D:Reversal: 50D Support + Bull Engulf,2,1,2826,0.5789101203113942,0.021375660339525034,0.004477942810588886,1.5620324860062003,-0.9211320754716981,7.915789473684212,0.005334151815111088,73.84409102117401,15.155908978825991,False
306,WINNERS_20D,CONSENSUS,20,Secondary: Breakdown + 50D Support + Reversal: Bull Engulf + Support,2,1,2775,0.5545945945945946,0.020522995646002882,0.005276256844201077,1.4793036784972675,-0.9834088927637314,2.717595146166575,0.009800996513182551,73.39543375875796,15.60456624124204,False
307,CROSS_10D_20D,OR,20,10D:Secondary: Breakdown + 50D Support + 20D:Reversal: Bull Engulf + Support,2,1,2775,0.5545945945945946,0.020522995646002882,0.005276256844201077,1.4793036784972675,-0.9834088927637314,2.717595146166575,0.009800996513182551,73.39543375875796,15.60456624124204,False
308,WINNERS_20D,CONSENSUS,20,Reversal: 50D Support + Bull Engulf + Reversal: Bull Engulf + Support,2,1,1490,0.5704697986577181,0.017492232277865536,0.004407218761570575,1.5929369351026876,-0.6747559274755928,1.670588235294118,0.009947568300919469,73.33662235101941,15.663377648980585,False
309,CROSS_10D_20D,OR,20,10D:Reversal: 50D Support + Bull Engulf + 20D:Reversal: Bull Engulf + Support,2,1,1490,0.5704697986577181,0.017492232277865536,0.004407218761570575,1.5929369351026876,-0.6747559274755928,1.670588235294118,0.009947568300919469,73.33662235101941,15.663377648980585,False
310,WINNERS_10D,CONSENSUS,10,Reversal: 50D Support + Higher Low + Reversal: 50D Support + Hammer + Reversal: 50D Support + RSI,3,2,1424,0.5646067415730337,0.03716153468512359,0.0028271423938908136,2.2044605263210966,-0.7945071113290829,9.459081836327346,0.009439419290702801,73.30104485895083,15.698955141049169,False
311,WINNERS_10D,CONSENSUS,10,Reversal: 50D Support + Higher Low + Reversal: 50D Support + RSI + Higher Low + Reversal: 50D Support + Hammer + Reversal: 50D Support + RSI,4,2,1424,0.5646067415730337,0.03716153468512359,0.0028271423938908136,2.2044605263210966,-0.7945071113290829,9.459081836327346,0.009439419290702801,73.30104485895083,15.698955141049169,False
312,WINNERS_10D,CONSENSUS,10,Reversal: 50D Support + RSI + Higher Low + Reversal: 50D Support + Hammer + Reversal: Bottom Reclaim + Support + Reversal: 50D Support + Volume,4,2,1650,0.5684848484848485,0.02861613333559766,0.0061781372135251145,1.644141393238895,-0.999015561015561,9.459081836327346,0.0052064252752160355,73.2858966140306,15.714103385969395,False
313,WINNERS_20D,CONSENSUS,20,Reversal: 50D Support + Bull Engulf + Secondary: Breakdown + 50D Support + Reversal: 50D Support + Hammer + Reversal: Bull Engulf + Support,4,1,5030,0.562624254473161,0.0214084811867714,0.004803846153846214,1.5077011501043496,-0.9834088927637314,7.915789473684212,0.00771123363983748,73.15701892412294,15.842981075877063,False
314,WINNERS_20D,CONSENSUS,20,Reversal: 50D Support + Volume + Reversal: 50D Support + Hammer + Reversal: Bull Engulf + Support + Reversal: 50D Support + RSI + Higher Low,4,1,7800,0.5787179487179487,0.01957323476707931,0.0052220277119877645,1.4578121681745542,-0.9846058534501175,7.915789473684212,0.0051492162871256564,73.10152868898172,15.898471311018284,False
315,WINNERS_10D,CONSENSUS,10,Reversal: 50D Support + Bull Engulf + Reversal: 50D Support + RSI + Higher Low + Reversal: 50D Support + Volume + Reversal: 50D Support + RSI,4,2,1424,0.5617977528089888,0.02986617958925923,0.008842894824331982,1.585260107844992,-0.999015561015561,9.459081836327346,0.0034295181262119384,72.83726851440608,16.162731485593923,False
316,WINNERS_20D,CONSENSUS,20,Reversal: 50D Support + Hammer + Reversal: Bull Engulf + Support + Reversal: 50D Support + RSI + Higher Low,3,1,3326,0.5745640408899579,0.023167207112486727,0.004434945488814401,1.5838989908092616,-0.9211320754716981,7.915789473684212,0.0048013080337847,72.68786362360898,16.312136376391024,False
317,WINNERS_10D,CONSENSUS,10,Reversal: 50D Support + Bull Engulf + Reversal: 50D Support + RSI + Higher Low + Reversal: 50D Support + Hammer,3,1,3784,0.570031712473573,0.022569530991975933,0.0033194052006227937,1.828344259252595,-0.7945071113290829,9.459081836327346,0.006674341272430749,72.50059526705232,16.49940473294768,False
318,WINNERS_10D,AND,10,Secondary: Breakdown + 50D Support,1,1,2020,0.5445544554455446,0.020463963224428026,0.006781951442968448,1.5589631595443127,-0.8990566037735849,3.9537037037037033,0.008667592130673718,72.3462335878224,16.653766412177603,False
319,WINNERS_20D,CONSENSUS,20,Secondary: Breakdown + 50D Support + Reversal: 50D Support + Hammer,2,1,3554,0.5593697242543613,0.023341839818162895,0.004900228070680246,1.492517409051563,-0.9834088927637314,7.915789473684212,0.007323710957300279,72.27153179757165,16.728468202428346,False
320,CROSS_10D_20D,OR,20,10D:Secondary: Breakdown + 50D Support + 20D:Reversal: 50D Support + Hammer,2,1,3554,0.5593697242543613,0.023341839818162895,0.004900228070680246,1.492517409051563,-0.9834088927637314,7.915789473684212,0.007323710957300279,72.27153179757165,16.728468202428346,False
321,CROSS_10D_20D,OR,20,10D:Reversal: 50D Support + Hammer + 20D:Secondary: Breakdown + 50D Support,2,1,3554,0.5593697242543613,0.023341839818162895,0.004900228070680246,1.492517409051563,-0.9834088927637314,7.915789473684212,0.007323710957300279,72.27153179757165,16.728468202428346,False
322,WINNERS_20D,CONSENSUS,20,Reversal: 50D Support + Bull Engulf + Reversal: 50D Support + Volume + Reversal: 50D Support + Hammer,3,1,7297,0.5814718377415377,0.018467772069235205,0.005363984674329414,1.432897742679699,-0.9846058534501175,7.915789473684212,0.005296469361392769,72.25671459761142,16.74328540238858,False
323,WINNERS_10D,CONSENSUS,10,Reversal: 50D Support + RSI + Higher Low + Reversal: Bottom Reclaim + Support + Reversal: 50D Support + Volume + Reversal: 50D Support + RSI,4,2,2627,0.5599543205177008,0.030165439100958896,0.01023391812865504,1.5489267941530023,-0.999015561015561,13.976958525345621,0.001652436113466959,72.24048576787496,16.759514232125042,False
324,WINNERS_10D,CONSENSUS,10,Reversal: 50D Support + Higher Low + Reversal: Bottom Reclaim + Support + Reversal: 50D Support + Volume + Reversal: 50D Support + RSI,4,2,4893,0.5708154506437768,0.023532100920066225,0.006164383561643838,1.584259850569356,-0.999015561015561,13.976958525345621,0.0032856310991539075,72.22341943622777,16.776580563772228,False
325,WINNERS_10D,CONSENSUS,10,Reversal: 50D Support + Higher Low + Reversal: 50D Support + Hammer + Reversal: Bottom Reclaim + Support + Reversal: 50D Support + Volume,4,2,4360,0.575,0.019702508400844355,0.0037431216263604794,1.660261270268897,-0.999015561015561,9.459081836327346,0.005116383387613679,72.1804704946583,16.819529505341706,False
326,WINNERS_10D,CONSENSUS,10,Reversal: 50D Support + Bull Engulf + Secondary: Breakdown + 50D Support + Reversal: 50D Support + RSI + Higher Low + Reversal: Bottom Reclaim + Support,4,1,8285,0.5540132770066385,0.02141308815288538,0.007423808283407052,1.5396423021536185,-0.999015561015561,13.976958525345621,0.005617879555821226,72.11681204719429,16.883187952805713,False
327,WINNERS_10D,CONSENSUS,10,Secondary: Breakdown + 50D Support + Reversal: 50D Support + RSI + Higher Low + Reversal: Bottom Reclaim + Support,3,1,7377,0.5481903212688085,0.022694494127868673,0.008518518518518592,1.5324819536852958,-0.999015561015561,13.976958525345621,0.005715546776139521,72.040602515795,16.959397484205,False
328,WINNERS_20D,AND,20,Reversal: 50D Support + Volume,1,1,4961,0.5837532755492845,0.0174287260140586,0.006115187903046548,1.3912501524622716,-0.9846058534501175,6.810090328266138,0.006000287101885234,71.99504740034271,17.004952599657287,False
329,WINNERS_10D,CONSENSUS,10,Reversal: 50D Support + Bull Engulf + Reversal: 50D Support + RSI + Higher Low + Reversal: Bottom Reclaim + Support,3,1,6265,0.5570630486831604,0.02171911087522917,0.007539145563502769,1.5340345276055216,-0.999015561015561,13.976958525345621,0.004660816143309078,71.99381272730227,17.00618727269773,False
330,WINNERS_10D,CONSENSUS,10,Reversal: 50D Support + Bull Engulf + Secondary: Breakdown + 50D Support,2,1,3159,0.5609370053814499,0.01806622905557676,0.0055082623935902575,1.5971421176657277,-0.8990566037735849,3.9537037037037033,0.008312596861040767,71.92137439345834,17.078625606541664,False
331,CROSS_10D_20D,OR,10,10D:Reversal: 50D Support + Bull Engulf + 20D:Secondary: Breakdown + 50D Support,2,1,3159,0.5609370053814499,0.01806622905557676,0.0055082623935902575,1.5971421176657277,-0.8990566037735849,3.9537037037037033,0.008312596861040767,71.92137439345834,17.078625606541664,False
332,CROSS_10D_20D,OR,10,10D:Secondary: Breakdown + 50D Support + 20D:Reversal: 50D Support + Bull Engulf,2,1,3159,0.5609370053814499,0.01806622905557676,0.0055082623935902575,1.5971421176657277,-0.8990566037735849,3.9537037037037033,0.008312596861040767,71.92137439345834,17.078625606541664,False
333,WINNERS_10D,CONSENSUS,10,Reversal: 50D Support + RSI + Higher Low + Reversal: Bottom Reclaim + Support,2,1,5357,0.5495613216352436,0.023535575409360198,0.00907868190988581,1.5243375335619815,-0.999015561015561,13.976958525345621,0.004665576371441143,71.90174731686916,17.098252683130838,False
334,CROSS_10D_20D,OR,10,10D:Reversal: 50D Support + RSI + Higher Low + 20D:Reversal: Bottom Reclaim + Support,2,1,5357,0.5495613216352436,0.023535575409360198,0.00907868190988581,1.5243375335619815,-0.999015561015561,13.976958525345621,0.004665576371441143,71.90174731686916,17.098252683130838,False
335,CROSS_10D_20D,OR,10,10D:Reversal: Bottom Reclaim + Support + 20D:Reversal: 50D Support + RSI + Higher Low,2,1,5357,0.5495613216352436,0.023535575409360198,0.00907868190988581,1.5243375335619815,-0.999015561015561,13.976958525345621,0.004665576371441143,71.90174731686916,17.098252683130838,False
336,CROSS_10D_20D,OR,20,10D:Reversal: 50D Support + RSI + 20D:Reversal: Bottom Reclaim + Support,2,1,6856,0.5525087514585765,0.029687520666788838,0.012703833175846002,1.41483027124152,-0.9994049504950495,11.712765957446809,0.002145506516703843,71.80230119986713,17.19769880013287,False
337,WINNERS_10D,AND,10,Reversal: 50D Support + Bull Engulf,1,1,1139,0.5899912203687445,0.013813882241635102,0.004637681159420204,1.7277336386945668,-0.6900149031296572,1.552941176470588,0.008230941687993334,71.79721943865268,17.202780561347325,False
338,WINNERS_10D,CONSENSUS,10,Reversal: 50D Support + Bull Engulf + Secondary: Breakdown + 50D Support + Reversal: 50D Support + RSI + Higher Low + Reversal: 50D Support + Hammer,4,1,5749,0.5613150113063141,0.021443437027791532,0.0037927756653992617,1.7032838679098343,-0.8990566037735849,9.459081836327346,0.007180024763122353,71.7821022057769,17.217897794223106,False
339,WINNERS_20D,CONSENSUS,20,Reversal: 50D Support + Bull Engulf + Reversal: 50D Support + Volume + Reversal: Bull Engulf + Support,3,1,6303,0.5808345232429002,0.01721812739263013,0.005795773666075643,1.4153844281830281,-0.9846058534501175,6.810090328266138,0.006400768122687367,71.76102807773623,17.238971922263772,False
340,WINNERS_10D,CONSENSUS,10,Reversal: 50D Support + Bull Engulf + Reversal: 50D Support + Higher Low + Reversal: 50D Support + Volume + Reversal: 50D Support + RSI,4,2,3160,0.5819620253164557,0.01890535411673227,0.003791960480406198,1.6242184063994953,-0.999015561015561,9.459081836327346,0.003798227184281607,71.59166575132406,17.408334248675942,False
341,WINNERS_10D,CONSENSUS,10,Reversal: 50D Support + Bull Engulf + Secondary: Breakdown + 50D Support + Reversal: Bottom Reclaim + Support,3,1,8014,0.5530321936610931,0.021102003528743075,0.007180320111706662,1.5268581466544813,-0.999015561015561,13.976958525345621,0.0049501734537131786,71.26990245091373,17.730097549086267,False
342,WINNERS_10D,CONSENSUS,10,Reversal: 50D Support + Higher Low + Secondary: Breakdown + 50D Support + Reversal: Bottom Reclaim + Support + Reversal: 50D Support + Volume,4,2,3975,0.569559748427673,0.019175276222066107,0.004696673189823919,1.5782786550483392,-0.999015561015561,9.459081836327346,0.00466721098283975,71.12481408950936,17.875185910490643,False
343,WINNERS_10D,CONSENSUS,10,Reversal: 50D Support + RSI + Higher Low + Reversal: 50D Support + Hammer,2,1,2683,0.5624301155423034,0.026585764717008003,0.0028598665395613843,1.8665843470471355,-0.7945071113290829,9.459081836327346,0.006906953186686406,71.06346738506973,17.93653261493027,False
344,CROSS_10D_20D,OR,10,10D:Reversal: 50D Support + RSI + Higher Low + 20D:Reversal: 50D Support + Hammer,2,1,2683,0.5624301155423034,0.026585764717008003,0.0028598665395613843,1.8665843470471355,-0.7945071113290829,9.459081836327346,0.006906953186686406,71.06346738506973,17.93653261493027,False
345,CROSS_10D_20D,OR,10,10D:Reversal: 50D Support + Hammer + 20D:Reversal: 50D Support + RSI + Higher Low,2,1,2683,0.5624301155423034,0.026585764717008003,0.0028598665395613843,1.8665843470471355,-0.7945071113290829,9.459081836327346,0.006906953186686406,71.06346738506973,17.93653261493027,False
346,WINNERS_10D,CONSENSUS,10,Reversal: 50D Support + Higher Low + Secondary: Breakdown + 50D Support + Reversal: 50D Support + RSI + Higher Low + Reversal: 50D Support + Volume,4,2,2358,0.5687022900763359,0.019708001466254243,0.0029254363193418342,1.7255743242714998,-0.7861538461538462,9.459081836327346,0.005746283605446203,70.99550642256793,18.004493577432072,False
347,WINNERS_10D,CONSENSUS,10,Reversal: 50D Support + Bull Engulf + Reversal: Bottom Reclaim + Support,2,1,5994,0.5558892225558892,0.021317025453120187,0.007259552042160777,1.5172467780886814,-0.999015561015561,13.976958525345621,0.0038125895211295687,70.95230993178264,18.047690068217364,False
348,CROSS_10D_20D,OR,10,10D:Reversal: 50D Support + Bull Engulf + 20D:Reversal: Bottom Reclaim + Support,2,1,5994,0.5558892225558892,0.021317025453120187,0.007259552042160777,1.5172467780886814,-0.999015561015561,13.976958525345621,0.0038125895211295687,70.95230993178264,18.047690068217364,False
349,CROSS_10D_20D,OR,10,10D:Reversal: Bottom Reclaim + Support + 20D:Reversal: 50D Support + Bull Engulf,2,1,5994,0.5558892225558892,0.021317025453120187,0.007259552042160777,1.5172467780886814,-0.999015561015561,13.976958525345621,0.0038125895211295687,70.95230993178264,18.047690068217364,False
350,WINNERS_10D,CONSENSUS,10,Secondary: Breakdown + 50D Support + Reversal: Bottom Reclaim + Support,2,1,7093,0.5467362188072747,0.02240823472297742,0.008068669527896866,1.5191344269987728,-0.999015561015561,13.976958525345621,0.005023836473704971,70.94208263574717,18.05791736425283,False
351,CROSS_10D_20D,OR,10,10D:Secondary: Breakdown + 50D Support + 20D:Reversal: Bottom Reclaim + Support,2,1,7093,0.5467362188072747,0.02240823472297742,0.008068669527896866,1.5191344269987728,-0.999015561015561,13.976958525345621,0.005023836473704971,70.94208263574717,18.05791736425283,False
352,CROSS_10D_20D,OR,10,10D:Reversal: Bottom Reclaim + Support + 20D:Secondary: Breakdown + 50D Support,2,1,7093,0.5467362188072747,0.02240823472297742,0.008068669527896866,1.5191344269987728,-0.999015561015561,13.976958525345621,0.005023836473704971,70.94208263574717,18.05791736425283,False
353,WINNERS_10D,CONSENSUS,10,Reversal: 50D Support + RSI + Higher Low + Reversal: 50D Support + Hammer + Reversal: 50D Support + Volume + Reversal: 50D Support + RSI,4,2,1750,0.5617142857142857,0.030565579432909155,0.006795061970454763,1.5914388847165788,-0.999015561015561,9.459081836327346,0.0028549438025966246,70.85655194883616,18.143448051163844,False
354,WINNERS_20D,CONSENSUS,20,Reversal: Bottom Reclaim + Support + Secondary: Breakdown + 50D Support + Reversal: 50D Support + Volume + Reversal: 50D Support + RSI + Higher Low,4,2,1533,0.5525114155251142,0.021678051956525897,0.01145833333333357,1.3360663661586345,-0.9846058534501175,6.198935462408517,0.0038115584645234744,70.80542753855572,18.19457246144428,False
355,WINNERS_10D,CONSENSUS,10,Secondary: Breakdown + 50D Support + Reversal: 50D Support + RSI + Higher Low + Reversal: 50D Support + Hammer,3,1,4648,0.5548623063683304,0.023495013109911585,0.003740379829229923,1.7068282816345879,-0.8990566037735849,9.459081836327346,0.007351766017002983,70.7961604460631,18.203839553936902,False
356,WINNERS_10D,CONSENSUS,10,Reversal: 50D Support + Higher Low + Reversal: 50D Support + Volume + Reversal: 50D Support + RSI,3,2,2427,0.5747836835599506,0.020936386340556213,0.0037735849056603765,1.5978191753671265,-0.999015561015561,9.459081836327346,0.002862491171542669,70.77433765122737,18.22566234877263,False
357,WINNERS_10D,CONSENSUS,10,Reversal: 50D Support + Higher Low + Reversal: 50D Support + RSI + Higher Low + Reversal: 50D Support + Volume + Reversal: 50D Support + RSI,4,2,2427,0.5747836835599506,0.020936386340556213,0.0037735849056603765,1.5978191753671265,-0.999015561015561,9.459081836327346,0.002862491171542669,70.77433765122737,18.22566234877263,False
358,WINNERS_10D,AND,10,Reversal: Bottom Reclaim + Support,1,1,5073,0.547604967474867,0.02318241734215144,0.008645533141210304,1.506450098099767,-0.999015561015561,13.976958525345621,0.0036490772008951813,70.48845233572361,18.511547664276392,False
359,WINNERS_10D,CONSENSUS,10,Reversal: Bottom Reclaim + Support + Reversal: 50D Support + Volume + Reversal: 50D Support + RSI,3,2,2371,0.5571488823281316,0.03019249624776094,0.010000000000000009,1.5237157158685544,-0.999015561015561,13.976958525345621,-0.0002994098740270049,70.35814705468862,18.641852945311385,False
360,WINNERS_20D,CONSENSUS,20,Secondary: Breakdown + 50D Support + Reversal: 50D Support + Hammer + Reversal: Bull Engulf + Support,3,1,4539,0.5584930601454065,0.020291884544328044,0.004317111459968492,1.474799592870255,-0.9834088927637314,7.915789473684212,0.005932529495114468,70.34940062171755,18.65059937828245,False
361,WINNERS_20D,CONSENSUS,20,Reversal: 50D Support + Volume + Reversal: 50D Support + Hammer,2,1,6439,0.5774188538592949,0.018254738132190876,0.005148514851485153,1.4123340813865974,-0.9846058534501175,7.915789473684212,0.004353975102236085,70.15698259714091,18.84301740285909,False
362,CROSS_10D_20D,OR,20,10D:Reversal: 50D Support + Hammer + 20D:Reversal: 50D Support + Volume,2,1,6439,0.5774188538592949,0.018254738132190876,0.005148514851485153,1.4123340813865974,-0.9846058534501175,7.915789473684212,0.004353975102236085,70.15698259714091,18.84301740285909,False
363,CROSS_10D_20D,OR,20,10D:Reversal: 50D Support + Volume + 20D:Reversal: 50D Support + Hammer,2,1,6439,0.5774188538592949,0.018254738132190876,0.005148514851485153,1.4123340813865974,-0.9846058534501175,7.915789473684212,0.004353975102236085,70.15698259714091,18.84301740285909,False
364,WINNERS_10D,CONSENSUS,10,Reversal: 50D Support + Bull Engulf + Reversal: 50D Support + RSI + Higher Low + Reversal: 50D Support + Hammer + Reversal: 50D Support + RSI,4,2,833,0.5630252100840336,0.05918307253361329,0.010590015128592922,2.2741691696480615,-0.7945071113290829,9.459081836327346,0.0165197232837459,70.11347573977535,18.886524260224647,False
365,WINNERS_10D,CONSENSUS,10,Reversal: 50D Support + Bull Engulf + Secondary: Breakdown + 50D Support + Reversal: 50D Support + RSI + Higher Low + Reversal: 50D Support + Volume,4,1,8423,0.5768728481538644,0.01652572225836144,0.004694596711041443,1.5220499487667836,-0.999015561015561,9.459081836327346,0.005222288925676175,70.10886117821038,18.891138821789625,False
366,WINNERS_20D,CONSENSUS,20,Reversal: 50D Support + Bull Engulf + Reversal: 50D Support + Hammer + Reversal: Bull Engulf + Support,3,1,3300,0.566969696969697,0.01935402797661882,0.003851710088809912,1.5258688098331223,-0.9211320754716981,7.915789473684212,0.004398764521306627,70.03683342915572,18.96316657084428,False
367,WINNERS_20D,CONSENSUS,20,Reversal: 50D Support + Bull Engulf + Reversal: 50D Support + Volume + Reversal: 50D Support + Hammer + Reversal: Bull Engulf + Support,4,1,7771,0.5762450135117746,0.017786643802928017,0.004990642545227519,1.4249416011857317,-0.9846058534501175,7.915789473684212,0.0049054738281394325,69.99859335467785,19.00140664532215,False
368,WINNERS_10D,CONSENSUS,10,Reversal: 50D Support + Bull Engulf + Reversal: 50D Support + RSI + Higher Low + Reversal: 50D Support + Hammer + Reversal: Bottom Reclaim + Support,4,1,8087,0.558427105230617,0.021305010682719176,0.004700191658300712,1.573993931338351,-0.999015561015561,13.976958525345621,0.0045327289776161805,69.99587468204051,19.004125317959492,False
369,WINNERS_10D,CONSENSUS,10,Reversal: 50D Support + Bull Engulf + Reversal: Bottom Reclaim + Support + Reversal: 50D Support + Volume + Reversal: 50D Support + RSI,4,2,2680,0.557089552238806,0.028618775696368736,0.00909090909090915,1.5298042937963794,-0.999015561015561,13.976958525345621,0.00039392269448881097,69.96188254551613,19.038117454483867,False
370,CROSS_10D_20D,OR,20,10D:Reversal: 50D Support + RSI + 20D:Reversal: 50D Support + Volume,2,1,8014,0.5662590466683304,0.025616298102682282,0.007303407674648987,1.4263842573545893,-0.9943790849673203,11.712765957446809,0.0017497924736622238,69.9394788451983,19.060521154801705,False
371,CROSS_10D_20D,OR,10,10D:Reversal: 50D Support + RSI + Higher Low + 20D:Reversal: Bull Engulf + Support,2,1,1678,0.5572109654350417,0.022972325677480365,0.002770846700411167,1.9449981315571432,-0.7861538461538462,9.459081836327346,0.006486786172521119,69.81171889387282,19.188281106127178,False
372,WINNERS_10D,CONSENSUS,10,Reversal: 50D Support + Bull Engulf + Reversal: 50D Support + Higher Low + Secondary: Breakdown + 50D Support + Reversal: 50D Support + Hammer,4,2,1468,0.5919618528610354,0.013450810752186359,0.0026475338806610793,2.0551277174109464,-0.5219902912621359,1.6224489795918364,0.0075095493892274505,69.72893201477532,19.271067985224676,False
373,WINNERS_10D,CONSENSUS,10,Reversal: 50D Support + Bull Engulf + Secondary: Breakdown + 50D Support + Reversal: 50D Support + Hammer + Reversal: Bottom Reclaim + Support,4,1,9790,0.5550561797752809,0.020673429240064895,0.00473624620126889,1.5550562569504454,-0.999015561015561,13.976958525345621,0.004759714693911502,69.63133396726545,19.368666032734552,False
374,WINNERS_10D,CONSENSUS,10,Secondary: Breakdown + 50D Support + Reversal: 50D Support + RSI + Higher Low + Reversal: 50D Support + Hammer + Reversal: Bottom Reclaim + Support,4,1,9158,0.5513212491810439,0.021971433371282243,0.004953590759022797,1.5618851512074008,-0.999015561015561,13.976958525345621,0.005305317774699659,69.58105626379916,19.418943736200845,False
375,WINNERS_10D,CONSENSUS,10,Secondary: Breakdown + 50D Support + Reversal: 50D Support + RSI + Higher Low + Reversal: 50D Support + Volume,3,1,7467,0.5743940002678452,0.01670326635032045,0.004693494299128131,1.5005765381959577,-0.999015561015561,9.459081836327346,0.004807566673605003,69.5613954578445,19.438604542155502,False
376,WINNERS_10D,CONSENSUS,10,Reversal: 50D Support + Bull Engulf + Secondary: Breakdown + 50D Support + Reversal: 50D Support + Volume + Reversal: 50D Support + RSI,4,1,11301,0.5630475179187683,0.02119569402435109,0.004807692307692291,1.5249699092027937,-0.9990229231019346,13.976958525345621,0.0027815756780430897,69.53320397576292,19.466796024237084,False
377,WINNERS_10D,CONSENSUS,10,Reversal: 50D Support + Hammer + Reversal: Bottom Reclaim + Support + Reversal: 50D Support + Volume + Reversal: 50D Support + RSI,4,2,2929,0.5582109935131444,0.03043195213022882,0.0074875207986688785,1.5652402878126097,-0.999015561015561,13.976958525345621,0.0009812662052229274,69.38675583844292,19.613244161557077,False
378,WINNERS_10D,CONSENSUS,10,Secondary: Breakdown + 50D Support + Reversal: 50D Support + RSI + Higher Low + Reversal: Bottom Reclaim + Support + Reversal: 50D Support + Volume,4,2,1709,0.5511995318899942,0.023594945406113375,0.007348438456828088,1.5098046221339394,-0.999015561015561,9.459081836327346,0.002656403305134495,69.37021996980431,19.62978003019569,False
379,WINNERS_10D,CONSENSUS,10,Reversal: 50D Support + RSI + Higher Low + Reversal: 50D Support + Hammer + Reversal: Bottom Reclaim + Support,3,1,7193,0.5531766995690255,0.022708073490208012,0.004758128469468659,1.5712811420418258,-0.999015561015561,13.976958525345621,0.004611032034383018,69.22298697272635,19.777013027273654,False
380,WINNERS_10D,CONSENSUS,10,Reversal: 50D Support + Bull Engulf + Reversal: 50D Support + Hammer + Reversal: Bottom Reclaim + Support,3,1,7825,0.5576996805111821,0.021024620838479075,0.004405286343612147,1.5625568077247702,-0.999015561015561,13.976958525345621,0.0038746917393531755,69.15993031408769,19.84006968591231,False
381,WINNERS_20D,CONSENSUS,20,Reversal: 50D Support + Volume + Reversal: Bull Engulf + Support,2,1,5873,0.5796015664907203,0.016268122968254414,0.00540540540540535,1.3905391563007614,-0.9846058534501175,6.810090328266138,0.005369012075136292,69.12484976546006,19.875150234539944,False
382,CROSS_10D_20D,OR,20,10D:Reversal: 50D Support + Volume + 20D:Reversal: Bull Engulf + Support,2,1,5873,0.5796015664907203,0.016268122968254414,0.00540540540540535,1.3905391563007614,-0.9846058534501175,6.810090328266138,0.005369012075136292,69.12484976546006,19.875150234539944,False
383,WINNERS_10D,CONSENSUS,10,Secondary: Breakdown + 50D Support + Reversal: 50D Support + RSI + Higher Low + Reversal: 50D Support + Volume + Reversal: 50D Support + RSI,4,2,1867,0.5479378682378147,0.027048057472788416,0.008051529790660261,1.5325837983265498,-0.999015561015561,9.459081836327346,0.002336975159882279,69.11435675254268,19.885643247457324,False
384,WINNERS_10D,CONSENSUS,10,Secondary: Breakdown + 50D Support + Reversal: 50D Support + Hammer + Reversal: Bottom Reclaim + Support,3,1,8883,0.55037712484521,0.02175602029272224,0.004763795156808248,1.5523062850869003,-0.999015561015561,13.976958525345621,0.004794827972605965,68.89848815459565,20.101511845404346,False
385,WINNERS_10D,CONSENSUS,10,Secondary: Breakdown + 50D Support + Reversal: 50D Support + Volume + Reversal: 50D Support + RSI,3,1,10364,0.5600154380548051,0.021743147237812146,0.004819394900536622,1.5128002670407144,-0.9990229231019346,13.976958525345621,0.002395073394791656,68.74675756396374,20.25324243603626,False
386,WINNERS_10D,CONSENSUS,10,Secondary: Breakdown + 50D Support + Reversal: 50D Support + RSI + Higher Low + Reversal: 50D Support + Volume + Reversal: 50D Support + RSI,4,1,10364,0.5600154380548051,0.021743147237812146,0.004819394900536622,1.5128002670407144,-0.9990229231019346,13.976958525345621,0.002395073394791656,68.74675756396374,20.25324243603626,False
387,WINNERS_10D,CONSENSUS,10,Secondary: Breakdown + 50D Support + Reversal: 50D Support + RSI + Higher Low + Reversal: Bottom Reclaim + Support + Reversal: 50D Support + Volume,4,1,11444,0.5630898287312128,0.01807546725211321,0.005244479449309503,1.4838597192173568,-0.999015561015561,13.976958525345621,0.004100577248050186,68.66355988395773,20.33644011604227,False
388,WINNERS_10D,CONSENSUS,10,Reversal: 50D Support + Bull Engulf + Secondary: Breakdown + 50D Support + Reversal: 50D Support + RSI,3,1,7188,0.5464663327768503,0.02750241283631419,0.006828230598836638,1.5630626098094083,-0.9990229231019346,13.976958525345621,0.003128908864684781,68.54557672711611,20.454423272883886,False
389,WINNERS_10D,CONSENSUS,10,Reversal: 50D Support + Bull Engulf + Secondary: Breakdown + 50D Support + Reversal: 50D Support + RSI + Higher Low + Reversal: 50D Support + RSI,4,1,7188,0.5464663327768503,0.02750241283631419,0.006828230598836638,1.5630626098094083,-0.9990229231019346,13.976958525345621,0.003128908864684781,68.54557672711611,20.454423272883886,False
390,WINNERS_10D,CONSENSUS,10,Reversal: 50D Support + Bull Engulf + Reversal: 50D Support + Volume + Reversal: 50D Support + RSI,3,1,9969,0.5634466847226401,0.020855216061891713,0.00457095782161665,1.506542217699682,-0.9990229231019346,13.976958525345621,0.00140942902881286,68.39307092492882,20.60692907507118,False
391,WINNERS_10D,CONSENSUS,10,Reversal: 50D Support + Bull Engulf + Reversal: 50D Support + RSI + Higher Low + Reversal: 50D Support + Volume + Reversal: 50D Support + RSI,4,1,9969,0.5634466847226401,0.020855216061891713,0.00457095782161665,1.506542217699682,-0.9990229231019346,13.976958525345621,0.00140942902881286,68.39307092492882,20.60692907507118,False
392,WINNERS_10D,CONSENSUS,10,Reversal: 50D Support + Hammer + Reversal: Bottom Reclaim + Support,2,1,6918,0.5520381613183001,0.022460756585879597,0.004513346483319358,1.5594896550004727,-0.999015561015561,13.976958525345621,0.003838217844158401,68.27003346532499,20.729966534675015,False
393,CROSS_10D_20D,OR,10,10D:Reversal: 50D Support + Hammer + 20D:Reversal: Bottom Reclaim + Support,2,1,6918,0.5520381613183001,0.022460756585879597,0.004513346483319358,1.5594896550004727,-0.999015561015561,13.976958525345621,0.003838217844158401,68.27003346532499,20.729966534675015,False
394,CROSS_10D_20D,OR,10,10D:Reversal: Bottom Reclaim + Support + 20D:Reversal: 50D Support + Hammer,2,1,6918,0.5520381613183001,0.022460756585879597,0.004513346483319358,1.5594896550004727,-0.999015561015561,13.976958525345621,0.003838217844158401,68.27003346532499,20.729966534675015,False
395,WINNERS_10D,CONSENSUS,10,Reversal: 50D Support + Bull Engulf + Reversal: 50D Support + Higher Low + Secondary: Breakdown + 50D Support,3,1,13588,0.5788195466588166,0.014325704846540251,0.0034098889858414916,1.6792689581862303,-0.98789313904068,9.459081836327346,0.0065025764961147625,68.22997840114354,20.77002159885646,False
396,WINNERS_10D,CONSENSUS,10,Reversal: 50D Support + Bull Engulf + Reversal: 50D Support + Higher Low + Secondary: Breakdown + 50D Support + Reversal: 50D Support + RSI + Higher Low,4,1,13588,0.5788195466588166,0.014325704846540251,0.0034098889858414916,1.6792689581862303,-0.98789313904068,9.459081836327346,0.0065025764961147625,68.22997840114354,20.77002159885646,False
397,WINNERS_10D,CONSENSUS,10,Secondary: Breakdown + 50D Support + Reversal: Bottom Reclaim + Support + Reversal: 50D Support + Volume + Reversal: 50D Support + RSI,4,1,13482,0.5549621717846017,0.020317948111528386,0.00507001566784171,1.4871361910751326,-0.9990229231019346,13.976958525345621,0.002859872561126044,68.22671465374498,20.773285346255022,False
398,WINNERS_10D,CONSENSUS,10,Reversal: 50D Support + Bull Engulf + Secondary: Breakdown + 50D Support + Reversal: Bottom Reclaim + Support + Reversal: 50D Support + RSI,4,1,10628,0.5447873541588257,0.023072844830407373,0.006879743856602172,1.5023192754614099,-0.9990229231019346,13.976958525345621,0.0029374217274887996,68.16076654787251,20.839233452127488,False
399,WINNERS_10D,CONSENSUS,10,Reversal: 50D Support + Bull Engulf + Secondary: Breakdown + 50D Support + Reversal: Bottom Reclaim + Support + Reversal: 50D Support + Volume,4,1,11977,0.5655005427068548,0.0174559760196498,0.005025125628140614,1.4837856654730106,-0.999015561015561,13.976958525345621,0.0038902045181564157,68.12232517173187,20.877674828268127,False
400,WINNERS_10D,CONSENSUS,10,Reversal: 50D Support + Higher Low + Secondary: Breakdown + 50D Support,2,1,13208,0.5794215626892792,0.014237139165794492,0.003332222962469489,1.682246299806671,-0.98789313904068,9.459081836327346,0.006402705894449488,68.10859625669694,20.89140374330306,False
401,WINNERS_10D,CONSENSUS,10,Reversal: 50D Support + Higher Low + Secondary: Breakdown + 50D Support + Reversal: 50D Support + RSI + Higher Low,3,1,13208,0.5794215626892792,0.014237139165794492,0.003332222962469489,1.682246299806671,-0.98789313904068,9.459081836327346,0.006402705894449488,68.10859625669694,20.89140374330306,False
402,CROSS_10D_20D,OR,10,10D:Reversal: 50D Support + Higher Low + 20D:Secondary: Breakdown + 50D Support,2,1,13208,0.5794215626892792,0.014237139165794492,0.003332222962469489,1.682246299806671,-0.98789313904068,9.459081836327346,0.006402705894449488,68.10859625669694,20.89140374330306,False
403,CROSS_10D_20D,OR,10,10D:Secondary: Breakdown + 50D Support + 20D:Reversal: 50D Support + Higher Low,2,1,13208,0.5794215626892792,0.014237139165794492,0.003332222962469489,1.682246299806671,-0.98789313904068,9.459081836327346,0.006402705894449488,68.10859625669694,20.89140374330306,False
404,WINNERS_20D,CONSENSUS,20,Reversal: 50D Support + Volume + Reversal: 50D Support + Hammer + Reversal: Bull Engulf + Support,3,1,7344,0.5748910675381264,0.017190693827687866,0.004823936779201898,1.4090279011966131,-0.9846058534501175,7.915789473684212,0.003985653346943789,68.09686269859507,20.903137301404925,False
405,CROSS_10D_20D,OR,20,10D:Reversal: 50D Support + RSI + 20D:Reversal: 50D Support + Bull Engulf,2,1,4679,0.5516135926480017,0.03086178848638764,0.010106245141228154,1.414878041072524,-0.9943790849673203,11.712765957446809,-0.002064488210752023,68.09658331513013,20.903416684869867,False
406,WINNERS_10D,CONSENSUS,10,Reversal: 50D Support + Bull Engulf + Secondary: Breakdown + 50D Support + Reversal: 50D Support + Hammer,3,1,5189,0.559645403738678,0.017673669241374222,0.003491271820448949,1.5992545357695436,-0.8990566037735849,6.290448343079922,0.006022663702265444,68.08335483985634,20.91664516014366,False
407,WINNERS_10D,CONSENSUS,10,Secondary: Breakdown + 50D Support + Reversal: 50D Support + Hammer + Reversal: 50D Support + Volume + Reversal: 50D Support + RSI,4,1,11886,0.5594817432273262,0.020479492581878922,0.0038797284190106307,1.5129661338256855,-0.9990229231019346,13.976958525345621,0.0024510317961632584,67.99502736593477,21.004972634065226,False
408,CROSS_10D_20D,OR,20,10D:Reversal: 50D Support + RSI + 20D:Secondary: Breakdown + 50D Support,2,1,5323,0.5416118730039452,0.03119734842223966,0.012173913043478146,1.4094799207086908,-0.9943790849673203,11.712765957446809,-0.00011595708456355038,67.89041229507767,21.109587704922333,False
409,WINNERS_10D,CONSENSUS,10,Reversal: 50D Support + Higher Low + Secondary: Breakdown + 50D Support + Reversal: 50D Support + Hammer,3,1,14608,0.5768072289156626,0.014910458249618742,0.0032535319869037016,1.6661436659335662,-0.98789313904068,9.459081836327346,0.005860319975306205,67.88038537388661,21.11961462611339,False
410,WINNERS_10D,CONSENSUS,10,Reversal: 50D Support + Higher Low + Secondary: Breakdown + 50D Support + Reversal: 50D Support + RSI + Higher Low + Reversal: 50D Support + Hammer,4,1,14608,0.5768072289156626,0.014910458249618742,0.0032535319869037016,1.6661436659335662,-0.98789313904068,9.459081836327346,0.005860319975306205,67.88038537388661,21.11961462611339,False
411,WINNERS_10D,CONSENSUS,10,Reversal: 50D Support + Bull Engulf + Reversal: 50D Support + Higher Low + Secondary: Breakdown + 50D Support + Reversal: 50D Support + Hammer,4,1,14976,0.5761217948717948,0.014909098453370868,0.003341853845299836,1.6609015147825597,-0.98789313904068,9.459081836327346,0.0059209920143099065,67.87653199337733,21.123468006622673,False
412,WINNERS_10D,CONSENSUS,10,Reversal: 50D Support + Bull Engulf + Reversal: 50D Support + Higher Low,2,1,11568,0.5848029045643154,0.013253844375989306,0.003162821728602605,1.7211144363301896,-0.98789313904068,9.459081836327346,0.006340893788188068,67.84878177430154,21.151218225698457,False
413,WINNERS_10D,CONSENSUS,10,Reversal: 50D Support + Bull Engulf + Reversal: 50D Support + Higher Low + Reversal: 50D Support + RSI + Higher Low,3,1,11568,0.5848029045643154,0.013253844375989306,0.003162821728602605,1.7211144363301896,-0.98789313904068,9.459081836327346,0.006340893788188068,67.84878177430154,21.151218225698457,False
414,CROSS_10D_20D,OR,10,10D:Reversal: 50D Support + Bull Engulf + 20D:Reversal: 50D Support + Higher Low,2,1,11568,0.5848029045643154,0.013253844375989306,0.003162821728602605,1.7211144363301896,-0.98789313904068,9.459081836327346,0.006340893788188068,67.84878177430154,21.151218225698457,False
415,CROSS_10D_20D,OR,10,10D:Reversal: 50D Support + Higher Low + 20D:Reversal: 50D Support + Bull Engulf,2,1,11568,0.5848029045643154,0.013253844375989306,0.003162821728602605,1.7211144363301896,-0.98789313904068,9.459081836327346,0.006340893788188068,67.84878177430154,21.151218225698457,False
416,WINNERS_10D,CONSENSUS,10,Secondary: Breakdown + 50D Support + Reversal: Bottom Reclaim + Support + Reversal: 50D Support + Volume + Reversal: 50D Support + RSI,4,2,2988,0.5488621151271754,0.026972718642586848,0.008594082503521117,1.4950650252163489,-0.999015561015561,13.976958525345621,-0.0006384144980530814,67.84033148577589,21.15966851422411,False
417,WINNERS_10D,CONSENSUS,10,Secondary: Breakdown + 50D Support + Reversal: 50D Support + RSI,2,1,6096,0.5387139107611548,0.029978395781616055,0.00793493385718691,1.5522117987079285,-0.9990229231019346,13.976958525345621,0.0028029353245945725,67.83905367986192,21.16094632013808,False
418,WINNERS_10D,CONSENSUS,10,Secondary: Breakdown + 50D Support + Reversal: 50D Support + RSI + Higher Low + Reversal: 50D Support + RSI,3,1,6096,0.5387139107611548,0.029978395781616055,0.00793493385718691,1.5522117987079285,-0.9990229231019346,13.976958525345621,0.0028029353245945725,67.83905367986192,21.16094632013808,False
419,CROSS_10D_20D,OR,10,10D:Reversal: 50D Support + RSI + 20D:Secondary: Breakdown + 50D Support,2,1,6096,0.5387139107611548,0.029978395781616055,0.00793493385718691,1.5522117987079285,-0.9990229231019346,13.976958525345621,0.0028029353245945725,67.83905367986192,21.16094632013808,False
420,WINNERS_10D,CONSENSUS,10,Reversal: 50D Support + Bull Engulf + Reversal: 50D Support + Higher Low + Reversal: 50D Support + Hammer,3,2,1413,0.5937721160651097,0.011524273651805762,0.0025141420490257804,1.9607335556510195,-0.5219902912621359,0.793939393939394,0.0072821394703975395,67.8335041355582,21.1664958644418,False
421,WINNERS_10D,CONSENSUS,10,Reversal: 50D Support + Higher Low + Secondary: Breakdown + 50D Support + Reversal: 50D Support + Volume + Reversal: 50D Support + RSI,4,2,3044,0.5630749014454665,0.019651998800636738,0.0037688501692668686,1.538425794744654,-0.999015561015561,9.459081836327346,0.0019119671477219385,67.75842869595608,21.241571304043916,False
422,WINNERS_10D,AND,10,Reversal: 50D Support + Higher Low,1,1,11188,0.5857168394708616,0.013112882408694054,0.003106796585057414,1.7274544569498285,-0.98789313904068,9.459081836327346,0.006253895431025085,67.75287466589953,21.247125334100474,False
423,WINNERS_10D,CONSENSUS,10,Reversal: 50D Support + Higher Low + Reversal: 50D Support + RSI + Higher Low,2,1,11188,0.5857168394708616,0.013112882408694054,0.003106796585057414,1.7274544569498285,-0.98789313904068,9.459081836327346,0.006253895431025085,67.75287466589953,21.247125334100474,False
424,CROSS_10D_20D,OR,10,10D:Reversal: 50D Support + Higher Low + 20D:Reversal: 50D Support + RSI + Higher Low,2,1,11188,0.5857168394708616,0.013112882408694054,0.003106796585057414,1.7274544569498285,-0.98789313904068,9.459081836327346,0.006253895431025085,67.75287466589953,21.247125334100474,False
425,CROSS_10D_20D,OR,10,10D:Reversal: 50D Support + RSI + Higher Low + 20D:Reversal: 50D Support + Higher Low,2,1,11188,0.5857168394708616,0.013112882408694054,0.003106796585057414,1.7274544569498285,-0.98789313904068,9.459081836327346,0.006253895431025085,67.75287466589953,21.247125334100474,False
426,WINNERS_10D,CONSENSUS,10,Reversal: 50D Support + Bull Engulf + Reversal: 50D Support + Higher Low + Secondary: Breakdown + 50D Support + Reversal: 50D Support + RSI,4,1,17043,0.5684445226779323,0.017761150471941243,0.003595685177786745,1.5824445091794264,-0.9990229231019346,13.976958525345621,0.0033599596059937023,67.71863783943196,21.281362160568037,False
427,WINNERS_10D,CONSENSUS,10,Reversal: 50D Support + Higher Low + Reversal: 50D Support + Hammer,2,1,12643,0.581823934192834,0.014232125279703712,0.003070624360286489,1.7062273236187133,-0.98789313904068,9.459081836327346,0.005598282606174831,67.70446120335536,21.295538796644635,False
428,WINNERS_10D,CONSENSUS,10,Reversal: 50D Support + Higher Low + Reversal: 50D Support + RSI + Higher Low + Reversal: 50D Support + Hammer,3,1,12643,0.581823934192834,0.014232125279703712,0.003070624360286489,1.7062273236187133,-0.98789313904068,9.459081836327346,0.005598282606174831,67.70446120335536,21.295538796644635,False
429,CROSS_10D_20D,OR,10,10D:Reversal: 50D Support + Higher Low + 20D:Reversal: 50D Support + Hammer,2,1,12643,0.581823934192834,0.014232125279703712,0.003070624360286489,1.7062273236187133,-0.98789313904068,9.459081836327346,0.005598282606174831,67.70446120335536,21.295538796644635,False
430,CROSS_10D_20D,OR,10,10D:Reversal: 50D Support + Hammer + 20D:Reversal: 50D Support + Higher Low,2,1,12643,0.581823934192834,0.014232125279703712,0.003070624360286489,1.7062273236187133,-0.98789313904068,9.459081836327346,0.005598282606174831,67.70446120335536,21.295538796644635,False
431,WINNERS_10D,CONSENSUS,10,Secondary: Breakdown + 50D Support + Reversal: Bottom Reclaim + Support + Reversal: 50D Support + Volume,3,1,11188,0.5625670361101179,0.01780456268487717,0.005064148156253334,1.4744623593057016,-0.999015561015561,13.976958525345621,0.0036816981205408366,67.69949273258749,21.300507267412513,False
432,WINNERS_10D,CONSENSUS,10,Reversal: 50D Support + Bull Engulf + Secondary: Breakdown + 50D Support + Reversal: 50D Support + RSI + Higher Low + Reversal: 50D Support + RSI,4,2,795,0.5622641509433962,0.049992203297298074,0.010584084672677463,2.3563619451289033,-0.7861538461538462,9.459081836327346,0.017975536184917682,67.6786739363411,21.3213260636589,False
433,WINNERS_10D,CONSENSUS,10,Secondary: Breakdown + 50D Support + Reversal: Bottom Reclaim + Support + Reversal: 50D Support + RSI,3,1,9732,0.5396629675297986,0.024201716002918535,0.007503158895575068,1.4969075332055894,-0.9990229231019346,13.976958525345621,0.0028651639085722387,67.6685289115034,21.3314710884966,False
434,WINNERS_10D,CONSENSUS,10,Secondary: Breakdown + 50D Support + Reversal: 50D Support + RSI + Higher Low + Reversal: Bottom Reclaim + Support + Reversal: 50D Support + RSI,4,1,9732,0.5396629675297986,0.024201716002918535,0.007503158895575068,1.4969075332055894,-0.9990229231019346,13.976958525345621,0.0028651639085722387,67.6685289115034,21.3314710884966,False
435,WINNERS_10D,CONSENSUS,10,Secondary: Breakdown + 50D Support + Reversal: 50D Support + RSI + Higher Low + Reversal: 50D Support + Hammer + Reversal: 50D Support + Volume,4,1,9139,0.5700842542947806,0.01660081963431281,0.0037903659046141236,1.5111737542000705,-0.999015561015561,9.459081836327346,0.004272967971089364,67.66236242355386,21.33763757644614,False
436,WINNERS_10D,CONSENSUS,10,Reversal: 50D Support + Bull Engulf + Reversal: 50D Support + Higher Low + Reversal: 50D Support + Hammer,3,1,13011,0.5808930904619168,0.014249745925643341,0.0031372549019608176,1.6979212468938645,-0.98789313904068,9.459081836327346,0.005647804698671901,67.65405570310402,21.34594429689598,False
437,WINNERS_10D,CONSENSUS,10,Reversal: 50D Support + Bull Engulf + Reversal: 50D Support + Higher Low + Reversal: 50D Support + RSI + Higher Low + Reversal: 50D Support + Hammer,4,1,13011,0.5808930904619168,0.014249745925643341,0.0031372549019608176,1.6979212468938645,-0.98789313904068,9.459081836327346,0.005647804698671901,67.65405570310402,21.34594429689598,False
438,WINNERS_10D,CONSENSUS,10,Reversal: 50D Support + Higher Low + Reversal: 50D Support + Hammer + Reversal: 50D Support + Volume + Reversal: 50D Support + RSI,4,2,3409,0.5687885010266941,0.019287361537996647,0.002868068833651982,1.5871720377320429,-0.999015561015561,9.459081836327346,0.0018827285263242099,67.64854306242782,21.35145693757218,False
439,WINNERS_10D,CONSENSUS,10,Reversal: 50D Support + Higher Low + Secondary: Breakdown + 50D Support + Reversal: 50D Support + RSI,3,1,16688,0.5686720997123682,0.017757668037178754,0.003574047079464737,1.5816136931307652,-0.9990229231019346,13.976958525345621,0.003239659253371483,67.64663107220062,21.35336892779938,False
440,WINNERS_10D,CONSENSUS,10,Reversal: 50D Support + Higher Low + Secondary: Breakdown + 50D Support + Reversal: 50D Support + RSI + Higher Low + Reversal: 50D Support + RSI,4,1,16688,0.5686720997123682,0.017757668037178754,0.003574047079464737,1.5816136931307652,-0.9990229231019346,13.976958525345621,0.003239659253371483,67.64663107220062,21.35336892779938,False
441,WINNERS_10D,CONSENSUS,10,Secondary: Breakdown + 50D Support + Reversal: 50D Support + Hammer,2,1,4066,0.5514018691588785,0.018959769338214142,0.0031809145129224614,1.586115184317707,-0.8990566037735849,6.290448343079922,0.005750651351730277,67.55875526318343,21.44124473681657,False
442,CROSS_10D_20D,OR,10,10D:Secondary: Breakdown + 50D Support + 20D:Reversal: 50D Support + Hammer,2,1,4066,0.5514018691588785,0.018959769338214142,0.0031809145129224614,1.586115184317707,-0.8990566037735849,6.290448343079922,0.005750651351730277,67.55875526318343,21.44124473681657,False
443,CROSS_10D_20D,OR,10,10D:Reversal: 50D Support + Hammer + 20D:Secondary: Breakdown + 50D Support,2,1,4066,0.5514018691588785,0.018959769338214142,0.0031809145129224614,1.586115184317707,-0.8990566037735849,6.290448343079922,0.005750651351730277,67.55875526318343,21.44124473681657,False
444,WINNERS_10D,CONSENSUS,10,Reversal: 50D Support + Higher Low + Reversal: Bottom Reclaim + Support + Reversal: 50D Support + Volume + Reversal: 50D Support + RSI,4,3,789,0.5817490494296578,0.04378904613639117,0.013168724279835509,1.901108053808097,-0.999015561015561,9.459081836327346,0.011571644823288296,67.47011341677351,21.529886583226485,False
445,WINNERS_20D,CONSENSUS,20,Reversal: 50D Support + Higher Low + Secondary: Breakdown + 50D Support + Reversal: 50D Support + Volume + Reversal: 50D Support + Hammer,4,2,2432,0.5731907894736842,0.0146826708839444,0.0040000000000000036,1.4679066078460505,-0.9834088927637314,2.9483870967741934,0.006383116141711816,67.46691636660981,21.53308363339019,False
446,WINNERS_20D,AND,20,Reversal: 50D Support + Hammer,1,1,1824,0.5641447368421053,0.021458624269261446,0.0035455011018342697,1.5031893474742684,-0.9211320754716981,7.915789473684212,0.0010202906751040114,67.44846663972126,21.55153336027874,False
447,WINNERS_10D,CONSENSUS,10,Reversal: 50D Support + Bull Engulf + Reversal: 50D Support + Hammer + Reversal: 50D Support + Volume + Reversal: 50D Support + RSI,4,1,11503,0.5623750326001913,0.019721293385524107,0.003780718336483746,1.5087506771497619,-0.9990229231019346,13.976958525345621,0.001543081776444731,67.44331557025234,21.556684429747662,False
448,WINNERS_10D,CONSENSUS,10,Reversal: 50D Support + Bull Engulf + Reversal: 50D Support + Higher Low + Reversal: 50D Support + RSI,3,1,15197,0.570770546818451,0.017618240341410855,0.00341796875,1.593382485684734,-0.9990229231019346,13.976958525345621,0.002743980370089995,67.36812665122017,21.631873348779834,False
449,WINNERS_10D,CONSENSUS,10,Reversal: 50D Support + Bull Engulf + Reversal: 50D Support + Higher Low + Reversal: 50D Support + RSI + Higher Low + Reversal: 50D Support + RSI,4,1,15197,0.570770546818451,0.017618240341410855,0.00341796875,1.593382485684734,-0.9990229231019346,13.976958525345621,0.002743980370089995,67.36812665122017,21.631873348779834,False
450,WINNERS_10D,CONSENSUS,10,Reversal: 50D Support + Higher Low + Secondary: Breakdown + 50D Support + Reversal: 50D Support + Volume + Reversal: 50D Support + RSI,4,1,19779,0.5722736235401183,0.016664931515493732,0.003724394785847185,1.5477781756985167,-0.9990229231019346,13.976958525345621,0.00333759291940763,67.34035955112122,21.659640448878775,False
451,WINNERS_20D,CONSENSUS,20,Reversal: 50D Support + Bull Engulf + Reversal: Bottom Reclaim + Support + Reversal: 50D Support + Volume,3,2,1017,0.5683382497541789,0.015586967271038274,0.010761259465922768,1.259791655299007,-0.9846058534501175,3.0825903331769124,0.003911395363352904,67.31102760700828,21.688972392991715,False
452,WINNERS_10D,CONSENSUS,10,Secondary: Breakdown + 50D Support + Reversal: 50D Support + Hammer + Reversal: Bottom Reclaim + Support + Reversal: 50D Support + Volume,4,1,12675,0.5619723865877712,0.01780976535055218,0.00418910831837227,1.494279617850673,-0.999015561015561,13.976958525345621,0.003704396827423377,67.29661893870532,21.703381061294678,False
453,WINNERS_10D,CONSENSUS,10,Reversal: 50D Support + Higher Low + Reversal: 50D Support + RSI,2,1,14842,0.5710820644118043,0.01761090656108107,0.0033631061272192397,1.5926755728265056,-0.9990229231019346,13.976958525345621,0.0025631045321552353,67.23590862424598,21.76409137575402,False
454,WINNERS_10D,CONSENSUS,10,Reversal: 50D Support + Higher Low + Reversal: 50D Support + RSI + Higher Low + Reversal: 50D Support + RSI,3,1,14842,0.5710820644118043,0.01761090656108107,0.0033631061272192397,1.5926755728265056,-0.9990229231019346,13.976958525345621,0.0025631045321552353,67.23590862424598,21.76409137575402,False
455,CROSS_10D_20D,OR,10,10D:Reversal: 50D Support + RSI + 20D:Reversal: 50D Support + Higher Low,2,1,14842,0.5710820644118043,0.01761090656108107,0.0033631061272192397,1.5926755728265056,-0.9990229231019346,13.976958525345621,0.0025631045321552353,67.23590862424598,21.76409137575402,False
456,WINNERS_10D,CONSENSUS,10,Reversal: 50D Support + Bull Engulf + Reversal: Bottom Reclaim + Support + Reversal: 50D Support + RSI,3,1,8782,0.5438396720564792,0.023942075362411264,0.006831622948922478,1.5010022141098163,-0.9990229231019346,13.976958525345621,0.0018866295410147112,67.17863471019942,21.821365289800582,False
457,WINNERS_10D,CONSENSUS,10,Reversal: 50D Support + Bull Engulf + Reversal: 50D Support + RSI + Higher Low + Reversal: Bottom Reclaim + Support + Reversal: 50D Support + RSI,4,1,8782,0.5438396720564792,0.023942075362411264,0.006831622948922478,1.5010022141098163,-0.9990229231019346,13.976958525345621,0.0018866295410147112,67.17863471019942,21.821365289800582,False
458,CROSS_10D_20D,OR,20,10D:Reversal: 50D Support + RSI + 20D:Reversal: 50D Support + RSI + Higher Low,2,1,3703,0.537402106400216,0.03294715903542492,0.012720156555772855,1.3810952219795745,-0.9943790849673203,11.712765957446809,-0.005725636725788354,67.12538884985855,21.874611150141448,False
459,WINNERS_10D,CONSENSUS,10,Reversal: 50D Support + Volume + Reversal: 50D Support + RSI,2,1,9032,0.5600088573959257,0.021448083339735604,0.004458950574604437,1.492167091520393,-0.9990229231019346,13.976958525345621,0.0007634163658810407,67.1210362966916,21.8789637033084,False
460,WINNERS_10D,CONSENSUS,10,Reversal: 50D Support + RSI + Higher Low + Reversal: 50D Support + Volume + Reversal: 50D Support + RSI,3,1,9032,0.5600088573959257,0.021448083339735604,0.004458950574604437,1.492167091520393,-0.9990229231019346,13.976958525345621,0.0007634163658810407,67.1210362966916,21.8789637033084,False
461,CROSS_10D_20D,OR,10,10D:Reversal: 50D Support + RSI + 20D:Reversal: 50D Support + Volume,2,1,9032,0.5600088573959257,0.021448083339735604,0.004458950574604437,1.492167091520393,-0.9990229231019346,13.976958525345621,0.0007634163658810407,67.1210362966916,21.8789637033084,False
462,WINNERS_10D,CONSENSUS,10,Reversal: 50D Support + Bull Engulf + Reversal: 50D Support + Higher Low + Secondary: Breakdown + 50D Support + Reversal: 50D Support + Volume,4,1,17190,0.5803955788248982,0.013684307282976194,0.0036717139798395637,1.5593208301167003,-0.999015561015561,9.459081836327346,0.005208466864465612,67.07703938702146,21.922960612978542,False
463,WINNERS_10D,CONSENSUS,10,Reversal: 50D Support + Bull Engulf + Reversal: 50D Support + Hammer,2,1,3224,0.5688585607940446,0.016697721927529236,0.002820880082756383,1.6658490065154712,-0.7945071113290829,6.290448343079922,0.004602484421374885,67.07500543796846,21.924994562031543,False
464,CROSS_10D_20D,OR,10,10D:Reversal: 50D Support + Bull Engulf + 20D:Reversal: 50D Support + Hammer,2,1,3224,0.5688585607940446,0.016697721927529236,0.002820880082756383,1.6658490065154712,-0.7945071113290829,6.290448343079922,0.004602484421374885,67.07500543796846,21.924994562031543,False
465,CROSS_10D_20D,OR,10,10D:Reversal: 50D Support + Hammer + 20D:Reversal: 50D Support + Bull Engulf,2,1,3224,0.5688585607940446,0.016697721927529236,0.002820880082756383,1.6658490065154712,-0.7945071113290829,6.290448343079922,0.004602484421374885,67.07500543796846,21.924994562031543,False
466,WINNERS_10D,CONSENSUS,10,Reversal: 50D Support + Bull Engulf + Reversal: Bottom Reclaim + Support + Reversal: 50D Support + Volume + Reversal: 50D Support + RSI,4,1,12921,0.557541985914403,0.019491101919203453,0.004807692307692291,1.4767672213594254,-0.9990229231019346,13.976958525345621,0.0019217043520535061,67.07460075573705,21.925399244262948,False
467,WINNERS_10D,CONSENSUS,10,Reversal: 50D Support + Bull Engulf + Reversal: 50D Support + RSI,2,1,5342,0.5454885810557843,0.03046208432095705,0.006696899666540079,1.5758293063952549,-0.9990229231019346,13.976958525345621,0.001506423167563897,67.06725563487538,21.93274436512462,False
468,WINNERS_10D,CONSENSUS,10,Reversal: 50D Support + Bull Engulf + Reversal: 50D Support + RSI + Higher Low + Reversal: 50D Support + RSI,3,1,5342,0.5454885810557843,0.03046208432095705,0.006696899666540079,1.5758293063952549,-0.9990229231019346,13.976958525345621,0.001506423167563897,67.06725563487538,21.93274436512462,False
469,CROSS_10D_20D,OR,10,10D:Reversal: 50D Support + RSI + 20D:Reversal: 50D Support + Bull Engulf,2,1,5342,0.5454885810557843,0.03046208432095705,0.006696899666540079,1.5758293063952549,-0.9990229231019346,13.976958525345621,0.001506423167563897,67.06725563487538,21.93274436512462,False
470,WINNERS_10D,CONSENSUS,10,Reversal: 50D Support + Higher Low + Secondary: Breakdown + 50D Support + Reversal: 50D Support + Hammer + Reversal: 50D Support + RSI,4,1,17899,0.567908821721884,0.017365908923367514,0.0035269221725839905,1.5686840176483634,-0.9990229231019346,13.976958525345621,0.003186231356211432,67.05224435694474,21.94775564305526,False
471,WINNERS_10D,CONSENSUS,10,Reversal: 50D Support + Bull Engulf + Reversal: 50D Support + Hammer + Reversal: Bottom Reclaim + Support + Reversal: 50D Support + Volume,4,2,1679,0.5658129839189994,0.017229212415853238,0.005134387351778624,1.4215843198578937,-0.999015561015561,5.148387096774193,0.003844550658920084,66.95865190800872,22.04134809199128,False
472,WINNERS_10D,CONSENSUS,10,Reversal: 50D Support + Higher Low + Secondary: Breakdown + 50D Support + Reversal: 50D Support + Volume,3,1,16882,0.580736879516645,0.013564328415478506,0.0036366435796946206,1.5565521271509575,-0.999015561015561,9.459081836327346,0.005097680990355647,66.90455176245703,22.095448237542968,False
473,WINNERS_10D,CONSENSUS,10,Reversal: 50D Support + Higher Low + Secondary: Breakdown + 50D Support + Reversal: 50D Support + RSI + Higher Low + Reversal: 50D Support + Volume,4,1,16882,0.580736879516645,0.013564328415478506,0.0036366435796946206,1.5565521271509575,-0.999015561015561,9.459081836327346,0.005097680990355647,66.90455176245703,22.095448237542968,False
474,WINNERS_10D,CONSENSUS,10,Reversal: 50D Support + Bull Engulf + Reversal: 50D Support + Higher Low + Reversal: 50D Support + Hammer + Reversal: 50D Support + RSI,4,1,16444,0.5697518851860861,0.017332104158769977,0.0033783783783783994,1.582228650281977,-0.9990229231019346,13.976958525345621,0.0027463760047102596,66.88431747710082,22.115682522899178,False
475,WINNERS_10D,CONSENSUS,10,Reversal: 50D Support + Higher Low + Reversal: 50D Support + Hammer + Reversal: 50D Support + RSI,3,1,16101,0.5702130302465686,0.017377346532742175,0.003319502074688785,1.5836370225064267,-0.9990229231019346,13.976958525345621,0.0026315845581990622,66.87616654850282,22.123833451497177,False
476,WINNERS_10D,CONSENSUS,10,Reversal: 50D Support + Higher Low + Reversal: 50D Support + RSI + Higher Low + Reversal: 50D Support + Hammer + Reversal: 50D Support + RSI,4,1,16101,0.5702130302465686,0.017377346532742175,0.003319502074688785,1.5836370225064267,-0.9990229231019346,13.976958525345621,0.0026315845581990622,66.87616654850282,22.123833451497177,False
477,WINNERS_10D,CONSENSUS,10,Reversal: 50D Support + Hammer + Reversal: 50D Support + Volume + Reversal: 50D Support + RSI,3,1,10578,0.5594630364908301,0.020215087416857423,0.003721170677895236,1.4983357501346473,-0.9990229231019346,13.976958525345621,0.001153158294445297,66.87184864663787,22.128151353362128,False
478,WINNERS_10D,CONSENSUS,10,Reversal: 50D Support + RSI + Higher Low + Reversal: 50D Support + Hammer + Reversal: 50D Support + Volume + Reversal: 50D Support + RSI,4,1,10578,0.5594630364908301,0.020215087416857423,0.003721170677895236,1.4983357501346473,-0.9990229231019346,13.976958525345621,0.001153158294445297,66.87184864663787,22.128151353362128,False
479,WINNERS_10D,CONSENSUS,10,Reversal: 50D Support + Bull Engulf + Reversal: 50D Support + RSI + Higher Low + Reversal: 50D Support + Volume,3,1,6988,0.5812821980538065,0.014581166916150202,0.00422110569818368,1.4688049420227087,-0.999015561015561,9.459081836327346,0.0035315902579554047,66.75613759260077,22.243862407399234,False
480,WINNERS_10D,CONSENSUS,10,Reversal: 50D Support + Higher Low + Secondary: Breakdown + 50D Support + Reversal: 50D Support + Hammer + Reversal: 50D Support + Volume,4,1,17997,0.5785964327387898,0.014003605752301966,0.0035842293906809264,1.5558385232664496,-0.999015561015561,9.459081836327346,0.004827885107485693,66.74543041572522,22.254569584274776,False
481,WINNERS_10D,CONSENSUS,10,Reversal: Bottom Reclaim + Support + Reversal: 50D Support + Volume + Reversal: 50D Support + RSI,3,1,12150,0.55440329218107,0.019942361085714615,0.004840275591141419,1.4691342514817485,-0.9990229231019346,13.976958525345621,0.0016817542483327183,66.72000302019437,22.27999697980563,False
482,WINNERS_10D,CONSENSUS,10,Reversal: 50D Support + RSI + Higher Low + Reversal: Bottom Reclaim + Support + Reversal: 50D Support + Volume + Reversal: 50D Support + RSI,4,1,12150,0.55440329218107,0.019942361085714615,0.004840275591141419,1.4691342514817485,-0.9990229231019346,13.976958525345621,0.0016817542483327183,66.72000302019437,22.27999697980563,False
483,WINNERS_10D,CONSENSUS,10,Reversal: 50D Support + Higher Low + Secondary: Breakdown + 50D Support + Reversal: 50D Support + Hammer + Reversal: Bottom Reclaim + Support,4,1,17688,0.5687471732247852,0.01575009985883346,0.003561267474930019,1.5725665726749711,-0.999015561015561,13.976958525345621,0.00463059562350415,66.68519272012328,22.314807279876717,False
484,WINNERS_10D,CONSENSUS,10,Reversal: 50D Support + Bull Engulf + Secondary: Breakdown + 50D Support + Reversal: 50D Support + Hammer + Reversal: 50D Support + RSI,4,1,9015,0.5493067110371603,0.02396544970799537,0.004202942059441606,1.548136375785734,-0.9990229231019346,13.976958525345621,0.002609855863729714,66.66071694857187,22.339283051428126,False
485,WINNERS_10D,CONSENSUS,10,Reversal: 50D Support + Bull Engulf + Reversal: 50D Support + Higher Low + Reversal: 50D Support + Hammer + Reversal: 50D Support + Volume,4,2,2868,0.5889121338912134,0.012097397822490084,0.0026776458066901654,1.7490904552410795,-0.6267018006148442,5.148387096774193,0.005816367285354103,66.61992995672551,22.380070043274486,False
486,WINNERS_10D,CONSENSUS,10,Reversal: 50D Support + Bull Engulf + Reversal: 50D Support + RSI + Higher Low + Reversal: Bottom Reclaim + Support + Reversal: 50D Support + Volume,4,1,10789,0.5673371026045045,0.016629455562137074,0.004965859714463283,1.4599502859854971,-0.999015561015561,13.976958525345621,0.0030588452659464148,66.53667283128672,22.463327168713278,False
487,WINNERS_10D,CONSENSUS,10,Reversal: 50D Support + RSI + Higher Low + Reversal: 50D Support + Hammer + Reversal: 50D Support + RSI,3,2,792,0.5618686868686869,0.06052211495892665,0.010527185458344857,2.2669053241712773,-0.7945071113290829,9.459081836327346,0.016595532762309996,66.51756128973564,22.48243871026436,False
488,CROSS_10D_20D,OR,10,10D:Reversal: Bottom Reclaim + Support + 20D:Reversal: Bull Engulf + Support,2,1,6054,0.5469111331351173,0.01987662545009777,0.0051703811658274645,1.4857499035727413,-0.999015561015561,13.976958525345621,0.0024444364312350255,66.50209256329322,22.497907436706782,False
489,WINNERS_10D,CONSENSUS,10,Reversal: 50D Support + Bull Engulf + Reversal: 50D Support + Higher Low + Reversal: 50D Support + Volume + Reversal: 50D Support + RSI,4,1,18736,0.5729611443210931,0.01622239178763775,0.0036212625273464027,1.5385460028901061,-0.9990229231019346,13.976958525345621,0.002704613363294255,66.46032275913376,22.53967724086624,False
490,WINNERS_10D,CONSENSUS,10,Reversal: Bottom Reclaim + Support + Reversal: 50D Support + RSI,2,1,7886,0.5374080649251839,0.025433960324059007,0.00753555149236429,1.4946303010745063,-0.9990229231019346,13.976958525345621,0.0017201196808581257,66.42026921868924,22.579730781310758,False
491,WINNERS_10D,CONSENSUS,10,Reversal: 50D Support + RSI + Higher Low + Reversal: Bottom Reclaim + Support + Reversal: 50D Support + RSI,3,1,7886,0.5374080649251839,0.025433960324059007,0.00753555149236429,1.4946303010745063,-0.9990229231019346,13.976958525345621,0.0017201196808581257,66.42026921868924,22.579730781310758,False
492,CROSS_10D_20D,OR,10,10D:Reversal: 50D Support + RSI + 20D:Reversal: Bottom Reclaim + Support,2,1,7886,0.5374080649251839,0.025433960324059007,0.00753555149236429,1.4946303010745063,-0.9990229231019346,13.976958525345621,0.0017201196808581257,66.42026921868924,22.579730781310758,False
493,WINNERS_10D,CONSENSUS,10,Reversal: 50D Support + Higher Low + Reversal: 50D Support + Volume + Reversal: 50D Support + RSI,3,1,18447,0.5731555266438987,0.016153780625400193,0.0035885167464115852,1.5360529258592497,-0.9990229231019346,13.976958525345621,0.002570468256489867,66.29894048489274,22.70105951510726,False
494,WINNERS_10D,CONSENSUS,10,Reversal: 50D Support + Higher Low + Reversal: 50D Support + RSI + Higher Low + Reversal: 50D Support + Volume + Reversal: 50D Support + RSI,4,1,18447,0.5731555266438987,0.016153780625400193,0.0035885167464115852,1.5360529258592497,-0.9990229231019346,13.976958525345621,0.002570468256489867,66.29894048489274,22.70105951510726,False
495,WINNERS_10D,CONSENSUS,10,Reversal: 50D Support + Higher Low + Reversal: 50D Support + Hammer + Reversal: Bottom Reclaim + Support,3,1,15723,0.5717738345099536,0.015309581638612839,0.003377036154151636,1.580910672336454,-0.999015561015561,13.976958525345621,0.0041823701957262064,66.27477548601348,22.725224513986518,False
496,WINNERS_10D,CONSENSUS,10,Reversal: 50D Support + Higher Low + Reversal: 50D Support + RSI + Higher Low + Reversal: 50D Support + Hammer + Reversal: Bottom Reclaim + Support,4,1,15723,0.5717738345099536,0.015309581638612839,0.003377036154151636,1.580910672336454,-0.999015561015561,13.976958525345621,0.0041823701957262064,66.27477548601348,22.725224513986518,False
497,WINNERS_10D,CONSENSUS,10,Reversal: 50D Support + Bull Engulf + Reversal: 50D Support + Higher Low + Reversal: 50D Support + Hammer + Reversal: Bottom Reclaim + Support,4,1,15941,0.5718587290634214,0.01523882519111047,0.0034109149277687933,1.5785993157593656,-0.999015561015561,13.976958525345621,0.0042166451464394844,66.26928342400358,22.730716575996425,False
498,WINNERS_10D,CONSENSUS,10,Reversal: 50D Support + Bull Engulf + Reversal: 50D Support + Higher Low + Secondary: Breakdown + 50D Support + Reversal: Bottom Reclaim + Support,4,1,16742,0.5694660136184446,0.015098842932350537,0.003613732327946817,1.5568971764167925,-0.999015561015561,13.976958525345621,0.004723467653488201,66.26274518816757,22.73725481183243,False
499,CROSS_10D_20D,OR,10,10D:Reversal: 50D Support + Higher Low + 20D:Reversal: Bull Engulf + Support,2,1,11889,0.5817983009504584,0.012673221176915139,0.0029615004935834577,1.695687805798959,-0.98789313904068,9.459081836327346,0.005862419330047871,66.2575445363817,22.7424554636183,False
500,WINNERS_10D,CONSENSUS,10,Secondary: Breakdown + 50D Support + Reversal: 50D Support + Hammer + Reversal: Bottom Reclaim + Support + Reversal: 50D Support + RSI,4,1,11395,0.5435717419921018,0.022175733264547966,0.004812534974818261,1.4962403894541132,-0.9990229231019346,13.976958525345621,0.0027529023087212307,66.2067081189068,22.793291881093197,False
501,WINNERS_10D,CONSENSUS,10,Reversal: 50D Support + Higher Low + Reversal: 50D Support + Hammer + Reversal: 50D Support + Volume + Reversal: 50D Support + RSI,4,1,19436,0.5721856349043013,0.016162955175021174,0.0035461696491361216,1.5363443151654355,-0.9990229231019346,13.976958525345621,0.00266387998668418,66.18476488593662,22.815235114063384,False
502,WINNERS_10D,CONSENSUS,10,Reversal: 50D Support + Bull Engulf + Reversal: 50D Support + Hammer + Reversal: Bottom Reclaim + Support + Reversal: 50D Support + RSI,4,1,10479,0.5476667620956198,0.02197768151366855,0.004522613065326642,1.504927471537474,-0.9990229231019346,13.976958525345621,0.0019973061506502253,66.16773309458596,22.832266905414045,False
503,WINNERS_10D,CONSENSUS,10,Reversal: 50D Support + Higher Low + Secondary: Breakdown + 50D Support + Reversal: Bottom Reclaim + Support,3,1,16514,0.5691534455613418,0.015108905776900354,0.0035846048139176467,1.556464419704252,-0.999015561015561,13.976958525345621,0.004657001775031159,66.14901831216893,22.850981687831066,False
504,WINNERS_10D,CONSENSUS,10,Reversal: 50D Support + Higher Low + Secondary: Breakdown + 50D Support + Reversal: 50D Support + RSI + Higher Low + Reversal: Bottom Reclaim + Support,4,1,16514,0.5691534455613418,0.015108905776900354,0.0035846048139176467,1.556464419704252,-0.999015561015561,13.976958525345621,0.004657001775031159,66.14901831216893,22.850981687831066,False
505,WINNERS_10D,CONSENSUS,10,Reversal: 50D Support + Bull Engulf + Reversal: 50D Support + Higher Low + Reversal: 50D Support + Volume,3,2,1989,0.5947712418300654,0.010131327570591453,0.002811621368322248,1.6697171903262253,-0.5947777777777778,0.793939393939394,0.006201173730775245,66.01946419992547,22.980535800074534,False
506,WINNERS_10D,AND,10,Reversal: 50D Support + RSI,1,1,4250,0.5341176470588235,0.03477397921408415,0.008318868695119441,1.5631269820155618,-0.9990229231019346,13.976958525345621,0.0009598305579162961,65.97863228291405,23.02136771708595,False
507,WINNERS_10D,CONSENSUS,10,Reversal: 50D Support + RSI + Higher Low + Reversal: 50D Support + RSI,2,1,4250,0.5341176470588235,0.03477397921408415,0.008318868695119441,1.5631269820155618,-0.9990229231019346,13.976958525345621,0.0009598305579162961,65.97863228291405,23.02136771708595,False
508,CROSS_10D_20D,OR,10,10D:Reversal: 50D Support + RSI + 20D:Reversal: 50D Support + RSI + Higher Low,2,1,4250,0.5341176470588235,0.03477397921408415,0.008318868695119441,1.5631269820155618,-0.9990229231019346,13.976958525345621,0.0009598305579162961,65.97863228291405,23.02136771708595,False
509,WINNERS_10D,CONSENSUS,10,Reversal: 50D Support + RSI + Higher Low + Reversal: Bottom Reclaim + Support + Reversal: 50D Support + Volume,3,1,10009,0.5641922269957038,0.016940022286048836,0.0050167224080266415,1.4482858418927456,-0.999015561015561,13.976958525345621,0.0027178951269694845,65.91112063479233,23.088879365207674,False
510,WINNERS_10D,CONSENSUS,10,Reversal: 50D Support + Higher Low + Secondary: Breakdown + 50D Support + Reversal: Bottom Reclaim + Support + Reversal: 50D Support + Volume,4,1,19587,0.5727268085975392,0.014401751735166508,0.003754940711462318,1.5135513070217637,-0.999015561015561,13.976958525345621,0.004171544000858514,65.801083368997,23.198916631003,False
511,WINNERS_10D,AND,10,Reversal: 50D Support + Hammer,1,1,2101,0.5578296049500238,0.018665020433147127,0.00217104753043329,1.6608652481507586,-0.7945071113290829,6.290448343079922,0.003333178943851531,65.7647911138647,23.235208886135297,False
512,WINNERS_10D,CONSENSUS,10,Reversal: 50D Support + RSI + Higher Low + Reversal: 50D Support + Hammer + Reversal: Bottom Reclaim + Support + Reversal: 50D Support + Volume,4,1,11518,0.5630317763500607,0.01713868853113058,0.0040000000000000036,1.4749189744451956,-0.999015561015561,13.976958525345621,0.0028777780101735474,65.71763433785746,23.28236566214254,False
513,WINNERS_10D,CONSENSUS,10,Reversal: 50D Support + Bull Engulf + Reversal: 50D Support + Higher Low + Reversal: 50D Support + Volume,3,1,15755,0.5826721675658522,0.012563013520929226,0.0035629453681709222,1.5330991373136775,-0.999015561015561,9.459081836327346,0.004478082679472784,65.70581248430403,23.294187515695967,False
514,WINNERS_10D,CONSENSUS,10,Reversal: 50D Support + Bull Engulf + Reversal: 50D Support + Higher Low + Reversal: 50D Support + RSI + Higher Low + Reversal: 50D Support + Volume,4,1,15755,0.5826721675658522,0.012563013520929226,0.0035629453681709222,1.5330991373136775,-0.999015561015561,9.459081836327346,0.004478082679472784,65.70581248430403,23.294187515695967,False
515,WINNERS_10D,CONSENSUS,10,Reversal: 50D Support + Bull Engulf + Reversal: 50D Support + Hammer + Reversal: 50D Support + RSI,3,1,7217,0.549812941665512,0.02563513673574961,0.003842459173871271,1.5658382029816311,-0.9990229231019346,13.976958525345621,0.0015607165034898756,65.6878720356062,23.312127964393795,False
516,WINNERS_10D,CONSENSUS,10,Reversal: 50D Support + Bull Engulf + Reversal: 50D Support + RSI + Higher Low + Reversal: 50D Support + Hammer + Reversal: 50D Support + RSI,4,1,7217,0.549812941665512,0.02563513673574961,0.003842459173871271,1.5658382029816311,-0.9990229231019346,13.976958525345621,0.0015607165034898756,65.6878720356062,23.312127964393795,False
517,WINNERS_10D,CONSENSUS,10,Reversal: 50D Support + Bull Engulf + Reversal: 50D Support + RSI + Higher Low + Reversal: 50D Support + Hammer + Reversal: 50D Support + Volume,4,1,8677,0.5749683070185548,0.014931510083209589,0.0036342769701607214,1.4878844250903587,-0.999015561015561,9.459081836327346,0.003176754021781456,65.66590824843134,23.334091751568664,False
518,WINNERS_10D,CONSENSUS,10,Reversal: 50D Support + Bull Engulf + Reversal: 50D Support + Higher Low + Reversal: Bottom Reclaim + Support,3,1,14722,0.5728841190055699,0.014362696825164249,0.0034590700015839637,1.5564950679530467,-0.999015561015561,13.976958525345621,0.004243129298487409,65.6200328011461,23.379967198853905,False
519,WINNERS_10D,CONSENSUS,10,Reversal: 50D Support + Bull Engulf + Reversal: 50D Support + Higher Low + Reversal: 50D Support + RSI + Higher Low + Reversal: Bottom Reclaim + Support,4,1,14722,0.5728841190055699,0.014362696825164249,0.0034590700015839637,1.5564950679530467,-0.999015561015561,13.976958525345621,0.004243129298487409,65.6200328011461,23.379967198853905,False
520,WINNERS_10D,CONSENSUS,10,Reversal: 50D Support + Hammer + Reversal: Bottom Reclaim + Support + Reversal: 50D Support + Volume + Reversal: 50D Support + RSI,4,1,13555,0.5549981556621173,0.019154847506643046,0.003958828186856556,1.4755581119533117,-0.9990229231019346,13.976958525345621,0.0018541084462554965,65.60687779105182,23.393122208948185,False
521,WINNERS_10D,CONSENSUS,10,Reversal: 50D Support + Hammer + Reversal: Bottom Reclaim + Support + Reversal: 50D Support + Volume,3,2,1356,0.5678466076696165,0.016939647035134165,0.005390302835513783,1.3810701016907911,-0.999015561015561,5.148387096774193,0.002578380801703988,65.57509606949677,23.424903930503234,False
522,WINNERS_10D,CONSENSUS,10,Secondary: Breakdown + 50D Support + Reversal: 50D Support + Hammer + Reversal: 50D Support + RSI,3,1,7939,0.5438972162740899,0.025472383252776617,0.004165840111089114,1.5405542295127228,-0.9990229231019346,13.976958525345621,0.0023411789449202364,65.52980033768867,23.47019966231133,False
523,WINNERS_10D,CONSENSUS,10,Secondary: Breakdown + 50D Support + Reversal: 50D Support + RSI + Higher Low + Reversal: 50D Support + Hammer + Reversal: 50D Support + RSI,4,1,7939,0.5438972162740899,0.025472383252776617,0.004165840111089114,1.5405542295127228,-0.9990229231019346,13.976958525345621,0.0023411789449202364,65.52980033768867,23.47019966231133,False
524,WINNERS_10D,CONSENSUS,10,Reversal: 50D Support + Bull Engulf + Reversal: 50D Support + Higher Low + Reversal: 50D Support + Hammer + Reversal: 50D Support + Volume,4,1,16891,0.5798946184358534,0.013119708809502504,0.0034502182791154024,1.5354769545945686,-0.999015561015561,9.459081836327346,0.004200231328886226,65.50664908814596,23.493350911854037,False
525,WINNERS_20D,CONSENSUS,20,Reversal: 50D Support + Higher Low + Secondary: Breakdown + 50D Support + Reversal: 50D Support + Volume,3,2,1643,0.5715155203895314,0.01358514482990717,0.004269449715370133,1.3991284816329104,-0.9834088927637314,1.0762331838565022,0.006845625881831459,65.49284628661209,23.507153713387908,False
526,WINNERS_10D,CONSENSUS,10,Reversal: 50D Support + Higher Low + Reversal: 50D Support + Volume,2,1,15447,0.5830905677477828,0.01240953118003414,0.0035211267605634866,1.52929331287559,-0.999015561015561,9.459081836327346,0.004344538512919306,65.49054142644336,23.509458573556643,False
527,WINNERS_10D,CONSENSUS,10,Reversal: 50D Support + Higher Low + Reversal: 50D Support + RSI + Higher Low + Reversal: 50D Support + Volume,3,1,15447,0.5830905677477828,0.01240953118003414,0.0035211267605634866,1.52929331287559,-0.999015561015561,9.459081836327346,0.004344538512919306,65.49054142644336,23.509458573556643,False
528,CROSS_10D_20D,OR,10,10D:Reversal: 50D Support + Higher Low + 20D:Reversal: 50D Support + Volume,2,1,15447,0.5830905677477828,0.01240953118003414,0.0035211267605634866,1.52929331287559,-0.999015561015561,9.459081836327346,0.004344538512919306,65.49054142644336,23.509458573556643,False
529,CROSS_10D_20D,OR,10,10D:Reversal: 50D Support + Volume + 20D:Reversal: 50D Support + Higher Low,2,1,15447,0.5830905677477828,0.01240953118003414,0.0035211267605634866,1.52929331287559,-0.999015561015561,9.459081836327346,0.004344538512919306,65.49054142644336,23.509458573556643,False
530,WINNERS_10D,CONSENSUS,10,Reversal: 50D Support + Higher Low + Secondary: Breakdown + 50D Support + Reversal: 50D Support + RSI,3,2,770,0.5623376623376624,0.05129036565874316,0.0101943399605946,2.383031412051311,-0.7861538461538462,9.459081836327346,0.01823656939658637,65.48551682043866,23.51448317956134,False
531,WINNERS_10D,CONSENSUS,10,Secondary: Breakdown + 50D Support + Reversal: 50D Support + RSI + Higher Low + Reversal: 50D Support + RSI,3,2,770,0.5623376623376624,0.05129036565874316,0.0101943399605946,2.383031412051311,-0.7861538461538462,9.459081836327346,0.01823656939658637,65.48551682043866,23.51448317956134,False
532,WINNERS_10D,CONSENSUS,10,Reversal: 50D Support + Higher Low + Secondary: Breakdown + 50D Support + Reversal: 50D Support + RSI + Higher Low + Reversal: 50D Support + RSI,4,2,770,0.5623376623376624,0.05129036565874316,0.0101943399605946,2.383031412051311,-0.7861538461538462,9.459081836327346,0.01823656939658637,65.48551682043866,23.51448317956134,False
533,WINNERS_10D,CONSENSUS,10,Reversal: 50D Support + Higher Low + Reversal: Bottom Reclaim + Support,2,1,14494,0.5725817579688147,0.014362582053704139,0.0033983256739648082,1.5559708934644478,-0.999015561015561,13.976958525345621,0.004184747368451498,65.48017983031882,23.519820169681182,False
534,WINNERS_10D,CONSENSUS,10,Reversal: 50D Support + Higher Low + Reversal: 50D Support + RSI + Higher Low + Reversal: Bottom Reclaim + Support,3,1,14494,0.5725817579688147,0.014362582053704139,0.0033983256739648082,1.5559708934644478,-0.999015561015561,13.976958525345621,0.004184747368451498,65.48017983031882,23.519820169681182,False
535,CROSS_10D_20D,OR,10,10D:Reversal: 50D Support + Higher Low + 20D:Reversal: Bottom Reclaim + Support,2,1,14494,0.5725817579688147,0.014362582053704139,0.0033983256739648082,1.5559708934644478,-0.999015561015561,13.976958525345621,0.004184747368451498,65.48017983031882,23.519820169681182,False
536,CROSS_10D_20D,OR,10,10D:Reversal: Bottom Reclaim + Support + 20D:Reversal: 50D Support + Higher Low,2,1,14494,0.5725817579688147,0.014362582053704139,0.0033983256739648082,1.5559708934644478,-0.999015561015561,13.976958525345621,0.004184747368451498,65.48017983031882,23.519820169681182,False
537,WINNERS_10D,CONSENSUS,10,Reversal: 50D Support + Hammer + Reversal: Bottom Reclaim + Support + Reversal: 50D Support + RSI,3,1,9597,0.542877982702928,0.02309604389432643,0.00469144713099956,1.5014462472887047,-0.9990229231019346,13.976958525345621,0.0019379878951585737,65.45174005343992,23.54825994656008,False
538,WINNERS_10D,CONSENSUS,10,Reversal: 50D Support + RSI + Higher Low + Reversal: 50D Support + Hammer + Reversal: Bottom Reclaim + Support + Reversal: 50D Support + RSI,4,1,9597,0.542877982702928,0.02309604389432643,0.00469144713099956,1.5014462472887047,-0.9990229231019346,13.976958525345621,0.0019379878951585737,65.45174005343992,23.54825994656008,False
539,WINNERS_10D,CONSENSUS,10,Reversal: 50D Support + Higher Low + Reversal: 50D Support + Hammer + Reversal: 50D Support + Volume,3,1,16591,0.5804351756976674,0.013053074764161787,0.0034109149277687933,1.53508699196157,-0.999015561015561,9.459081836327346,0.00411644578002438,65.4377912446179,23.562208755382102,False
540,WINNERS_10D,CONSENSUS,10,Reversal: 50D Support + Higher Low + Reversal: 50D Support + RSI + Higher Low + Reversal: 50D Support + Hammer + Reversal: 50D Support + Volume,4,1,16591,0.5804351756976674,0.013053074764161787,0.0034109149277687933,1.53508699196157,-0.999015561015561,9.459081836327346,0.00411644578002438,65.4377912446179,23.562208755382102,False
541,WINNERS_10D,CONSENSUS,10,Reversal: 50D Support + Bull Engulf + Reversal: Bottom Reclaim + Support + Reversal: 50D Support + Volume,3,1,10542,0.5668753557199773,0.016293612276154893,0.0048073882158322645,1.4486336600537058,-0.999015561015561,13.976958525345621,0.0025414307384160075,65.42834677939908,23.571653220600922,False
542,WINNERS_10D,CONSENSUS,10,Reversal: 50D Support + Higher Low + Secondary: Breakdown + 50D Support + Reversal: Bottom Reclaim + Support + Reversal: 50D Support + RSI,4,1,18869,0.5621389580793895,0.016833021726580546,0.0035799522673030104,1.5224340990176093,-0.9990229231019346,13.976958525345621,0.0028925200638355206,65.37720232149937,23.622797678500632,False
543,WINNERS_10D,CONSENSUS,10,Reversal: 50D Support + Bull Engulf + Reversal: 50D Support + Hammer + Reversal: Bottom Reclaim + Support + Reversal: 50D Support + Volume,4,1,12047,0.5654519797459948,0.016525540890462712,0.003955696202531556,1.4736653027636226,-0.999015561015561,13.976958525345621,0.002695296110461814,65.31687012893393,23.683129871066072,False
544,WINNERS_10D,CONSENSUS,10,Reversal: 50D Support + Bull Engulf + Secondary: Breakdown + 50D Support + Reversal: 50D Support + Volume,3,1,7919,0.5768405101654249,0.013676503456885397,0.004374550085829654,1.438190083923723,-0.999015561015561,5.148387096774193,0.004301547868853621,65.29349668253072,23.706503317469284,False
545,WINNERS_20D,CONSENSUS,20,Reversal: 50D Support + Bull Engulf + Reversal: Bottom Reclaim + Support + Reversal: 50D Support + Volume + Reversal: Bull Engulf + Support,4,2,1371,0.5827862873814734,0.013995067215031387,0.006402561024409836,1.2840571949640436,-0.9846058534501175,3.0825903331769124,0.003924986452912032,65.27272896933574,23.727271030664255,False
546,WINNERS_10D,CONSENSUS,10,Reversal: 50D Support + Bull Engulf + Reversal: Bottom Reclaim + Support + Reversal: 50D Support + Volume,3,2,1147,0.5649520488230165,0.014939389001562576,0.007903383358494054,1.3446446882917884,-0.999015561015561,1.8734030197444835,0.0034608083178254622,65.03195236750143,23.968047632498568,False
547,WINNERS_10D,CONSENSUS,10,Reversal: 50D Support + RSI + Higher Low + Reversal: 50D Support + Volume,2,1,6032,0.5789124668435013,0.014492759559967176,0.004019968319493139,1.437381205069539,-0.999015561015561,9.459081836327346,0.002673727563469878,64.95479603059863,24.04520396940137,False
548,CROSS_10D_20D,OR,10,10D:Reversal: 50D Support + RSI + Higher Low + 20D:Reversal: 50D Support + Volume,2,1,6032,0.5789124668435013,0.014492759559967176,0.004019968319493139,1.437381205069539,-0.999015561015561,9.459081836327346,0.002673727563469878,64.95479603059863,24.04520396940137,False
549,CROSS_10D_20D,OR,10,10D:Reversal: 50D Support + Volume + 20D:Reversal: 50D Support + RSI + Higher Low,2,1,6032,0.5789124668435013,0.014492759559967176,0.004019968319493139,1.437381205069539,-0.999015561015561,9.459081836327346,0.002673727563469878,64.95479603059863,24.04520396940137,False
550,WINNERS_10D,CONSENSUS,10,Reversal: 50D Support + Hammer + Reversal: Bottom Reclaim + Support + Reversal: 50D Support + Volume,3,1,11269,0.5626053775845239,0.016885211332529827,0.003913894324853118,1.466350377787403,-0.999015561015561,13.976958525345621,0.0024793123814510543,64.88685225613531,24.113147743864687,False
551,WINNERS_10D,CONSENSUS,10,Reversal: 50D Support + Bull Engulf + Reversal: 50D Support + Higher Low + Reversal: Bottom Reclaim + Support + Reversal: 50D Support + RSI,4,1,17239,0.5638378096177272,0.016569215085530078,0.003422589087980654,1.5242542255444111,-0.9990229231019346,13.976958525345621,0.0023390365758193307,64.86340260300126,24.136597396998738,False
552,WINNERS_10D,CONSENSUS,10,Reversal: 50D Support + Higher Low + Reversal: 50D Support + Hammer + Reversal: Bottom Reclaim + Support + Reversal: 50D Support + Volume,4,1,19125,0.5729673202614379,0.01405554287510764,0.0035629453681709222,1.50496643059689,-0.999015561015561,13.976958525345621,0.0034606873039137527,64.81782075607747,24.182179243922533,False
553,WINNERS_10D,CONSENSUS,10,Reversal: 50D Support + Higher Low + Reversal: 50D Support + Hammer + Reversal: Bottom Reclaim + Support + Reversal: 50D Support + RSI,4,1,18127,0.5638550228940254,0.016496172159910314,0.0033592088874350168,1.5241652481281007,-0.9990229231019346,13.976958525345621,0.0024105582603174487,64.7993346697289,24.200665330271093,False
554,WINNERS_10D,CONSENSUS,10,Reversal: Bottom Reclaim + Support + Reversal: 50D Support + Volume,2,1,9753,0.5636214498103148,0.016599454849408897,0.004830917874396157,1.4369018737999701,-0.999015561015561,13.976958525345621,0.0021999801609705423,64.75790124098589,24.242098759014112,False
555,CROSS_10D_20D,OR,10,10D:Reversal: Bottom Reclaim + Support + 20D:Reversal: 50D Support + Volume,2,1,9753,0.5636214498103148,0.016599454849408897,0.004830917874396157,1.4369018737999701,-0.999015561015561,13.976958525345621,0.0021999801609705423,64.75790124098589,24.242098759014112,False
556,CROSS_10D_20D,OR,10,10D:Reversal: 50D Support + Volume + 20D:Reversal: Bottom Reclaim + Support,2,1,9753,0.5636214498103148,0.016599454849408897,0.004830917874396157,1.4369018737999701,-0.999015561015561,13.976958525345621,0.0021999801609705423,64.75790124098589,24.242098759014112,False
557,WINNERS_10D,CONSENSUS,10,Reversal: 50D Support + Higher Low + Reversal: Bottom Reclaim + Support + Reversal: 50D Support + RSI,3,1,17023,0.5635316924161429,0.016604793393289935,0.0033783783783782884,1.5239634018683084,-0.9990229231019346,13.976958525345621,0.0022631161578533965,64.7578630314875,24.242136968512497,False
558,WINNERS_10D,CONSENSUS,10,Reversal: 50D Support + Higher Low + Reversal: 50D Support + RSI + Higher Low + Reversal: Bottom Reclaim + Support + Reversal: 50D Support + RSI,4,1,17023,0.5635316924161429,0.016604793393289935,0.0033783783783782884,1.5239634018683084,-0.9990229231019346,13.976958525345621,0.0022631161578533965,64.7578630314875,24.242136968512497,False
559,WINNERS_10D,CONSENSUS,10,Reversal: 50D Support + Higher Low + Reversal: Bottom Reclaim + Support + Reversal: 50D Support + Volume + Reversal: 50D Support + RSI,4,1,20293,0.5671906568767555,0.015647324259348314,0.003584980237154145,1.4974964563968427,-0.9990229231019346,13.976958525345621,0.002432516749494524,64.65049741874145,24.349502581258548,False
560,WINNERS_20D,CONSENSUS,20,Reversal: Bottom Reclaim + Support + Secondary: Breakdown + 50D Support + Reversal: 50D Support + Volume + Reversal: 50D Support + Hammer,4,2,1733,0.5539526832083093,0.01971932721954009,0.006565874730021681,1.324515014324746,-0.9846058534501175,7.915789473684212,0.0007643436429819987,64.61768843942349,24.38231156057651,False
561,WINNERS_10D,CONSENSUS,10,Reversal: 50D Support + Bull Engulf + Secondary: Breakdown + 50D Support + Reversal: 50D Support + Hammer + Reversal: 50D Support + Volume,4,1,9590,0.5723670490093847,0.014084711689030072,0.003754940711462318,1.4580590384425267,-0.999015561015561,6.290448343079922,0.003925994104987186,64.5409049436401,24.4590950563599,False
562,WINNERS_10D,CONSENSUS,10,Reversal: 50D Support + Bull Engulf + Reversal: 50D Support + Higher Low + Reversal: Bottom Reclaim + Support + Reversal: 50D Support + Volume,4,1,18333,0.5743740795287187,0.01352988123758709,0.003648155654641272,1.491627698731839,-0.999015561015561,13.976958525345621,0.003515724071628405,64.49226593260644,24.507734067393557,False
563,WINNERS_10D,CONSENSUS,10,Reversal: 50D Support + RSI + Higher Low + Reversal: 50D Support + Hammer + Reversal: 50D Support + Volume,3,1,7733,0.5724815724815725,0.01503369472727461,0.0034493571652556287,1.4685594237165533,-0.999015561015561,9.459081836327346,0.0025798772665908427,64.44520636003077,24.554793639969233,False
564,WINNERS_10D,CONSENSUS,10,Reversal: 50D Support + Higher Low + Reversal: Bottom Reclaim + Support + Reversal: 50D Support + Volume,3,1,18152,0.5740965182899956,0.013485243888529397,0.0036026929740029523,1.4895683089883391,-0.999015561015561,13.976958525345621,0.003431667368413137,64.26990567681304,24.73009432318696,False
565,WINNERS_10D,CONSENSUS,10,Reversal: 50D Support + Higher Low + Reversal: 50D Support + RSI + Higher Low + Reversal: Bottom Reclaim + Support + Reversal: 50D Support + Volume,4,1,18152,0.5740965182899956,0.013485243888529397,0.0036026929740029523,1.4895683089883391,-0.999015561015561,13.976958525345621,0.003431667368413137,64.26990567681304,24.73009432318696,False
566,WINNERS_10D,CONSENSUS,10,Reversal: 50D Support + Hammer + Reversal: 50D Support + RSI,2,1,6141,0.5429083211203387,0.027875835099840453,0.0037903659046141236,1.5577523130418853,-0.9990229231019346,13.976958525345621,0.0011185845973725119,64.16643306321309,24.83356693678691,False
567,WINNERS_10D,CONSENSUS,10,Reversal: 50D Support + RSI + Higher Low + Reversal: 50D Support + Hammer + Reversal: 50D Support + RSI,3,1,6141,0.5429083211203387,0.027875835099840453,0.0037903659046141236,1.5577523130418853,-0.9990229231019346,13.976958525345621,0.0011185845973725119,64.16643306321309,24.83356693678691,False
568,CROSS_10D_20D,OR,10,10D:Reversal: 50D Support + RSI + 20D:Reversal: 50D Support + Hammer,2,1,6141,0.5429083211203387,0.027875835099840453,0.0037903659046141236,1.5577523130418853,-0.9990229231019346,13.976958525345621,0.0011185845973725119,64.16643306321309,24.83356693678691,False
569,WINNERS_20D,CONSENSUS,20,Reversal: 50D Support + Higher Low + Secondary: Breakdown + 50D Support + Reversal: 50D Support + Hammer + Reversal: Bull Engulf + Support,4,2,971,0.5859938208032955,0.012330884155365223,0.003114264303718528,1.7265113457620536,-0.6053897978825795,2.326530612244898,0.004971417060519503,64.14501930169929,24.854980698300707,False
570,WINNERS_10D,CONSENSUS,10,Secondary: Breakdown + 50D Support + Reversal: 50D Support + Volume,2,1,6946,0.5741433918802188,0.013500506074820888,0.004277695342012944,1.4095390483002892,-0.999015561015561,5.148387096774193,0.003724014778045722,63.68467144990617,25.31532855009383,False
571,CROSS_10D_20D,OR,10,10D:Secondary: Breakdown + 50D Support + 20D:Reversal: 50D Support + Volume,2,1,6946,0.5741433918802188,0.013500506074820888,0.004277695342012944,1.4095390483002892,-0.999015561015561,5.148387096774193,0.003724014778045722,63.68467144990617,25.31532855009383,False
572,CROSS_10D_20D,OR,10,10D:Reversal: 50D Support + Volume + 20D:Secondary: Breakdown + 50D Support,2,1,6946,0.5741433918802188,0.013500506074820888,0.004277695342012944,1.4095390483002892,-0.999015561015561,5.148387096774193,0.003724014778045722,63.68467144990617,25.31532855009383,False
573,CROSS_10D_20D,OR,20,10D:Reversal: 50D Support + RSI + 20D:Reversal: 50D Support + Hammer,2,1,5344,0.5469685628742516,0.02705995969281729,0.005812866810093298,1.3845432273459992,-0.9943790849673203,11.712765957446809,-0.0037076010173080452,63.59679770904522,25.40320229095478,False
574,WINNERS_10D,CONSENSUS,10,Reversal: 50D Support + Higher Low + Reversal: 50D Support + Hammer + Reversal: 50D Support + Volume,3,2,2131,0.5804786485218207,0.01161460272626186,0.002077274615704283,1.6964975973717484,-0.6267018006148442,5.148387096774193,0.004847557329518065,63.55466810548207,25.445331894517928,False
575,WINNERS_20D,CONSENSUS,20,Reversal: 50D Support + Higher Low + Secondary: Breakdown + 50D Support + Reversal: 50D Support + Volume + Reversal: Bull Engulf + Support,4,2,1968,0.5767276422764228,0.012065045435442685,0.0038891672417542544,1.3875587341058602,-0.9834088927637314,1.0762331838565022,0.0057102430601236615,63.51185577635259,25.48814422364741,False
576,WINNERS_10D,CONSENSUS,10,Secondary: Breakdown + 50D Support + Reversal: 50D Support + Hammer + Reversal: 50D Support + Volume,3,1,8629,0.5698226909259474,0.014104807798907099,0.00363901018922852,1.4398258417546834,-0.999015561015561,6.290448343079922,0.003468566605366708,63.40303624508948,25.59696375491052,False
577,WINNERS_20D,CONSENSUS,20,Reversal: 50D Support + Hammer + Reversal: Bull Engulf + Support,2,1,2809,0.5610537557849768,0.017190635777887844,0.003114264303718528,1.4672902349196588,-0.9211320754716981,7.915789473684212,0.000944167175888479,63.19825593375021,25.80174406624979,False
578,CROSS_10D_20D,OR,20,10D:Reversal: 50D Support + Hammer + 20D:Reversal: Bull Engulf + Support,2,1,2809,0.5610537557849768,0.017190635777887844,0.003114264303718528,1.4672902349196588,-0.9211320754716981,7.915789473684212,0.000944167175888479,63.19825593375021,25.80174406624979,False
579,CROSS_10D_20D,OR,20,10D:Reversal: 50D Support + RSI + 20D:Reversal: Bull Engulf + Support,2,1,4680,0.541025641025641,0.028055343154565076,0.006597784936832274,1.3803868581370682,-0.9943790849673203,11.712765957446809,-0.004891686716628686,63.12572650918218,25.87427349081782,False
580,WINNERS_10D,CONSENSUS,10,Reversal: 50D Support + Hammer + Reversal: 50D Support + Volume + Reversal: 50D Support + RSI,3,2,1240,0.5564516129032258,0.01893972569868999,0.005324040056263524,1.3337539193447403,-0.999015561015561,6.290448343079922,-0.003361138045006594,62.9039232138376,26.0960767861624,False
581,WINNERS_10D,AND,10,Reversal: 50D Support + Higher Low + Reversal: 50D Support + Volume,2,2,1252,0.5886581469648562,0.009176079292385605,0.002014149757003869,1.5984167550496045,-0.5947777777777778,0.6442307692307692,0.00541629290853737,62.8586024523509,26.1413975476491,False
582,CROSS_10D_20D,AND,10,10D:Reversal: 50D Support + Higher Low + 20D:Reversal: 50D Support + Volume,2,2,1252,0.5886581469648562,0.009176079292385605,0.002014149757003869,1.5984167550496045,-0.5947777777777778,0.6442307692307692,0.00541629290853737,62.8586024523509,26.1413975476491,False
583,CROSS_10D_20D,AND,10,10D:Reversal: 50D Support + Volume + 20D:Reversal: 50D Support + Higher Low,2,2,1252,0.5886581469648562,0.009176079292385605,0.002014149757003869,1.5984167550496045,-0.5947777777777778,0.6442307692307692,0.00541629290853737,62.8586024523509,26.1413975476491,False
584,CROSS_10D_20D,OR,10,10D:Reversal: 50D Support + RSI + 20D:Reversal: Bull Engulf + Support,2,1,5321,0.5361774102612291,0.02882601718021087,0.004149377593360981,1.548456303189288,-0.9990229231019346,13.976958525345621,-0.0002732997831974299,62.47493490522559,26.525065094774412,False
585,CROSS_10D_20D,OR,10,10D:Secondary: Breakdown + 50D Support + 20D:Reversal: Bull Engulf + Support,2,1,3110,0.5443729903536978,0.01508126153740793,0.0031746031746031633,1.5103992317581678,-0.8990566037735849,3.9537037037037033,0.005280117501438364,62.15113377005538,26.84886622994462,False
586,WINNERS_10D,CONSENSUS,10,Reversal: 50D Support + Bull Engulf + Reversal: 50D Support + Hammer + Reversal: 50D Support + Volume + Reversal: 50D Support + RSI,4,2,1439,0.5573314801945796,0.017929512010561442,0.00499791753436063,1.344068565167516,-0.999015561015561,6.290448343079922,-0.002483967349763856,61.967672946553776,27.032327053446224,False
587,WINNERS_20D,CONSENSUS,20,Reversal: Bottom Reclaim + Support + Reversal: 50D Support + Volume + Reversal: Bull Engulf + Support,3,2,892,0.5717488789237668,0.01598936666040008,0.010503687548174656,1.2630520047680855,-0.9846058534501175,3.0825903331769124,0.004279547175780181,61.02987222895486,27.970127771045142,False
588,WINNERS_10D,CONSENSUS,10,Secondary: Breakdown + 50D Support + Reversal: 50D Support + RSI + Higher Low + Reversal: 50D Support + Hammer + Reversal: 50D Support + Volume,4,2,1060,0.5490566037735849,0.015801308190133364,0.003812567562701652,1.4395641043219887,-0.7057826086956522,5.148387096774193,0.0024498013193898433,61.00025388599928,27.99974611400072,False
589,WINNERS_10D,CONSENSUS,10,Reversal: 50D Support + Bull Engulf + Reversal: 50D Support + Hammer + Reversal: 50D Support + Volume,3,1,8184,0.5750244379276638,0.012171683258287895,0.00341277453705513,1.4046095847145936,-0.999015561015561,6.290448343079922,0.0022694393337025637,60.680909727876696,28.319090272123304,False
590,WINNERS_20D,CONSENSUS,20,Reversal: 50D Support + Bull Engulf + Reversal: Bottom Reclaim + Support + Reversal: 50D Support + Hammer + Reversal: 50D Support + RSI + Higher Low,4,2,706,0.5736543909348442,0.05165622205934776,0.017138155665491928,1.774315749745965,-0.9030172413793103,7.915789473684212,0.009576158017900767,60.46522909535643,28.534770904643572,False
591,WINNERS_10D,CONSENSUS,10,Reversal: 50D Support + Bull Engulf + Reversal: 50D Support + Volume,2,1,6484,0.5815854410857495,0.010950226203416825,0.003915811021388271,1.3588177889154411,-0.999015561015561,5.148387096774193,0.0022842289898530464,60.17812620806342,28.821873791936582,False
592,CROSS_10D_20D,OR,10,10D:Reversal: 50D Support + Bull Engulf + 20D:Reversal: 50D Support + Volume,2,1,6484,0.5815854410857495,0.010950226203416825,0.003915811021388271,1.3588177889154411,-0.999015561015561,5.148387096774193,0.0022842289898530464,60.17812620806342,28.821873791936582,False
593,CROSS_10D_20D,OR,10,10D:Reversal: 50D Support + Volume + 20D:Reversal: 50D Support + Bull Engulf,2,1,6484,0.5815854410857495,0.010950226203416825,0.003915811021388271,1.3588177889154411,-0.999015561015561,5.148387096774193,0.0022842289898530464,60.17812620806342,28.821873791936582,False
594,WINNERS_10D,CONSENSUS,10,Reversal: 50D Support + Bull Engulf + Reversal: 50D Support + Higher Low + Secondary: Breakdown + 50D Support + Reversal: 50D Support + Volume,4,2,2574,0.5773115773115773,0.009396057528799623,0.0028222038146212824,1.4417000403827596,-0.7057826086956522,2.356521739130435,0.0035543856229542357,59.4254298319568,29.574570168043202,False
595,WINNERS_10D,CONSENSUS,10,Secondary: Breakdown + 50D Support + Reversal: 50D Support + Hammer + Reversal: 50D Support + Volume + Reversal: 50D Support + RSI,4,2,1852,0.5437365010799136,0.017742474797044935,0.004888519339738884,1.3430911173064282,-0.999015561015561,6.290448343079922,-0.0030004505652460665,59.41646643694183,29.583533563058168,False
596,WINNERS_10D,CONSENSUS,10,Reversal: 50D Support + Bull Engulf + Reversal: 50D Support + RSI + Higher Low + Reversal: 50D Support + Hammer + Reversal: Bottom Reclaim + Support,4,2,806,0.5483870967741935,0.04025967916831606,0.006446738648761219,1.9073565268603765,-0.696236559139785,9.459081836327346,0.009834187867875292,59.328486745973436,29.671513254026564,False
597,CROSS_10D_20D,OR,10,10D:Reversal: 50D Support + Hammer + 20D:Reversal: Bull Engulf + Support,2,1,3181,0.5526563973593209,0.013998747202078101,0.0019436345966958868,1.5763884629920029,-0.7945071113290829,6.290448343079922,0.0018815175680414033,58.97701088551789,30.022989114482108,False
598,WINNERS_20D,CONSENSUS,20,Reversal: 50D Support + Bull Engulf + Secondary: Breakdown + 50D Support + Reversal: 50D Support + Volume + Reversal: 50D Support + Hammer,4,2,1034,0.5444874274661509,0.015319248183496843,0.004403642083484538,1.3188071253693248,-0.9834088927637314,2.9483870967741934,0.003498037105912427,58.97353090939179,30.02646909060821,False
599,WINNERS_10D,CONSENSUS,10,Reversal: 50D Support + Hammer + Reversal: 50D Support + Volume,2,1,7223,0.5723383635608473,0.011941168099792206,0.0032017075773747017,1.378228288521432,-0.999015561015561,6.290448343079922,0.0015004906999662709,58.82801554329637,30.171984456703633,False
600,CROSS_10D_20D,OR,10,10D:Reversal: 50D Support + Hammer + 20D:Reversal: 50D Support + Volume,2,1,7223,0.5723383635608473,0.011941168099792206,0.0032017075773747017,1.378228288521432,-0.999015561015561,6.290448343079922,0.0015004906999662709,58.82801554329637,30.171984456703633,False
601,CROSS_10D_20D,OR,10,10D:Reversal: 50D Support + Volume + 20D:Reversal: 50D Support + Hammer,2,1,7223,0.5723383635608473,0.011941168099792206,0.0032017075773747017,1.378228288521432,-0.999015561015561,6.290448343079922,0.0015004906999662709,58.82801554329637,30.171984456703633,False
602,CROSS_10D_20D,OR,10,10D:Reversal: 50D Support + Bull Engulf + 20D:Reversal: Bull Engulf + Support,2,1,1633,0.5603184323331292,0.009770261058987427,0.002802241793434801,1.496977464185383,-0.6900149031296572,1.552941176470588,0.00446424450098356,58.55615557174577,30.44384442825423,False
603,WINNERS_10D,CONSENSUS,10,Reversal: 50D Support + Higher Low + Secondary: Breakdown + 50D Support + Reversal: 50D Support + Hammer + Reversal: 50D Support + Volume,4,2,2719,0.5656491357116586,0.010669451326583639,0.002077274615704283,1.4863985634529548,-0.7057826086956522,5.148387096774193,0.0028064073724506965,58.38037816052557,30.619621839474434,False
604,WINNERS_10D,CONSENSUS,10,Reversal: 50D Support + Bull Engulf + Reversal: 50D Support + RSI + Higher Low + Reversal: 50D Support + RSI,3,2,621,0.5813204508856683,0.05372863918338353,0.015887025595763493,2.3993837649731833,-0.7861538461538462,9.459081836327346,0.019716131431157788,58.11883705195525,30.881162948044746,False
605,WINNERS_20D,AND,20,Reversal: 50D Support + Bull Engulf + Reversal: 50D Support + Higher Low,2,2,680,0.6102941176470589,0.020332478777952405,0.005365059964651975,1.9620646370973522,-0.631116504854369,0.9121212121212121,0.015104794741039373,58.03962589990259,30.96037410009741,False
606,WINNERS_20D,CONSENSUS,20,Reversal: 50D Support + Bull Engulf + Reversal: 50D Support + Higher Low + Secondary: Breakdown + 50D Support,3,2,680,0.6102941176470589,0.020332478777952405,0.005365059964651975,1.9620646370973522,-0.631116504854369,0.9121212121212121,0.015104794741039373,58.03962589990259,30.96037410009741,False
607,CROSS_10D_20D,AND,20,10D:Reversal: 50D Support + Bull Engulf + 20D:Reversal: 50D Support + Higher Low,2,2,680,0.6102941176470589,0.020332478777952405,0.005365059964651975,1.9620646370973522,-0.631116504854369,0.9121212121212121,0.015104794741039373,58.03962589990259,30.96037410009741,False
608,CROSS_10D_20D,AND,20,10D:Reversal: 50D Support + Higher Low + 20D:Reversal: 50D Support + Bull Engulf,2,2,680,0.6102941176470589,0.020332478777952405,0.005365059964651975,1.9620646370973522,-0.631116504854369,0.9121212121212121,0.015104794741039373,58.03962589990259,30.96037410009741,False
609,WINNERS_20D,CONSENSUS,20,Reversal: 50D Support + Higher Low + Reversal: 50D Support + Hammer + Reversal: Bull Engulf + Support,3,2,920,0.5891304347826087,0.009124077567172834,0.0031072266698176643,1.6029701920861084,-0.6053897978825795,0.8898305084745763,0.004527949058606784,57.99575594774522,31.004244052254784,False
610,WINNERS_20D,CONSENSUS,20,Reversal: 50D Support + Bull Engulf + Reversal: Bottom Reclaim + Support + Reversal: 50D Support + Hammer + Reversal: Bull Engulf + Support,4,2,834,0.5755395683453237,0.022284081892290298,0.003953219512195183,1.5211696020806107,-0.7883211678832117,7.915789473684212,-2.0110306746142215e-05,57.45273880487808,31.54726119512192,False
611,WINNERS_10D,AND,10,Reversal: 50D Support + Volume,1,1,5511,0.5790237706405371,0.010247060610340246,0.003842459173871271,1.314274464585417,-0.999015561015561,5.148387096774193,0.0011101592308307036,57.370060597046525,31.629939402953475,False
612,WINNERS_10D,CONSENSUS,10,Reversal: 50D Support + Bull Engulf + Secondary: Breakdown + 50D Support + Reversal: 50D Support + Hammer + Reversal: 50D Support + Volume,4,2,1151,0.5456125108601216,0.014004507000667826,0.003070624360286489,1.4188918066167842,-0.7057826086956522,5.148387096774193,0.001163242616718893,56.763522487055205,32.236477512944795,False
613,WINNERS_10D,CONSENSUS,10,Secondary: Breakdown + 50D Support + Reversal: 50D Support + Hammer + Reversal: Bottom Reclaim + Support + Reversal: 50D Support + Volume,4,2,1944,0.5509259259259259,0.014007037616748366,0.00477333086502385,1.3226838597618227,-0.999015561015561,5.148387096774193,0.00037856756444018893,56.73668008919777,32.26331991080223,False
614,WINNERS_20D,CONSENSUS,20,Secondary: Breakdown + 50D Support + Reversal: 50D Support + Volume + Reversal: 50D Support + Hammer + Reversal: 50D Support + RSI + Higher Low,4,2,952,0.5535714285714286,0.014198103744303634,0.005431492653697689,1.266381383178145,-0.9834088927637314,2.9483870967741934,0.0024175596341890885,55.647402711221446,33.352597288778554,False
615,WINNERS_10D,CONSENSUS,10,Reversal: 50D Support + Bull Engulf + Secondary: Breakdown + 50D Support + Reversal: Bottom Reclaim + Support + Reversal: 50D Support + Volume,4,2,1732,0.5490762124711316,0.012222702497699828,0.006326818270662282,1.2845947101969613,-0.999015561015561,2.356521739130435,0.0009271797124896021,55.58581490020169,33.41418509979831,False
616,WINNERS_10D,AND,10,Reversal: 50D Support + RSI + Higher Low,1,1,596,0.5822147651006712,0.0555625249475863,0.014692597996069257,2.433745792328856,-0.7861538461538462,9.459081836327346,0.021166662111616847,55.460924637576284,33.539075362423716,False
617,WINNERS_10D,AND,10,Reversal: 50D Support + Higher Low + Reversal: 50D Support + RSI + Higher Low,2,2,596,0.5822147651006712,0.0555625249475863,0.014692597996069257,2.433745792328856,-0.7861538461538462,9.459081836327346,0.021166662111616847,55.460924637576284,33.539075362423716,False
618,WINNERS_10D,AND,10,Reversal: 50D Support + Higher Low + Reversal: 50D Support + RSI,2,2,596,0.5822147651006712,0.0555625249475863,0.014692597996069257,2.433745792328856,-0.7861538461538462,9.459081836327346,0.021166662111616847,55.460924637576284,33.539075362423716,False
619,WINNERS_10D,AND,10,Reversal: 50D Support + RSI + Higher Low + Reversal: 50D Support + RSI,2,2,596,0.5822147651006712,0.0555625249475863,0.014692597996069257,2.433745792328856,-0.7861538461538462,9.459081836327346,0.021166662111616847,55.460924637576284,33.539075362423716,False
620,WINNERS_10D,CONSENSUS,10,Reversal: 50D Support + Higher Low + Secondary: Breakdown + 50D Support + Reversal: 50D Support + RSI + Higher Low,3,2,596,0.5822147651006712,0.0555625249475863,0.014692597996069257,2.433745792328856,-0.7861538461538462,9.459081836327346,0.021166662111616847,55.460924637576284,33.539075362423716,False
621,WINNERS_10D,AND,10,Reversal: 50D Support + Higher Low + Reversal: 50D Support + RSI + Higher Low + Reversal: 50D Support + RSI,3,3,596,0.5822147651006712,0.0555625249475863,0.014692597996069257,2.433745792328856,-0.7861538461538462,9.459081836327346,0.021166662111616847,55.460924637576284,33.539075362423716,False
622,WINNERS_10D,CONSENSUS,10,Reversal: 50D Support + Higher Low + Reversal: 50D Support + RSI + Higher Low + Reversal: 50D Support + RSI,3,2,596,0.5822147651006712,0.0555625249475863,0.014692597996069257,2.433745792328856,-0.7861538461538462,9.459081836327346,0.021166662111616847,55.460924637576284,33.539075362423716,False
623,WINNERS_10D,CONSENSUS,10,Reversal: 50D Support + Bull Engulf + Reversal: 50D Support + Higher Low + Reversal: 50D Support + RSI + Higher Low + Reversal: 50D Support + RSI,4,3,596,0.5822147651006712,0.0555625249475863,0.014692597996069257,2.433745792328856,-0.7861538461538462,9.459081836327346,0.021166662111616847,55.460924637576284,33.539075362423716,False
624,WINNERS_10D,CONSENSUS,10,Reversal: 50D Support + Higher Low + Secondary: Breakdown + 50D Support + Reversal: 50D Support + RSI + Higher Low + Reversal: 50D Support + RSI,4,3,596,0.5822147651006712,0.0555625249475863,0.014692597996069257,2.433745792328856,-0.7861538461538462,9.459081836327346,0.021166662111616847,55.460924637576284,33.539075362423716,False
625,WINNERS_10D,CONSENSUS,10,Reversal: 50D Support + Higher Low + Reversal: 50D Support + RSI + Higher Low + Reversal: 50D Support + Hammer + Reversal: 50D Support + RSI,4,3,596,0.5822147651006712,0.0555625249475863,0.014692597996069257,2.433745792328856,-0.7861538461538462,9.459081836327346,0.021166662111616847,55.460924637576284,33.539075362423716,False
626,WINNERS_10D,CONSENSUS,10,Reversal: 50D Support + Higher Low + Reversal: 50D Support + RSI + Higher Low + Reversal: Bottom Reclaim + Support + Reversal: 50D Support + RSI,4,3,596,0.5822147651006712,0.0555625249475863,0.014692597996069257,2.433745792328856,-0.7861538461538462,9.459081836327346,0.021166662111616847,55.460924637576284,33.539075362423716,False
627,WINNERS_10D,CONSENSUS,10,Reversal: 50D Support + Higher Low + Reversal: 50D Support + RSI + Higher Low + Reversal: 50D Support + Volume + Reversal: 50D Support + RSI,4,3,596,0.5822147651006712,0.0555625249475863,0.014692597996069257,2.433745792328856,-0.7861538461538462,9.459081836327346,0.021166662111616847,55.460924637576284,33.539075362423716,False
628,CROSS_10D_20D,AND,10,10D:Reversal: 50D Support + Higher Low + 20D:Reversal: 50D Support + RSI + Higher Low,2,2,596,0.5822147651006712,0.0555625249475863,0.014692597996069257,2.433745792328856,-0.7861538461538462,9.459081836327346,0.021166662111616847,55.460924637576284,33.539075362423716,False
629,CROSS_10D_20D,AND,10,10D:Reversal: 50D Support + RSI + Higher Low + 20D:Reversal: 50D Support + Higher Low,2,2,596,0.5822147651006712,0.0555625249475863,0.014692597996069257,2.433745792328856,-0.7861538461538462,9.459081836327346,0.021166662111616847,55.460924637576284,33.539075362423716,False
630,CROSS_10D_20D,AND,10,10D:Reversal: 50D Support + RSI + 20D:Reversal: 50D Support + Higher Low,2,2,596,0.5822147651006712,0.0555625249475863,0.014692597996069257,2.433745792328856,-0.7861538461538462,9.459081836327346,0.021166662111616847,55.460924637576284,33.539075362423716,False
631,CROSS_10D_20D,AND,10,10D:Reversal: 50D Support + RSI + 20D:Reversal: 50D Support + RSI + Higher Low,2,2,596,0.5822147651006712,0.0555625249475863,0.014692597996069257,2.433745792328856,-0.7861538461538462,9.459081836327346,0.021166662111616847,55.460924637576284,33.539075362423716,False
632,CROSS_10D_20D,OR,10,10D:Reversal: 50D Support + Volume + 20D:Reversal: Bull Engulf + Support,2,1,6506,0.5739317553027974,0.00957836580586705,0.0033488356751765203,1.3177739622272717,-0.999015561015561,5.148387096774193,0.0009350415303773314,55.40946563095319,33.59053436904681,False
633,WINNERS_10D,CONSENSUS,10,Secondary: Breakdown + 50D Support + Reversal: 50D Support + Volume + Reversal: 50D Support + RSI,3,2,1346,0.5364041604754829,0.014524478944694712,0.006978822882288238,1.2619413124408438,-0.999015561015561,5.148387096774193,-0.004330379813819234,55.19164472633877,33.80835527366123,False
634,WINNERS_10D,AND,10,Reversal: Bottom Reclaim + Support + Reversal: 50D Support + Volume,2,2,831,0.5679903730445247,0.014658809932652669,0.011496722896744416,1.2945890933645212,-0.999015561015561,1.8734030197444835,0.002464203442454748,55.15434400470553,33.84565599529447,False
635,CROSS_10D_20D,AND,10,10D:Reversal: Bottom Reclaim + Support + 20D:Reversal: 50D Support + Volume,2,2,831,0.5679903730445247,0.014658809932652669,0.011496722896744416,1.2945890933645212,-0.999015561015561,1.8734030197444835,0.002464203442454748,55.15434400470553,33.84565599529447,False
636,CROSS_10D_20D,AND,10,10D:Reversal: 50D Support + Volume + 20D:Reversal: Bottom Reclaim + Support,2,2,831,0.5679903730445247,0.014658809932652669,0.011496722896744416,1.2945890933645212,-0.999015561015561,1.8734030197444835,0.002464203442454748,55.15434400470553,33.84565599529447,False
637,WINNERS_20D,AND,20,Reversal: Bull Engulf + Support,1,1,994,0.5563380281690141,0.009613488649878599,0.002649500413259287,1.3730959912613718,-0.6259314456035767,1.670588235294118,0.0030919289972301785,54.20033359872929,34.79966640127071,False
638,WINNERS_10D,CONSENSUS,10,Reversal: 50D Support + Bull Engulf + Secondary: Breakdown + 50D Support + Reversal: 50D Support + Volume + Reversal: 50D Support + RSI,4,2,1537,0.538711776187378,0.01343239214613566,0.0063657407407407,1.2603387732267695,-0.999015561015561,5.148387096774193,-0.00415909616385248,53.997639953367006,35.002360046632994,False
639,WINNERS_10D,CONSENSUS,10,Secondary: Breakdown + 50D Support + Reversal: 50D Support + Hammer + Reversal: 50D Support + Volume,3,2,977,0.5424769703172978,0.014017626935665287,0.0032017075773747017,1.3902315595422006,-0.7057826086956522,5.148387096774193,0.0001677241623901972,53.86010985133654,35.13989014866346,False
640,WINNERS_10D,CONSENSUS,10,Secondary: Breakdown + 50D Support + Reversal: Bottom Reclaim + Support + Reversal: 50D Support + Volume,3,2,1416,0.547316384180791,0.011451774431679515,0.006978822882288238,1.2456294880585759,-0.999015561015561,2.356521739130435,-0.0002935018333967935,53.66578042450379,35.33421957549621,False
641,WINNERS_10D,AND,10,Reversal: 50D Support + Bull Engulf + Reversal: 50D Support + Higher Low,2,2,759,0.6060606060606061,0.012016427562907944,0.0036720190565124877,1.8542811460566673,-0.5219902912621359,0.793939393939394,0.007825936722120723,53.61567984723409,35.38432015276591,False
642,WINNERS_10D,CONSENSUS,10,Reversal: 50D Support + Bull Engulf + Reversal: 50D Support + Higher Low + Secondary: Breakdown + 50D Support,3,2,759,0.6060606060606061,0.012016427562907944,0.0036720190565124877,1.8542811460566673,-0.5219902912621359,0.793939393939394,0.007825936722120723,53.61567984723409,35.38432015276591,False
643,CROSS_10D_20D,AND,10,10D:Reversal: 50D Support + Bull Engulf + 20D:Reversal: 50D Support + Higher Low,2,2,759,0.6060606060606061,0.012016427562907944,0.0036720190565124877,1.8542811460566673,-0.5219902912621359,0.793939393939394,0.007825936722120723,53.61567984723409,35.38432015276591,False
644,CROSS_10D_20D,AND,10,10D:Reversal: 50D Support + Higher Low + 20D:Reversal: 50D Support + Bull Engulf,2,2,759,0.6060606060606061,0.012016427562907944,0.0036720190565124877,1.8542811460566673,-0.5219902912621359,0.793939393939394,0.007825936722120723,53.61567984723409,35.38432015276591,False
645,WINNERS_10D,CONSENSUS,10,Reversal: 50D Support + Higher Low + Secondary: Breakdown + 50D Support + Reversal: 50D Support + Volume,3,2,1837,0.5661404463799673,0.008450023307180513,0.0022629730784238244,1.3538797108102676,-0.7057826086956522,2.356521739130435,0.0020499873943692916,53.60614657194102,35.39385342805898,False
646,WINNERS_20D,AND,20,Reversal: 50D Support + RSI + Higher Low,1,1,536,0.6492537313432836,0.05537782364640779,0.03262732953602843,2.001975059672249,-0.9030172413793103,6.198935462408517,0.02670142510215032,53.6,35.4,False
647,WINNERS_20D,AND,20,Reversal: 50D Support + Higher Low + Reversal: 50D Support + RSI + Higher Low,2,2,536,0.6492537313432836,0.05537782364640779,0.03262732953602843,2.001975059672249,-0.9030172413793103,6.198935462408517,0.02670142510215032,53.6,35.4,False
648,WINNERS_20D,CONSENSUS,20,Reversal: 50D Support + Higher Low + Secondary: Breakdown + 50D Support + Reversal: 50D Support + RSI + Higher Low,3,2,536,0.6492537313432836,0.05537782364640779,0.03262732953602843,2.001975059672249,-0.9030172413793103,6.198935462408517,0.02670142510215032,53.6,35.4,False
649,CROSS_10D_20D,AND,20,10D:Reversal: 50D Support + Higher Low + 20D:Reversal: 50D Support + RSI + Higher Low,2,2,536,0.6492537313432836,0.05537782364640779,0.03262732953602843,2.001975059672249,-0.9030172413793103,6.198935462408517,0.02670142510215032,53.6,35.4,False
650,CROSS_10D_20D,AND,20,10D:Reversal: 50D Support + RSI + Higher Low + 20D:Reversal: 50D Support + Higher Low,2,2,536,0.6492537313432836,0.05537782364640779,0.03262732953602843,2.001975059672249,-0.9030172413793103,6.198935462408517,0.02670142510215032,53.6,35.4,False
651,CROSS_10D_20D,AND,20,10D:Reversal: 50D Support + RSI + 20D:Reversal: 50D Support + Higher Low,2,2,536,0.6492537313432836,0.05537782364640779,0.03262732953602843,2.001975059672249,-0.9030172413793103,6.198935462408517,0.02670142510215032,53.6,35.4,False
652,CROSS_10D_20D,AND,20,10D:Reversal: 50D Support + RSI + 20D:Reversal: 50D Support + RSI + Higher Low,2,2,536,0.6492537313432836,0.05537782364640779,0.03262732953602843,2.001975059672249,-0.9030172413793103,6.198935462408517,0.02670142510215032,53.6,35.4,False
653,WINNERS_20D,CONSENSUS,20,Reversal: 50D Support + Bull Engulf + Reversal: 50D Support + Volume + Reversal: Bull Engulf + Support + Reversal: 50D Support + RSI + Higher Low,4,2,655,0.6213740458015267,0.018263342055844067,0.005681818181818121,1.6703621459689324,-0.9030172413793103,1.670588235294118,0.011803352366883393,53.302079078627486,35.697920921372514,False
654,WINNERS_10D,CONSENSUS,10,Reversal: 50D Support + RSI + Higher Low + Reversal: Bottom Reclaim + Support + Reversal: 50D Support + Volume + Reversal: 50D Support + RSI,4,3,606,0.5759075907590759,0.052949371566159774,0.015228426395939021,1.9367594806455464,-0.999015561015561,9.459081836327346,0.013049091143263828,52.838798388234366,36.161201611765634,False
655,WINNERS_20D,CONSENSUS,20,Reversal: 50D Support + Bull Engulf + Secondary: Breakdown + 50D Support + Reversal: 50D Support + Volume + Reversal: Bull Engulf + Support,4,2,1115,0.5614349775784754,0.00895370193388721,0.004317111459968492,1.214988502619607,-0.9834088927637314,1.670588235294118,0.0006971195040125238,51.53667979694566,37.46332020305434,False
656,WINNERS_20D,AND,20,Reversal: Bottom Reclaim + Support + Reversal: 50D Support + Volume,2,2,740,0.5662162162162162,0.016055461769075983,0.013864618010351104,1.2396809055563367,-0.9846058534501175,3.0825903331769124,0.004191315943687797,51.52481622213597,37.47518377786403,False
657,CROSS_10D_20D,AND,20,10D:Reversal: Bottom Reclaim + Support + 20D:Reversal: 50D Support + Volume,2,2,740,0.5662162162162162,0.016055461769075983,0.013864618010351104,1.2396809055563367,-0.9846058534501175,3.0825903331769124,0.004191315943687797,51.52481622213597,37.47518377786403,False
658,CROSS_10D_20D,AND,20,10D:Reversal: 50D Support + Volume + 20D:Reversal: Bottom Reclaim + Support,2,2,740,0.5662162162162162,0.016055461769075983,0.013864618010351104,1.2396809055563367,-0.9846058534501175,3.0825903331769124,0.004191315943687797,51.52481622213597,37.47518377786403,False
659,WINNERS_10D,CONSENSUS,10,Reversal: 50D Support + Bull Engulf + Reversal: 50D Support + Volume + Reversal: 50D Support + RSI,3,2,920,0.5532608695652174,0.012649469595654576,0.007628737984616385,1.2187647740203806,-0.999015561015561,5.148387096774193,-0.005819086693977691,51.42240110570002,37.57759889429998,False
660,WINNERS_20D,CONSENSUS,20,Reversal: 50D Support + Bull Engulf + Reversal: Bottom Reclaim + Support + Secondary: Breakdown + 50D Support + Reversal: 50D Support + Volume,4,2,1546,0.5472186287192755,0.010488838449834687,0.006695885679255387,1.17233648274249,-0.9846058534501175,3.0825903331769124,-0.0002095996097765258,51.25279887486365,37.74720112513635,False
661,WINNERS_20D,CONSENSUS,20,Reversal: Bottom Reclaim + Support + Secondary: Breakdown + 50D Support + Reversal: 50D Support + Volume + Reversal: Bull Engulf + Support,4,2,1421,0.5475017593244195,0.010292972265922148,0.006369426751592355,1.1675504833379078,-0.9846058534501175,3.0825903331769124,-0.0008627569898424626,50.779510272651464,38.220489727348536,False
662,WINNERS_20D,CONSENSUS,20,Reversal: 50D Support + Bull Engulf + Reversal: 50D Support + Volume + Reversal: 50D Support + Hammer + Reversal: 50D Support + RSI + Higher Low,4,2,582,0.6013745704467354,0.027033886516011015,0.006442038765433811,1.6922578983205894,-0.9030172413793103,2.9483870967741934,0.016166289161628333,50.60853514016262,38.39146485983738,False
663,WINNERS_10D,CONSENSUS,10,Reversal: 50D Support + Bull Engulf + Reversal: 50D Support + RSI + Higher Low + Reversal: 50D Support + Hammer + Reversal: 50D Support + Volume,4,2,658,0.5851063829787234,0.02201030063755078,0.0038443065100125517,1.800710343066763,-0.6267018006148442,5.148387096774193,0.008665504695572963,50.60025849662311,38.39974150337689,False
664,WINNERS_20D,CONSENSUS,20,Reversal: Bottom Reclaim + Support + Reversal: 50D Support + Hammer + Reversal: Bull Engulf + Support + Reversal: 50D Support + RSI + Higher Low,4,2,598,0.5735785953177257,0.0554510052587851,0.014405783065854938,1.8213328588610496,-0.9030172413793103,7.915789473684212,0.010248540948302843,50.28413098701641,38.71586901298359,False
665,WINNERS_20D,CONSENSUS,20,Reversal: Bottom Reclaim + Support + Secondary: Breakdown + 50D Support + Reversal: 50D Support + Volume,3,2,1269,0.541371158392435,0.009649204285196793,0.007898420315936905,1.1481603978005048,-0.9846058534501175,3.0825903331769124,-0.00096613623408418,49.93755255089705,39.06244744910295,False
666,WINNERS_20D,CONSENSUS,20,Secondary: Breakdown + 50D Support + Reversal: 50D Support + Volume + Reversal: 50D Support + Hammer + Reversal: Bull Engulf + Support,4,2,967,0.5408479834539814,0.011603146307982407,0.003841488071168575,1.232912619755285,-0.9834088927637314,2.9483870967741934,-1.7321033108295594e-05,48.51839009182335,40.48160990817665,False
667,WINNERS_20D,CONSENSUS,20,Reversal: 50D Support + Bull Engulf + Reversal: Bottom Reclaim + Support + Reversal: 50D Support + RSI + Higher Low,3,2,476,0.6092436974789915,0.055066425761038804,0.02688305156009696,1.9058947789502452,-0.9030172413793103,6.198935462408517,0.02238103713939796,47.599999999999994,41.400000000000006,False
668,WINNERS_20D,CONSENSUS,20,Reversal: 50D Support + Bull Engulf + Reversal: Bottom Reclaim + Support + Secondary: Breakdown + 50D Support + Reversal: 50D Support + RSI + Higher Low,4,2,476,0.6092436974789915,0.055066425761038804,0.02688305156009696,1.9058947789502452,-0.9030172413793103,6.198935462408517,0.02238103713939796,47.599999999999994,41.400000000000006,False
669,WINNERS_20D,CONSENSUS,20,Reversal: Bottom Reclaim + Support + Secondary: Breakdown + 50D Support + Reversal: 50D Support + Hammer + Reversal: 50D Support + RSI + Higher Low,4,2,548,0.5638686131386861,0.062420396472537686,0.017138155665491928,1.8666188281816745,-0.9030172413793103,7.915789473684212,0.012128795744746422,47.088717029607956,41.911282970392044,False
670,WINNERS_20D,CONSENSUS,20,Reversal: 50D Support + Higher Low + Reversal: Bottom Reclaim + Support + Reversal: 50D Support + Volume + Reversal: 50D Support + RSI + Higher Low,4,3,469,0.6289978678038379,0.060485824011818255,0.026196473551637345,2.180070169241117,-0.9030172413793103,6.198935462408517,0.029370307042069756,46.9,42.1,False
671,WINNERS_10D,CONSENSUS,10,Secondary: Breakdown + 50D Support + Reversal: 50D Support + RSI + Higher Low + Reversal: 50D Support + Hammer + Reversal: Bottom Reclaim + Support,4,2,627,0.5486443381180224,0.047172000875383924,0.005847953216374213,1.9722521390044097,-0.696236559139785,9.459081836327346,0.010244603658538805,46.09085820376119,42.90914179623881,False
672,WINNERS_20D,CONSENSUS,20,Reversal: 50D Support + Higher Low + Secondary: Breakdown + 50D Support + Reversal: 50D Support + Hammer,3,2,629,0.5818759936406995,0.017444155037611705,0.003167062549485289,2.026487875604234,-0.4607843137254901,2.326530612244898,0.008094033759427707,45.83479570238747,43.16520429761253,False
673,WINNERS_20D,CONSENSUS,20,Reversal: 50D Support + Bull Engulf + Reversal: 50D Support + Volume + Reversal: Bull Engulf + Support,3,2,586,0.6109215017064846,0.016415664040078052,0.004677040361977802,1.7199633330756376,-0.6259314456035767,1.670588235294118,0.010155808296399036,45.43861611284235,43.56138388715765,False
674,WINNERS_10D,CONSENSUS,10,Reversal: 50D Support + Higher Low + Reversal: 50D Support + RSI + Higher Low + Reversal: Bottom Reclaim + Support + Reversal: 50D Support + Volume,4,3,523,0.5869980879541109,0.05338298888432778,0.010388679921189192,2.430927641340504,-0.696236559139785,9.459081836327346,0.0143607157032234,45.184617100342514,43.815382899657486,False
675,WINNERS_10D,CONSENSUS,10,Reversal: 50D Support + Higher Low + Secondary: Breakdown + 50D Support + Reversal: 50D Support + Hammer,3,2,701,0.5691868758915835,0.013476987049108697,0.0015741833923652582,2.1824414982154865,-0.26572815533980587,1.6224489795918364,0.006191547656657547,44.98020102044894,44.01979897955106,False
676,WINNERS_20D,CONSENSUS,20,Secondary: Breakdown + 50D Support + Reversal: 50D Support + Volume + Reversal: 50D Support + Hammer,3,2,880,0.5409090909090909,0.011824879641791653,0.004494648499361209,1.2254764085763825,-0.9834088927637314,2.9483870967741934,-0.0002112790801992397,44.67934942014199,44.32065057985801,False
677,WINNERS_10D,CONSENSUS,10,Reversal: 50D Support + Bull Engulf + Reversal: 50D Support + RSI + Higher Low + Reversal: Bottom Reclaim + Support,3,2,534,0.5636704119850188,0.0562142256234074,0.009133472367048978,2.3714913629942704,-0.696236559139785,9.459081836327346,0.016153000379064593,44.273899001485155,44.726100998514845,False
678,WINNERS_10D,CONSENSUS,10,Reversal: 50D Support + Bull Engulf + Secondary: Breakdown + 50D Support + Reversal: 50D Support + RSI + Higher Low + Reversal: Bottom Reclaim + Support,4,2,534,0.5636704119850188,0.0562142256234074,0.009133472367048978,2.3714913629942704,-0.696236559139785,9.459081836327346,0.016153000379064593,44.273899001485155,44.726100998514845,False
679,WINNERS_20D,CONSENSUS,20,Reversal: 50D Support + Bull Engulf + Secondary: Breakdown + 50D Support + Reversal: 50D Support + Hammer + Reversal: Bull Engulf + Support,4,2,576,0.6024305555555556,0.01840640732809159,0.003953219512195183,1.7348380617361032,-0.6259314456035767,2.326530612244898,0.00698526075733482,44.127514097417716,44.872485902582284,False
680,WINNERS_20D,CONSENSUS,20,Reversal: Bottom Reclaim + Support + Reversal: 50D Support + Hammer + Reversal: 50D Support + RSI + Higher Low,3,2,497,0.5674044265593562,0.06162422558126768,0.019230769230769162,1.8297392004432602,-0.9030172413793103,7.915789473684212,0.010818112674607683,43.29072073022923,45.70927926977077,False
681,WINNERS_10D,AND,10,Reversal: 50D Support + Volume + Reversal: 50D Support + RSI,2,2,729,0.5528120713305898,0.01446073245397912,0.009952210274790874,1.2172304337199096,-0.999015561015561,5.148387096774193,-0.006244322714441518,43.26426136305625,45.73573863694375,False
682,CROSS_10D_20D,AND,10,10D:Reversal: 50D Support + RSI + 20D:Reversal: 50D Support + Volume,2,2,729,0.5528120713305898,0.01446073245397912,0.009952210274790874,1.2172304337199096,-0.999015561015561,5.148387096774193,-0.006244322714441518,43.26426136305625,45.73573863694375,False
683,WINNERS_20D,CONSENSUS,20,Reversal: 50D Support + Bull Engulf + Reversal: Bottom Reclaim + Support + Reversal: Bull Engulf + Support,3,2,615,0.6048780487804878,0.012873349226346139,0.004654648572007369,1.4431862709442003,-0.6259314456035767,1.670588235294118,0.005808221232958699,42.91076774892153,46.08923225107847,False
684,WINNERS_20D,CONSENSUS,20,Reversal: 50D Support + Bull Engulf + Reversal: Bottom Reclaim + Support + Secondary: Breakdown + 50D Support + Reversal: Bull Engulf + Support,4,2,615,0.6048780487804878,0.012873349226346139,0.004654648572007369,1.4431862709442003,-0.6259314456035767,1.670588235294118,0.005808221232958699,42.91076774892153,46.08923225107847,False
685,WINNERS_20D,CONSENSUS,20,Reversal: 50D Support + Volume + Reversal: 50D Support + Hammer + Reversal: Bull Engulf + Support + Reversal: 50D Support + RSI + Higher Low,4,2,509,0.6011787819253438,0.02236253445563664,0.0060606060606061,1.5542999746746522,-0.9030172413793103,2.9483870967741934,0.010785080528627766,42.06084085544003,46.93915914455997,False
686,WINNERS_10D,CONSENSUS,10,Reversal: 50D Support + Bull Engulf + Reversal: 50D Support + Hammer + Reversal: 50D Support + Volume,3,2,563,0.5808170515097691,0.02106512932584686,0.003390506581571584,1.825101500071052,-0.6267018006148442,5.148387096774193,0.006578906490479762,41.81958466967368,47.18041533032632,False
687,WINNERS_10D,CONSENSUS,10,Reversal: 50D Support + RSI + Higher Low + Reversal: 50D Support + Hammer + Reversal: Bottom Reclaim + Support,3,2,572,0.548951048951049,0.04565533747317778,0.006446738648761219,1.9113167191639455,-0.696236559139785,9.459081836327346,0.007975937102886068,41.360661230790015,47.639338769209985,False
688,WINNERS_20D,CONSENSUS,20,Reversal: 50D Support + Bull Engulf + Reversal: 50D Support + Volume + Reversal: 50D Support + Hammer,3,2,500,0.588,0.026992780253319245,0.00522006449846657,1.7824869204999727,-0.5740008783487045,2.9483870967741934,0.014324478829496471,41.329203747986135,47.670796252013865,False
689,WINNERS_20D,CONSENSUS,20,Reversal: 50D Support + Bull Engulf + Reversal: 50D Support + Hammer + Reversal: Bull Engulf + Support + Reversal: 50D Support + RSI + Higher Low,4,2,548,0.6131386861313869,0.014556073503640146,0.004500610161220608,1.5967048861239934,-0.6259314456035767,1.670588235294118,0.007370390002228897,40.25570934717255,48.74429065282745,False
690,WINNERS_20D,AND,20,Reversal: 50D Support + Higher Low + Reversal: 50D Support + Hammer,2,2,578,0.5865051903114187,0.012791066376465633,0.0031601966275215387,1.9093715365639996,-0.32162458836443464,0.8898305084745763,0.00799771673049859,39.830191806298856,49.169808193701144,False
691,CROSS_10D_20D,AND,20,10D:Reversal: 50D Support + Higher Low + 20D:Reversal: 50D Support + Hammer,2,2,578,0.5865051903114187,0.012791066376465633,0.0031601966275215387,1.9093715365639996,-0.32162458836443464,0.8898305084745763,0.00799771673049859,39.830191806298856,49.169808193701144,False
692,CROSS_10D_20D,AND,20,10D:Reversal: 50D Support + Hammer + 20D:Reversal: 50D Support + Higher Low,2,2,578,0.5865051903114187,0.012791066376465633,0.0031601966275215387,1.9093715365639996,-0.32162458836443464,0.8898305084745763,0.00799771673049859,39.830191806298856,49.169808193701144,False
693,WINNERS_10D,CONSENSUS,10,Reversal: 50D Support + Bull Engulf + Secondary: Breakdown + 50D Support + Reversal: 50D Support + Hammer + Reversal: 50D Support + RSI,4,2,488,0.5368852459016393,0.05836979154483795,0.007664562966375743,2.252112693406607,-0.7945071113290829,6.290448343079922,0.02253890170420658,39.151896712360184,49.848103287639816,False
694,WINNERS_10D,AND,10,Reversal: 50D Support + Higher Low + Reversal: 50D Support + Hammer,2,2,646,0.5712074303405573,0.009265288556063723,0.0015668806981553596,1.961517307043207,-0.25903614457831325,0.4485714285714286,0.0060374707604306296,38.86968468890209,50.13031531109791,False
695,CROSS_10D_20D,AND,10,10D:Reversal: 50D Support + Higher Low + 20D:Reversal: 50D Support + Hammer,2,2,646,0.5712074303405573,0.009265288556063723,0.0015668806981553596,1.961517307043207,-0.25903614457831325,0.4485714285714286,0.0060374707604306296,38.86968468890209,50.13031531109791,False
696,CROSS_10D_20D,AND,10,10D:Reversal: 50D Support + Hammer + 20D:Reversal: 50D Support + Higher Low,2,2,646,0.5712074303405573,0.009265288556063723,0.0015668806981553596,1.961517307043207,-0.25903614457831325,0.4485714285714286,0.0060374707604306296,38.86968468890209,50.13031531109791,False
697,WINNERS_10D,CONSENSUS,10,Reversal: 50D Support + Bull Engulf + Secondary: Breakdown + 50D Support + Reversal: 50D Support + RSI + Higher Low + Reversal: 50D Support + Volume,4,2,838,0.5334128878281623,0.008322163252221241,0.0037852617545870437,1.219875615983001,-0.7057826086956522,2.356521739130435,-0.0005208270053670072,38.04060592134861,50.95939407865139,False
698,WINNERS_10D,CONSENSUS,10,Reversal: 50D Support + RSI + Higher Low + Reversal: 50D Support + Hammer + Reversal: 50D Support + Volume,3,2,472,0.5953389830508474,0.02646158248776373,0.003934795263692337,1.8922880705396412,-0.6267018006148442,5.148387096774193,0.010553449870844602,37.802172110959404,51.197827889040596,False
699,WINNERS_20D,CONSENSUS,20,Reversal: 50D Support + Bull Engulf + Reversal: Bull Engulf + Support + Reversal: 50D Support + RSI + Higher Low,3,2,532,0.6127819548872181,0.012213091715046092,0.004306527090366052,1.5260657536457536,-0.6259314456035767,1.670588235294118,0.0061711713898972165,37.27796648602957,51.72203351397043,False
700,WINNERS_20D,CONSENSUS,20,Reversal: 50D Support + Bull Engulf + Secondary: Breakdown + 50D Support + Reversal: Bull Engulf + Support + Reversal: 50D Support + RSI + Higher Low,4,2,532,0.6127819548872181,0.012213091715046092,0.004306527090366052,1.5260657536457536,-0.6259314456035767,1.670588235294118,0.0061711713898972165,37.27796648602957,51.72203351397043,False
701,WINNERS_20D,CONSENSUS,20,Reversal: 50D Support + Bull Engulf + Reversal: 50D Support + Hammer + Reversal: Bull Engulf + Support,3,2,525,0.6095238095238096,0.013377054224609776,0.0039024390243902474,1.5917253216971075,-0.6259314456035767,1.670588235294118,0.005956179631838286,37.15478456381012,51.84521543618988,False
702,WINNERS_20D,CONSENSUS,20,Reversal: Bottom Reclaim + Support + Reversal: Bull Engulf + Support + Reversal: 50D Support + RSI + Higher Low,3,2,371,0.6199460916442049,0.06541199441871981,0.026830076184166884,2.103110854239312,-0.9030172413793103,6.198935462408517,0.027963774543968863,37.1,51.9,False
703,WINNERS_20D,CONSENSUS,20,Reversal: Bottom Reclaim + Support + Secondary: Breakdown + 50D Support + Reversal: Bull Engulf + Support + Reversal: 50D Support + RSI + Higher Low,4,2,371,0.6199460916442049,0.06541199441871981,0.026830076184166884,2.103110854239312,-0.9030172413793103,6.198935462408517,0.027963774543968863,37.1,51.9,False
704,WINNERS_10D,CONSENSUS,10,Reversal: 50D Support + Bull Engulf + Secondary: Breakdown + 50D Support + Reversal: 50D Support + Hammer + Reversal: Bottom Reclaim + Support,4,2,541,0.5304990757855823,0.021105167307730495,0.004528450482378599,1.5080757152042417,-0.6267018006148442,1.6224489795918364,0.008951720414151737,37.07291267460052,51.92708732539948,False
705,CROSS_10D_20D,AND,10,10D:Reversal: 50D Support + Bull Engulf + 20D:Reversal: Bull Engulf + Support,2,2,596,0.587248322147651,0.008967606093775097,0.002501950380943141,1.7166728130071371,-0.6900149031296572,1.552941176470588,0.004432032529612712,36.977516926241755,52.022483073758245,False
706,WINNERS_20D,CONSENSUS,20,Reversal: 50D Support + Volume + Reversal: 50D Support + Hammer + Reversal: 50D Support + RSI + Higher Low,3,2,418,0.6172248803827751,0.026729383419858727,0.0076505307777140485,1.6104049117243684,-0.9030172413793103,2.9483870967741934,0.013981608113977672,36.04167554254535,52.95832445745465,False
707,WINNERS_20D,CONSENSUS,20,Reversal: 50D Support + Bull Engulf + Secondary: Breakdown + 50D Support + Reversal: 50D Support + Volume + Reversal: 50D Support + RSI + Higher Low,4,2,752,0.538563829787234,0.008761310532789788,0.005516696204981741,1.1589447238734716,-0.9834088927637314,1.0762331838565022,0.000998323745364544,35.88841731186741,53.11158268813259,False
708,WINNERS_20D,AND,20,Reversal: 50D Support + Bull Engulf + Reversal: Bull Engulf + Support,2,2,520,0.6115384615384616,0.011721406758913398,0.003953219512195183,1.5236392434215031,-0.6259314456035767,1.670588235294118,0.00559543387023746,35.8191063337837,53.1808936662163,False
709,WINNERS_20D,CONSENSUS,20,Reversal: 50D Support + Bull Engulf + Secondary: Breakdown + 50D Support + Reversal: Bull Engulf + Support,3,2,520,0.6115384615384616,0.011721406758913398,0.003953219512195183,1.5236392434215031,-0.6259314456035767,1.670588235294118,0.00559543387023746,35.8191063337837,53.1808936662163,False
710,CROSS_10D_20D,AND,20,10D:Reversal: 50D Support + Bull Engulf + 20D:Reversal: Bull Engulf + Support,2,2,520,0.6115384615384616,0.011721406758913398,0.003953219512195183,1.5236392434215031,-0.6259314456035767,1.670588235294118,0.00559543387023746,35.8191063337837,53.1808936662163,False
711,WINNERS_10D,CONSENSUS,10,Reversal: 50D Support + Bull Engulf + Reversal: 50D Support + Higher Low + Reversal: Bottom Reclaim + Support + Reversal: 50D Support + RSI,4,3,395,0.5822784810126582,0.06741360536587983,0.010594467333725932,2.5607546290163405,-0.696236559139785,9.459081836327346,0.018945022904190967,35.234407316316215,53.765592683683785,False
712,WINNERS_10D,CONSENSUS,10,Reversal: 50D Support + Bull Engulf + Reversal: 50D Support + Higher Low + Reversal: 50D Support + RSI + Higher Low + Reversal: Bottom Reclaim + Support,4,3,382,0.5863874345549738,0.06984610341257745,0.010715952878685653,2.6192172710559594,-0.696236559139785,9.459081836327346,0.019734264808772876,34.59732070079019,54.40267929920981,False
713,WINNERS_20D,CONSENSUS,20,Reversal: 50D Support + Bull Engulf + Reversal: 50D Support + Higher Low + Reversal: Bottom Reclaim + Support + Reversal: 50D Support + RSI + Higher Low,4,3,343,0.6268221574344023,0.06779562703476544,0.03254437869822491,2.093391887565242,-0.9030172413793103,6.198935462408517,0.027284468164000094,34.300000000000004,54.699999999999996,False
714,WINNERS_20D,CONSENSUS,20,Reversal: 50D Support + Bull Engulf + Reversal: 50D Support + Higher Low + Reversal: Bottom Reclaim + Support + Reversal: 50D Support + Volume,4,3,354,0.6271186440677966,0.026296906907994633,0.013539039996302682,1.7453237005130862,-0.9030172413793103,0.6964285714285712,0.02112756917522873,33.68461511901836,55.31538488098164,False
715,WINNERS_20D,CONSENSUS,20,Reversal: 50D Support + Volume + Reversal: 50D Support + Hammer + Reversal: Bull Engulf + Support,3,2,433,0.5866050808314087,0.020500069248828807,0.004784688995215447,1.5640852633385711,-0.5740008783487045,2.9483870967741934,0.00813993816883144,33.540606004857544,55.459393995142456,False
716,WINNERS_10D,CONSENSUS,10,Secondary: Breakdown + 50D Support + Reversal: 50D Support + Hammer + Reversal: 50D Support + RSI,3,2,425,0.5270588235294118,0.06252641146927826,0.00591715976331364,2.255113663228401,-0.7945071113290829,6.290448343079922,0.021373147328737106,32.84442800788956,56.15557199211044,False
717,WINNERS_10D,CONSENSUS,10,Reversal: 50D Support + Higher Low + Reversal: 50D Support + Hammer + Reversal: Bottom Reclaim + Support + Reversal: 50D Support + RSI,4,3,417,0.5683453237410072,0.057712197839954134,0.00828729281767937,2.1304434054890753,-0.696236559139785,9.459081836327346,0.010131655830947224,32.75052618985796,56.24947381014204,False
718,WINNERS_10D,CONSENSUS,10,Reversal: 50D Support + Hammer + Reversal: Bottom Reclaim + Support + Reversal: 50D Support + Volume + Reversal: 50D Support + RSI,4,3,430,0.5604651162790698,0.0274502514972574,0.012502105250185802,1.4067740763431915,-0.999015561015561,5.148387096774193,0.003754182406083661,31.84120031627311,57.15879968372689,False
719,WINNERS_10D,CONSENSUS,10,Reversal: 50D Support + Bull Engulf + Reversal: 50D Support + Higher Low + Reversal: Bottom Reclaim + Support + Reversal: 50D Support + Volume,4,3,397,0.6020151133501259,0.015423390536213395,0.007407407407407307,1.609899640882183,-0.5947777777777778,0.7185929648241205,0.011278347352569312,31.53676952265976,57.46323047734024,False
720,WINNERS_20D,CONSENSUS,20,Reversal: 50D Support + Higher Low + Reversal: Bottom Reclaim + Support + Reversal: 50D Support + Volume + Reversal: 50D Support + Hammer,4,3,343,0.6209912536443148,0.025309643744016723,0.008768433638900008,1.6614793525054785,-0.9030172413793103,0.6964285714285712,0.020258974387037325,31.410679553607036,57.58932044639296,False
721,WINNERS_10D,CONSENSUS,10,Reversal: 50D Support + RSI + Higher Low + Reversal: 50D Support + Hammer + Reversal: Bottom Reclaim + Support + Reversal: 50D Support + RSI,4,3,392,0.5663265306122449,0.06071245786917485,0.008764323336291513,2.149293415304068,-0.696236559139785,9.459081836327346,0.011818401911662887,31.291321222898592,57.70867877710141,False
722,WINNERS_10D,CONSENSUS,10,Reversal: 50D Support + Bull Engulf + Secondary: Breakdown + 50D Support + Reversal: 50D Support + Volume,3,2,751,0.525965379494008,0.00697541642486899,0.00291545189504383,1.186425507703755,-0.7057826086956522,2.356521739130435,-0.002047702574608377,31.23909195305205,57.76090804694795,False
723,WINNERS_10D,CONSENSUS,10,Reversal: 50D Support + Bull Engulf + Reversal: Bottom Reclaim + Support + Reversal: 50D Support + Volume + Reversal: 50D Support + RSI,4,3,368,0.5760869565217391,0.023803079541293615,0.016825961910594045,1.382169087635668,-0.999015561015561,1.8734030197444835,0.010146832682578618,31.01512837854775,57.98487162145225,False
724,WINNERS_20D,CONSENSUS,20,Reversal: 50D Support + Bull Engulf + Reversal: Bottom Reclaim + Support + Secondary: Breakdown + 50D Support + Reversal: 50D Support + Hammer,4,2,471,0.535031847133758,0.04037766911670179,0.004359906301649952,1.628723077319089,-0.7883211678832117,7.915789473684212,0.0041019868119531976,30.85916374238031,58.14083625761969,False
725,WINNERS_10D,CONSENSUS,10,Secondary: Breakdown + 50D Support + Reversal: 50D Support + RSI + Higher Low + Reversal: 50D Support + Volume,3,2,660,0.5287878787878788,0.009395048133103582,0.004645938366598212,1.2248291516563927,-0.7057826086956522,2.356521739130435,-0.00011922743291174234,30.64025859420147,58.35974140579853,False
726,WINNERS_20D,CONSENSUS,20,Reversal: 50D Support + Higher Low + Reversal: Bottom Reclaim + Support + Reversal: 50D Support + Hammer + Reversal: 50D Support + RSI + Higher Low,4,3,305,0.6295081967213115,0.07295850300810709,0.028301886792452935,2.1212531993415418,-0.9030172413793103,6.198935462408517,0.027401200398371357,30.5,58.5,False
727,WINNERS_10D,CONSENSUS,10,Secondary: Breakdown + 50D Support + Reversal: Bottom Reclaim + Support + Reversal: 50D Support + Volume + Reversal: 50D Support + RSI,4,3,384,0.5651041666666666,0.022608103723558346,0.013382878827185918,1.3744718695707585,-0.999015561015561,1.8734030197444835,0.00951593828816681,30.4381459611411,58.5618540388589,False
728,WINNERS_20D,CONSENSUS,20,Reversal: 50D Support + Higher Low + Reversal: Bottom Reclaim + Support + Reversal: Bull Engulf + Support + Reversal: 50D Support + RSI + Higher Low,4,3,304,0.6151315789473685,0.07166853523539315,0.02768448131494239,2.1306467749439717,-0.9030172413793103,6.198935462408517,0.025947022639186072,30.4,58.6,False
729,WINNERS_10D,CONSENSUS,10,Reversal: 50D Support + Higher Low + Reversal: 50D Support + RSI + Higher Low + Reversal: 50D Support + Hammer + Reversal: Bottom Reclaim + Support,4,3,346,0.5838150289017341,0.07348644314842381,0.009133472367048978,2.642039188056146,-0.696236559139785,9.459081836327346,0.01814689267718648,30.365921395645763,58.63407860435424,False
730,CROSS_10D_20D,AND,20,10D:Reversal: 50D Support + RSI + 20D:Reversal: 50D Support + Volume,2,2,650,0.5353846153846153,0.004889579490811343,0.012295312897263155,1.0532653295737802,-0.9846058534501175,6.810090328266138,-0.019371046103938833,29.832566110159107,59.16743388984089,False
731,WINNERS_10D,CONSENSUS,10,Reversal: 50D Support + Bull Engulf + Reversal: 50D Support + Hammer + Reversal: Bottom Reclaim + Support,3,2,486,0.5288065843621399,0.01637017283801269,0.004466868412995373,1.3841939938949794,-0.6267018006148442,1.552941176470588,0.00679419629477114,29.655866769137727,59.34413323086227,False
732,WINNERS_10D,AND,10,Reversal: 50D Support + Hammer + Reversal: 50D Support + Volume,2,2,389,0.5886889460154242,0.024256302747630073,0.0037735849056603765,1.8587160937180451,-0.6267018006148442,5.148387096774193,0.006552021096864422,29.509162217903274,59.490837782096726,False
733,CROSS_10D_20D,AND,10,10D:Reversal: 50D Support + Hammer + 20D:Reversal: 50D Support + Volume,2,2,389,0.5886889460154242,0.024256302747630073,0.0037735849056603765,1.8587160937180451,-0.6267018006148442,5.148387096774193,0.006552021096864422,29.509162217903274,59.490837782096726,False
734,CROSS_10D_20D,AND,10,10D:Reversal: 50D Support + Volume + 20D:Reversal: 50D Support + Hammer,2,2,389,0.5886889460154242,0.024256302747630073,0.0037735849056603765,1.8587160937180451,-0.6267018006148442,5.148387096774193,0.006552021096864422,29.509162217903274,59.490837782096726,False
735,WINNERS_10D,CONSENSUS,10,Reversal: 50D Support + Bull Engulf + Reversal: 50D Support + RSI + Higher Low + Reversal: Bottom Reclaim + Support + Reversal: 50D Support + RSI,4,3,338,0.5769230769230769,0.07327351602772489,0.010068991771179592,2.5565272556530894,-0.696236559139785,9.459081836327346,0.01661051724266072,29.12325553500852,59.876744464991475,False
736,WINNERS_20D,AND,20,Reversal: 50D Support + Volume + Reversal: 50D Support + Hammer,2,2,346,0.5982658959537572,0.023301102860406184,0.005518360722256088,1.5879124040125763,-0.5740008783487045,2.9483870967741934,0.009692103983127415,28.06711559104701,60.93288440895299,False
737,CROSS_10D_20D,AND,20,10D:Reversal: 50D Support + Hammer + 20D:Reversal: 50D Support + Volume,2,2,346,0.5982658959537572,0.023301102860406184,0.005518360722256088,1.5879124040125763,-0.5740008783487045,2.9483870967741934,0.009692103983127415,28.06711559104701,60.93288440895299,False
738,CROSS_10D_20D,AND,20,10D:Reversal: 50D Support + Volume + 20D:Reversal: 50D Support + Hammer,2,2,346,0.5982658959537572,0.023301102860406184,0.005518360722256088,1.5879124040125763,-0.5740008783487045,2.9483870967741934,0.009692103983127415,28.06711559104701,60.93288440895299,False
739,WINNERS_20D,CONSENSUS,20,Reversal: 50D Support + Bull Engulf + Reversal: 50D Support + Higher Low + Reversal: Bottom Reclaim + Support + Reversal: Bull Engulf + Support,4,3,433,0.605080831408776,0.010132586533511739,0.003597122302158251,1.44863710478614,-0.6053897978825795,1.670588235294118,0.0034065024145478197,27.941168201967525,61.05883179803247,False
740,WINNERS_20D,AND,20,Reversal: Bottom Reclaim + Support + Reversal: 50D Support + RSI + Higher Low,2,2,277,0.6245487364620939,0.07907256247133389,0.035409035409035505,2.1777036660040316,-0.9030172413793103,6.198935462408517,0.03532481710725972,27.700000000000003,61.3,False
741,WINNERS_20D,AND,20,Reversal: 50D Support + Higher Low + Reversal: Bottom Reclaim + Support + Reversal: 50D Support + RSI + Higher Low,3,3,277,0.6245487364620939,0.07907256247133389,0.035409035409035505,2.1777036660040316,-0.9030172413793103,6.198935462408517,0.03532481710725972,27.700000000000003,61.3,False
742,WINNERS_20D,CONSENSUS,20,Reversal: Bottom Reclaim + Support + Secondary: Breakdown + 50D Support + Reversal: 50D Support + RSI + Higher Low,3,2,277,0.6245487364620939,0.07907256247133389,0.035409035409035505,2.1777036660040316,-0.9030172413793103,6.198935462408517,0.03532481710725972,27.700000000000003,61.3,False
743,WINNERS_20D,CONSENSUS,20,Reversal: 50D Support + Higher Low + Reversal: Bottom Reclaim + Support + Secondary: Breakdown + 50D Support + Reversal: 50D Support + RSI + Higher Low,4,3,277,0.6245487364620939,0.07907256247133389,0.035409035409035505,2.1777036660040316,-0.9030172413793103,6.198935462408517,0.03532481710725972,27.700000000000003,61.3,False
744,CROSS_10D_20D,AND,20,10D:Reversal: 50D Support + RSI + Higher Low + 20D:Reversal: Bottom Reclaim + Support,2,2,277,0.6245487364620939,0.07907256247133389,0.035409035409035505,2.1777036660040316,-0.9030172413793103,6.198935462408517,0.03532481710725972,27.700000000000003,61.3,False
745,CROSS_10D_20D,AND,20,10D:Reversal: Bottom Reclaim + Support + 20D:Reversal: 50D Support + RSI + Higher Low,2,2,277,0.6245487364620939,0.07907256247133389,0.035409035409035505,2.1777036660040316,-0.9030172413793103,6.198935462408517,0.03532481710725972,27.700000000000003,61.3,False
746,WINNERS_10D,AND,10,Reversal: 50D Support + RSI + Higher Low + Reversal: Bottom Reclaim + Support,2,2,312,0.5801282051282052,0.0789730467229267,0.010613059172417283,2.6587523312393064,-0.696236559139785,9.459081836327346,0.01759762277175876,27.407966241603862,61.59203375839614,False
747,WINNERS_10D,AND,10,Reversal: 50D Support + Higher Low + Reversal: 50D Support + RSI + Higher Low + Reversal: Bottom Reclaim + Support,3,3,312,0.5801282051282052,0.0789730467229267,0.010613059172417283,2.6587523312393064,-0.696236559139785,9.459081836327346,0.01759762277175876,27.407966241603862,61.59203375839614,False
748,WINNERS_10D,AND,10,Reversal: 50D Support + Higher Low + Reversal: Bottom Reclaim + Support + Reversal: 50D Support + RSI,3,3,312,0.5801282051282052,0.0789730467229267,0.010613059172417283,2.6587523312393064,-0.696236559139785,9.459081836327346,0.01759762277175876,27.407966241603862,61.59203375839614,False
749,WINNERS_10D,CONSENSUS,10,Secondary: Breakdown + 50D Support + Reversal: 50D Support + RSI + Higher Low + Reversal: Bottom Reclaim + Support,3,2,312,0.5801282051282052,0.0789730467229267,0.010613059172417283,2.6587523312393064,-0.696236559139785,9.459081836327346,0.01759762277175876,27.407966241603862,61.59203375839614,False
750,WINNERS_10D,AND,10,Reversal: 50D Support + RSI + Higher Low + Reversal: Bottom Reclaim + Support + Reversal: 50D Support + RSI,3,3,312,0.5801282051282052,0.0789730467229267,0.010613059172417283,2.6587523312393064,-0.696236559139785,9.459081836327346,0.01759762277175876,27.407966241603862,61.59203375839614,False
751,WINNERS_10D,CONSENSUS,10,Reversal: 50D Support + Higher Low + Secondary: Breakdown + 50D Support + Reversal: 50D Support + RSI + Higher Low + Reversal: Bottom Reclaim + Support,4,3,312,0.5801282051282052,0.0789730467229267,0.010613059172417283,2.6587523312393064,-0.696236559139785,9.459081836327346,0.01759762277175876,27.407966241603862,61.59203375839614,False
752,WINNERS_10D,CONSENSUS,10,Reversal: 50D Support + Higher Low + Secondary: Breakdown + 50D Support + Reversal: Bottom Reclaim + Support + Reversal: 50D Support + RSI,4,3,312,0.5801282051282052,0.0789730467229267,0.010613059172417283,2.6587523312393064,-0.696236559139785,9.459081836327346,0.01759762277175876,27.407966241603862,61.59203375839614,False
753,WINNERS_10D,AND,10,Reversal: 50D Support + Higher Low + Reversal: 50D Support + RSI + Higher Low + Reversal: Bottom Reclaim + Support + Reversal: 50D Support + RSI,4,4,312,0.5801282051282052,0.0789730467229267,0.010613059172417283,2.6587523312393064,-0.696236559139785,9.459081836327346,0.01759762277175876,27.407966241603862,61.59203375839614,False
754,WINNERS_10D,CONSENSUS,10,Secondary: Breakdown + 50D Support + Reversal: 50D Support + RSI + Higher Low + Reversal: Bottom Reclaim + Support + Reversal: 50D Support + RSI,4,3,312,0.5801282051282052,0.0789730467229267,0.010613059172417283,2.6587523312393064,-0.696236559139785,9.459081836327346,0.01759762277175876,27.407966241603862,61.59203375839614,False
755,CROSS_10D_20D,AND,10,10D:Reversal: 50D Support + RSI + Higher Low + 20D:Reversal: Bottom Reclaim + Support,2,2,312,0.5801282051282052,0.0789730467229267,0.010613059172417283,2.6587523312393064,-0.696236559139785,9.459081836327346,0.01759762277175876,27.407966241603862,61.59203375839614,False
756,CROSS_10D_20D,AND,10,10D:Reversal: Bottom Reclaim + Support + 20D:Reversal: 50D Support + RSI + Higher Low,2,2,312,0.5801282051282052,0.0789730467229267,0.010613059172417283,2.6587523312393064,-0.696236559139785,9.459081836327346,0.01759762277175876,27.407966241603862,61.59203375839614,False
757,WINNERS_20D,CONSENSUS,20,Secondary: Breakdown + 50D Support + Reversal: 50D Support + Volume + Reversal: Bull Engulf + Support + Reversal: 50D Support + RSI + Higher Low,4,2,680,0.5308823529411765,0.0049010678460654974,0.004673713318900541,1.0853471689350025,-0.9834088927637314,1.0762331838565022,-0.00278558077554454,27.18358784256051,61.81641215743949,False
758,WINNERS_10D,CONSENSUS,10,Reversal: 50D Support + Higher Low + Reversal: 50D Support + Hammer + Reversal: Bottom Reclaim + Support + Reversal: 50D Support + Volume,4,3,383,0.5848563968668408,0.013275355125861137,0.0037735849056603765,1.485560432211556,-0.6267018006148442,0.49286987522281667,0.009693781031748762,27.044122637676026,61.955877362323974,False
759,WINNERS_20D,CONSENSUS,20,Reversal: 50D Support + Bull Engulf + Secondary: Breakdown + 50D Support + Reversal: 50D Support + Volume,3,2,677,0.5214180206794683,0.006447972559549685,0.003816793893129722,1.1187509298764522,-0.9834088927637314,1.0762331838565022,-0.0012985267069132408,26.98482751415773,62.01517248584227,False
760,WINNERS_10D,AND,10,Reversal: Bottom Reclaim + Support + Reversal: 50D Support + Volume + Reversal: 50D Support + RSI,3,3,313,0.5814696485623003,0.0254928756079976,0.01775147928994092,1.376842980805386,-0.999015561015561,1.8734030197444835,0.009430099107252909,26.681739745276012,62.31826025472399,False
761,WINNERS_20D,CONSENSUS,20,Reversal: 50D Support + Higher Low + Reversal: Bottom Reclaim + Support + Reversal: 50D Support + Volume + Reversal: Bull Engulf + Support,4,3,285,0.6175438596491228,0.023267608153980136,0.010590708429682572,1.6584624895023297,-0.9030172413793103,0.6964285714285712,0.01898405233667596,26.271605113809134,62.72839488619087,False
762,WINNERS_20D,CONSENSUS,20,Reversal: 50D Support + Bull Engulf + Reversal: Bottom Reclaim + Support + Reversal: 50D Support + Hammer,3,2,420,0.5357142857142857,0.036758916668823624,0.004308331529203291,1.5575720848122439,-0.7883211678832117,7.915789473684212,-0.0008645010127798802,26.257124431699033,62.74287556830097,False
763,WINNERS_20D,CONSENSUS,20,Secondary: Breakdown + 50D Support + Reversal: 50D Support + Volume + Reversal: 50D Support + RSI + Higher Low,3,2,594,0.5303030303030303,0.005825581617479636,0.005608260256374953,1.0938336919913487,-0.9834088927637314,1.0762331838565022,-0.0019382794737712286,24.737828975712294,64.26217102428771,False
764,WINNERS_20D,CONSENSUS,20,Reversal: 50D Support + Bull Engulf + Reversal: 50D Support + Higher Low + Reversal: 50D Support + Volume + Reversal: Bull Engulf + Support,4,3,409,0.5916870415647921,0.007005866458403276,0.0033984212712920847,1.389647556992398,-0.6053897978825795,0.534375,0.0030190420770864314,23.965053777100223,65.03494622289978,False
765,WINNERS_10D,AND,10,Secondary: Breakdown + 50D Support + Reversal: 50D Support + Volume,2,2,585,0.517948717948718,0.006896139386707394,0.0032017075773747017,1.163553146719299,-0.7057826086956522,2.356521739130435,-0.00275902448020352,23.408633921310145,65.59136607868986,False
766,CROSS_10D_20D,AND,10,10D:Secondary: Breakdown + 50D Support + 20D:Reversal: 50D Support + Volume,2,2,585,0.517948717948718,0.006896139386707394,0.0032017075773747017,1.163553146719299,-0.7057826086956522,2.356521739130435,-0.00275902448020352,23.408633921310145,65.59136607868986,False
767,CROSS_10D_20D,AND,10,10D:Reversal: 50D Support + Volume + 20D:Secondary: Breakdown + 50D Support,2,2,585,0.517948717948718,0.006896139386707394,0.0032017075773747017,1.163553146719299,-0.7057826086956522,2.356521739130435,-0.00275902448020352,23.408633921310145,65.59136607868986,False
768,WINNERS_20D,CONSENSUS,20,Reversal: Bottom Reclaim + Support + Secondary: Breakdown + 50D Support + Reversal: 50D Support + Hammer + Reversal: Bull Engulf + Support,4,2,373,0.5254691689008043,0.04243989543743173,0.0029615004935834577,1.6532275143174893,-0.7883211678832117,7.915789473684212,0.0010767970828966054,22.60638041368696,66.39361958631304,False
769,WINNERS_10D,CONSENSUS,10,Reversal: 50D Support + Bull Engulf + Reversal: 50D Support + Hammer + Reversal: 50D Support + RSI,3,2,273,0.5347985347985348,0.06494450418028282,0.007903383358494054,2.0784678224086464,-0.7945071113290829,6.290448343079922,0.023214074543775255,21.85655107598499,67.14344892401502,False
770,CROSS_10D_20D,AND,10,10D:Reversal: 50D Support + Higher Low + 20D:Reversal: Bull Engulf + Support,2,2,389,0.5886889460154242,0.004114445974598982,0.0019379844961240345,1.5277613791093174,-0.1646571491974258,0.31847133757961776,0.0027284793498467434,21.678626977847646,67.32137302215236,False
771,WINNERS_20D,CONSENSUS,20,Reversal: 50D Support + Bull Engulf + Reversal: 50D Support + Volume + Reversal: 50D Support + RSI + Higher Low,3,2,223,0.6143497757847534,0.027913484268427886,0.013284976544329474,1.7431632966492847,-0.9030172413793103,0.6345467523197716,0.02275025926861166,21.176912327039105,67.8230876729609,False
772,WINNERS_20D,AND,20,Reversal: 50D Support + Higher Low + Reversal: Bottom Reclaim + Support + Reversal: 50D Support + Volume,3,3,205,0.6585365853658537,0.036001161220016085,0.020458139890821903,1.946380864254736,-0.9030172413793103,0.6964285714285712,0.0301549583127993,20.5,68.5,False
773,WINNERS_20D,CONSENSUS,20,Reversal: 50D Support + Higher Low + Reversal: Bottom Reclaim + Support + Secondary: Breakdown + 50D Support + Reversal: 50D Support + Volume,4,3,205,0.6585365853658537,0.036001161220016085,0.020458139890821903,1.946380864254736,-0.9030172413793103,0.6964285714285712,0.0301549583127993,20.5,68.5,False
774,WINNERS_10D,AND,10,Reversal: 50D Support + Higher Low + Reversal: Bottom Reclaim + Support + Reversal: 50D Support + Volume,3,3,230,0.6086956521739131,0.016570669924842865,0.012131002712057026,1.5925648374675754,-0.5947777777777778,0.49286987522281667,0.012501885357778816,19.560427274760542,69.43957272523946,False
775,WINNERS_10D,CONSENSUS,10,Reversal: 50D Support + Higher Low + Secondary: Breakdown + 50D Support + Reversal: Bottom Reclaim + Support + Reversal: 50D Support + Volume,4,3,230,0.6086956521739131,0.016570669924842865,0.012131002712057026,1.5925648374675754,-0.5947777777777778,0.49286987522281667,0.012501885357778816,19.560427274760542,69.43957272523946,False
776,WINNERS_20D,CONSENSUS,20,Reversal: Bottom Reclaim + Support + Reversal: 50D Support + Hammer + Reversal: Bull Engulf + Support,3,2,322,0.5248447204968945,0.03804640945683667,0.0029134150032387174,1.5652250551653202,-0.7883211678832117,7.915789473684212,-0.007914670393222889,19.21025638994882,69.78974361005118,False
777,WINNERS_20D,CONSENSUS,20,Secondary: Breakdown + 50D Support + Reversal: 50D Support + Volume + Reversal: Bull Engulf + Support,3,2,611,0.5122749590834698,0.0013761535351298922,0.002182539682539675,1.0239971884235406,-0.9834088927637314,1.0762331838565022,-0.007222112013350738,18.610349988267895,70.3896500117321,False
778,WINNERS_10D,CONSENSUS,10,Reversal: 50D Support + Higher Low + Reversal: 50D Support + Hammer + Reversal: 50D Support + Volume + Reversal: 50D Support + RSI,4,3,202,0.6138613861386139,0.050656887005258375,0.004415138497182336,2.8814026996959017,-0.5947777777777778,5.148387096774193,0.022200366545286142,17.838893482323126,71.16110651767687,False
779,WINNERS_10D,AND,10,Reversal: 50D Support + Bull Engulf + Reversal: Bottom Reclaim + Support,2,2,218,0.5412844036697247,0.025523690293368016,0.0075019875372351885,1.8175218825410255,-0.41428571428571426,1.552941176470588,0.015243658993794072,16.84557987448995,72.15442012551006,False
780,WINNERS_10D,CONSENSUS,10,Reversal: 50D Support + Bull Engulf + Secondary: Breakdown + 50D Support + Reversal: Bottom Reclaim + Support,3,2,218,0.5412844036697247,0.025523690293368016,0.0075019875372351885,1.8175218825410255,-0.41428571428571426,1.552941176470588,0.015243658993794072,16.84557987448995,72.15442012551006,False
781,CROSS_10D_20D,AND,10,10D:Reversal: 50D Support + Bull Engulf + 20D:Reversal: Bottom Reclaim + Support,2,2,218,0.5412844036697247,0.025523690293368016,0.0075019875372351885,1.8175218825410255,-0.41428571428571426,1.552941176470588,0.015243658993794072,16.84557987448995,72.15442012551006,False
782,CROSS_10D_20D,AND,10,10D:Reversal: Bottom Reclaim + Support + 20D:Reversal: 50D Support + Bull Engulf,2,2,218,0.5412844036697247,0.025523690293368016,0.0075019875372351885,1.8175218825410255,-0.41428571428571426,1.552941176470588,0.015243658993794072,16.84557987448995,72.15442012551006,False
783,WINNERS_20D,CONSENSUS,20,Reversal: 50D Support + Bull Engulf + Reversal: 50D Support + Higher Low + Reversal: 50D Support + Hammer + Reversal: Bull Engulf + Support,4,3,345,0.5884057971014492,0.0028538372575614224,0.0029182879377434023,1.1695311500148167,-0.6053897978825795,0.4585987261146496,0.0002779008454720113,16.494725147434206,72.50527485256579,False
784,WINNERS_20D,CONSENSUS,20,Reversal: 50D Support + Bull Engulf + Reversal: 50D Support + Higher Low + Reversal: Bull Engulf + Support + Reversal: 50D Support + RSI + Higher Low,4,3,349,0.5873925501432665,0.0027626164497738886,0.0029182879377434023,1.1489377288561609,-0.6053897978825795,0.4585987261146496,-0.00020065117265440907,16.40266946485543,72.59733053514458,False
785,WINNERS_10D,CONSENSUS,10,Secondary: Breakdown + 50D Support + Reversal: 50D Support + Hammer + Reversal: Bottom Reclaim + Support,3,2,311,0.5176848874598071,0.015749480899901403,0.0016682113067654214,1.3141104119362086,-0.6267018006148442,1.6224489795918364,0.0028735974806359667,16.277271094733393,72.7227289052666,False
786,WINNERS_20D,AND,20,Reversal: 50D Support + Bull Engulf + Reversal: Bottom Reclaim + Support,2,2,193,0.5803108808290155,0.0232287760693633,0.009674234945705962,1.4559085918021122,-0.5652173913043479,1.670588235294118,0.01464877888590104,16.25559555575524,72.74440444424476,False
787,WINNERS_20D,CONSENSUS,20,Reversal: 50D Support + Bull Engulf + Reversal: Bottom Reclaim + Support + Secondary: Breakdown + 50D Support,3,2,193,0.5803108808290155,0.0232287760693633,0.009674234945705962,1.4559085918021122,-0.5652173913043479,1.670588235294118,0.01464877888590104,16.25559555575524,72.74440444424476,False
788,CROSS_10D_20D,AND,20,10D:Reversal: 50D Support + Bull Engulf + 20D:Reversal: Bottom Reclaim + Support,2,2,193,0.5803108808290155,0.0232287760693633,0.009674234945705962,1.4559085918021122,-0.5652173913043479,1.670588235294118,0.01464877888590104,16.25559555575524,72.74440444424476,False
789,CROSS_10D_20D,AND,20,10D:Reversal: Bottom Reclaim + Support + 20D:Reversal: 50D Support + Bull Engulf,2,2,193,0.5803108808290155,0.0232287760693633,0.009674234945705962,1.4559085918021122,-0.5652173913043479,1.670588235294118,0.01464877888590104,16.25559555575524,72.74440444424476,False
790,WINNERS_10D,CONSENSUS,10,Reversal: 50D Support + Bull Engulf + Reversal: 50D Support + RSI + Higher Low + Reversal: 50D Support + Volume,3,2,253,0.5691699604743083,0.011619491162599107,0.004757373929590969,1.4168905083084327,-0.5947777777777778,0.6442307692307692,0.007181795297545763,16.204743601687326,72.79525639831267,False
791,WINNERS_20D,CONSENSUS,20,Reversal: 50D Support + Bull Engulf + Reversal: Bottom Reclaim + Support + Reversal: 50D Support + Volume + Reversal: Bull Engulf + Support,4,3,184,0.5978260869565217,0.02520835699400908,0.005050908872845095,1.8160064494878463,-0.5652173913043479,1.670588235294118,0.01621721011805221,15.748333754077157,73.25166624592285,False
792,WINNERS_10D,AND,10,Reversal: 50D Support + Hammer + Reversal: 50D Support + RSI,2,2,210,0.5142857142857142,0.07532912496085498,0.0019296181097651077,2.064321563102302,-0.7945071113290829,6.290448343079922,0.0210590423169492,15.153914852288004,73.84608514771199,False
793,CROSS_10D_20D,AND,10,10D:Reversal: 50D Support + RSI + 20D:Reversal: 50D Support + Hammer,2,2,210,0.5142857142857142,0.07532912496085498,0.0019296181097651077,2.064321563102302,-0.7945071113290829,6.290448343079922,0.0210590423169492,15.153914852288004,73.84608514771199,False
794,WINNERS_20D,AND,20,Reversal: 50D Support + Higher Low + Reversal: Bull Engulf + Support,2,2,337,0.5845697329376854,0.0016674179916959428,0.0027728187792002146,1.0975112556862685,-0.6053897978825795,0.4585987261146496,-0.0009808739566039813,14.985438029082262,74.01456197091774,False
795,WINNERS_20D,AND,20,Reversal: 50D Support + Bull Engulf + Reversal: 50D Support + Higher Low + Reversal: Bull Engulf + Support,3,3,337,0.5845697329376854,0.0016674179916959428,0.0027728187792002146,1.0975112556862685,-0.6053897978825795,0.4585987261146496,-0.0009808739566039813,14.985438029082262,74.01456197091774,False
796,WINNERS_20D,CONSENSUS,20,Reversal: 50D Support + Higher Low + Secondary: Breakdown + 50D Support + Reversal: Bull Engulf + Support,3,2,337,0.5845697329376854,0.0016674179916959428,0.0027728187792002146,1.0975112556862685,-0.6053897978825795,0.4585987261146496,-0.0009808739566039813,14.985438029082262,74.01456197091774,False
797,WINNERS_20D,CONSENSUS,20,Reversal: 50D Support + Bull Engulf + Reversal: 50D Support + Higher Low + Secondary: Breakdown + 50D Support + Reversal: Bull Engulf + Support,4,3,337,0.5845697329376854,0.0016674179916959428,0.0027728187792002146,1.0975112556862685,-0.6053897978825795,0.4585987261146496,-0.0009808739566039813,14.985438029082262,74.01456197091774,False
798,CROSS_10D_20D,AND,20,10D:Reversal: 50D Support + Higher Low + 20D:Reversal: Bull Engulf + Support,2,2,337,0.5845697329376854,0.0016674179916959428,0.0027728187792002146,1.0975112556862685,-0.6053897978825795,0.4585987261146496,-0.0009808739566039813,14.985438029082262,74.01456197091774,False
799,WINNERS_20D,CONSENSUS,20,Reversal: 50D Support + Bull Engulf + Reversal: 50D Support + Higher Low + Reversal: 50D Support + Volume + Reversal: 50D Support + RSI + Higher Low,4,3,159,0.6163522012578616,0.023050383760477973,0.011912640635340921,1.5467976362014142,-0.9030172413793103,0.5623529411764705,0.0196370764350603,14.892303760645344,74.10769623935465,False
800,WINNERS_10D,CONSENSUS,10,Reversal: 50D Support + Bull Engulf + Secondary: Breakdown + 50D Support + Reversal: 50D Support + RSI,3,2,221,0.5158371040723982,0.032458306692299654,0.004572175048987548,2.035834767496148,-0.33777777777777773,3.9537037037037033,0.010045544439074273,14.792887005146252,74.20711299485374,False
801,WINNERS_20D,AND,20,Secondary: Breakdown + 50D Support + Reversal: 50D Support + Volume,2,2,529,0.5066162570888468,0.0006877098843071887,0.0008364700961940308,1.0109990031455578,-0.9834088927637314,1.0762331838565022,-0.00808825107258713,14.600975917196815,74.39902408280318,False
802,CROSS_10D_20D,AND,20,10D:Secondary: Breakdown + 50D Support + 20D:Reversal: 50D Support + Volume,2,2,529,0.5066162570888468,0.0006877098843071887,0.0008364700961940308,1.0109990031455578,-0.9834088927637314,1.0762331838565022,-0.00808825107258713,14.600975917196815,74.39902408280318,False
803,CROSS_10D_20D,AND,20,10D:Reversal: 50D Support + Volume + 20D:Secondary: Breakdown + 50D Support,2,2,529,0.5066162570888468,0.0006877098843071887,0.0008364700961940308,1.0109990031455578,-0.9834088927637314,1.0762331838565022,-0.00808825107258713,14.600975917196815,74.39902408280318,False
804,WINNERS_20D,CONSENSUS,20,Reversal: Bottom Reclaim + Support + Secondary: Breakdown + 50D Support + Reversal: 50D Support + Hammer,3,2,268,0.5,0.04851192003830201,0.00020325203252025137,1.6322156895184035,-0.7883211678832117,7.915789473684212,-0.000390755244287434,14.334186991869903,74.6658130081301,False
805,CROSS_10D_20D,AND,20,10D:Reversal: 50D Support + RSI + 20D:Reversal: 50D Support + Hammer,2,2,183,0.5245901639344263,0.09035757364423923,0.00657307473829416,1.7560389490580974,-0.7945071113290829,7.915789473684212,0.047360695072591004,14.157154507830874,74.84284549216912,False
806,WINNERS_10D,CONSENSUS,10,Reversal: 50D Support + Higher Low + Reversal: 50D Support + RSI + Higher Low + Reversal: 50D Support + Hammer + Reversal: 50D Support + Volume,4,3,161,0.6273291925465838,0.025674352084598704,0.0037735849056603765,2.199174094114235,-0.5947777777777778,0.6442307692307692,0.02180837447743513,14.140660377358493,74.8593396226415,False
807,CROSS_10D_20D,AND,20,10D:Reversal: 50D Support + RSI + 20D:Secondary: Breakdown + 50D Support,2,2,161,0.577639751552795,0.020716456250157906,0.011553166069295129,1.4276022203841128,-0.9834088927637314,0.9607843137254901,0.014841032140937077,13.662832058582907,75.33716794141709,False
808,WINNERS_20D,CONSENSUS,20,Reversal: 50D Support + Bull Engulf + Reversal: 50D Support + Higher Low + Reversal: 50D Support + Volume + Reversal: 50D Support + Hammer,4,3,161,0.5900621118012422,0.021122011298720614,0.002899835258528549,2.281835864433245,-0.5445829338446788,0.534375,0.017914180119337618,13.516625690210672,75.48337430978933,False
809,WINNERS_20D,CONSENSUS,20,Reversal: 50D Support + Higher Low + Reversal: 50D Support + Volume + Reversal: 50D Support + Hammer + Reversal: 50D Support + RSI + Higher Low,4,3,142,0.6830985915492958,0.036157995235777465,0.010765161304992055,2.027432188019548,-0.9030172413793103,0.5623529411764705,0.03242611618655269,13.216489678981652,75.78351032101835,False
810,WINNERS_20D,CONSENSUS,20,Reversal: 50D Support + Volume + Reversal: Bull Engulf + Support + Reversal: 50D Support + RSI + Higher Low,3,2,151,0.6158940397350994,0.019661772228649246,0.0077346782702976125,1.4970195685747665,-0.9030172413793103,0.5623529411764705,0.01604383110233043,13.204343040555989,75.79565695944402,False
811,WINNERS_10D,CONSENSUS,10,Reversal: 50D Support + Bull Engulf + Reversal: 50D Support + Higher Low + Reversal: 50D Support + Volume + Reversal: 50D Support + RSI,4,3,187,0.5775401069518716,0.013531279741741202,0.004757373929590969,1.4742612581149133,-0.5947777777777778,0.6442307692307692,0.010140422271370079,13.189546150015202,75.8104538499848,False
812,WINNERS_10D,CONSENSUS,10,Reversal: 50D Support + Bull Engulf + Reversal: 50D Support + Higher Low + Reversal: 50D Support + RSI + Higher Low + Reversal: 50D Support + Volume,4,3,181,0.580110497237569,0.014179214339309024,0.004757373929590969,1.4909675871758947,-0.5947777777777778,0.6442307692307692,0.010678927923245353,13.084667993251408,75.9153320067486,False
813,WINNERS_10D,CONSENSUS,10,Reversal: 50D Support + RSI + Higher Low + Reversal: 50D Support + Hammer + Reversal: 50D Support + Volume + Reversal: 50D Support + RSI,4,3,127,0.6062992125984252,0.07251874974006142,0.018527547537786404,2.836168272167268,-0.5947777777777778,5.148387096774193,0.03223408031915562,12.559748902974153,76.44025109702585,False
814,WINNERS_20D,AND,20,Reversal: 50D Support + Bull Engulf + Reversal: 50D Support + Volume,2,2,148,0.5743243243243243,0.02703701955416645,0.005050908872845095,2.08607395386338,-0.5445829338446788,0.6345467523197716,0.02290430028365213,12.507317551552472,76.49268244844752,False
815,CROSS_10D_20D,AND,20,10D:Reversal: 50D Support + Bull Engulf + 20D:Reversal: 50D Support + Volume,2,2,148,0.5743243243243243,0.02703701955416645,0.005050908872845095,2.08607395386338,-0.5445829338446788,0.6345467523197716,0.02290430028365213,12.507317551552472,76.49268244844752,False
816,CROSS_10D_20D,AND,20,10D:Reversal: 50D Support + Volume + 20D:Reversal: 50D Support + Bull Engulf,2,2,148,0.5743243243243243,0.02703701955416645,0.005050908872845095,2.08607395386338,-0.5445829338446788,0.6345467523197716,0.02290430028365213,12.507317551552472,76.49268244844752,False
817,WINNERS_10D,CONSENSUS,10,Reversal: 50D Support + Higher Low + Secondary: Breakdown + 50D Support + Reversal: 50D Support + Volume + Reversal: 50D Support + RSI,4,3,146,0.5547945205479452,0.019648849254573258,0.009976105137395441,1.5827363232509712,-0.5947777777777778,0.6442307692307692,0.015341387737496047,11.840997460968312,77.15900253903169,False
818,WINNERS_10D,CONSENSUS,10,Secondary: Breakdown + 50D Support + Reversal: 50D Support + RSI + Higher Low + Reversal: 50D Support + Volume + Reversal: 50D Support + RSI,4,3,146,0.5547945205479452,0.019648849254573258,0.009976105137395441,1.5827363232509712,-0.5947777777777778,0.6442307692307692,0.015341387737496047,11.840997460968312,77.15900253903169,False
819,WINNERS_10D,CONSENSUS,10,Reversal: 50D Support + Bull Engulf + Reversal: 50D Support + Higher Low + Reversal: 50D Support + Hammer + Reversal: 50D Support + Volume,4,3,180,0.5777777777777777,0.010152004217279494,0.001891324409978301,1.8470211826490537,-0.5,0.31847133757961776,0.008429549840953584,11.554012116319445,77.44598788368056,False
820,WINNERS_20D,AND,20,Reversal: Bottom Reclaim + Support + Reversal: 50D Support + Hammer,2,2,217,0.4930875576036866,0.043419619434121245,-0.000920301859009709,1.5232934325375933,-0.7883211678832117,7.915789473684212,-0.01713059557228411,11.323333333333332,77.67666666666666,False
821,CROSS_10D_20D,AND,20,10D:Reversal: 50D Support + Hammer + 20D:Reversal: Bottom Reclaim + Support,2,2,217,0.4930875576036866,0.043419619434121245,-0.000920301859009709,1.5232934325375933,-0.7883211678832117,7.915789473684212,-0.01713059557228411,11.323333333333332,77.67666666666666,False
822,CROSS_10D_20D,AND,20,10D:Reversal: Bottom Reclaim + Support + 20D:Reversal: 50D Support + Hammer,2,2,217,0.4930875576036866,0.043419619434121245,-0.000920301859009709,1.5232934325375933,-0.7883211678832117,7.915789473684212,-0.01713059557228411,11.323333333333332,77.67666666666666,False
823,WINNERS_10D,CONSENSUS,10,Secondary: Breakdown + 50D Support + Reversal: 50D Support + Hammer + Reversal: 50D Support + Volume + Reversal: 50D Support + RSI,4,3,142,0.5352112676056338,0.06192263474742423,0.0043561898863687665,2.8088594822149657,-0.33777777777777773,5.148387096774193,0.025848418704681193,11.00060088956494,77.99939911043506,False
824,WINNERS_10D,AND,10,Secondary: Breakdown + 50D Support + Reversal: 50D Support + RSI,2,2,174,0.4942528735632184,0.036656992462475814,0.0,2.1684503526922554,-0.33777777777777773,3.9537037037037033,0.014015103958191265,10.942304399877292,78.05769560012271,False
825,CROSS_10D_20D,AND,10,10D:Reversal: 50D Support + RSI + 20D:Secondary: Breakdown + 50D Support,2,2,174,0.4942528735632184,0.036656992462475814,0.0,2.1684503526922554,-0.33777777777777773,3.9537037037037033,0.014015103958191265,10.942304399877292,78.05769560012271,False
826,WINNERS_20D,CONSENSUS,20,Reversal: 50D Support + Higher Low + Reversal: 50D Support + Volume + Reversal: Bull Engulf + Support + Reversal: 50D Support + RSI + Higher Low,4,3,116,0.6120689655172413,0.01982382471411214,0.005953899352351799,1.442066486298638,-0.9030172413793103,0.5623529411764705,0.01510618022313511,9.819785796748404,79.1802142032516,False
827,WINNERS_10D,CONSENSUS,10,Reversal: 50D Support + Bull Engulf + Secondary: Breakdown + 50D Support + Reversal: 50D Support + RSI + Higher Low + Reversal: 50D Support + Hammer,4,2,107,0.5981308411214953,0.05722776553829008,0.0070132013201320564,3.2507561081965046,-0.27922077922077915,1.6224489795918364,0.0424615276698604,9.624476072607264,79.37552392739273,False
828,WINNERS_10D,CONSENSUS,10,Reversal: 50D Support + Bull Engulf + Reversal: 50D Support + RSI + Higher Low + Reversal: 50D Support + Volume + Reversal: 50D Support + RSI,4,3,98,0.6020408163265306,0.022318864060705948,0.017482297022019644,1.5857742059680426,-0.5947777777777778,0.6442307692307692,0.015907401120808386,9.314142813497861,79.68585718650213,False
829,WINNERS_10D,CONSENSUS,10,Reversal: 50D Support + Bull Engulf + Reversal: 50D Support + Higher Low + Reversal: 50D Support + Hammer + Reversal: Bottom Reclaim + Support,4,3,102,0.5980392156862745,0.02964214752774321,0.007965964649809032,2.4374042600324337,-0.40104166666666663,0.7185929648241205,0.022820852306986997,9.246062962377058,79.75393703762295,False
830,WINNERS_20D,CONSENSUS,20,Reversal: 50D Support + Bull Engulf + Secondary: Breakdown + 50D Support + Reversal: 50D Support + Hammer + Reversal: 50D Support + RSI + Higher Low,4,2,96,0.5833333333333334,0.06493659778720066,0.016832699181367428,2.3685777953010403,-0.4607843137254901,2.326530612244898,0.04113034500343544,9.10528767439179,79.89471232560821,False
831,WINNERS_10D,AND,10,Reversal: 50D Support + Hammer + Reversal: Bottom Reclaim + Support,2,2,256,0.51171875,0.005609754084614477,0.001246620939861054,1.1038487221227833,-0.6267018006148442,1.225523012552301,-0.0037577736637020424,9.018536147171837,79.98146385282817,False
832,CROSS_10D_20D,AND,10,10D:Reversal: 50D Support + Hammer + 20D:Reversal: Bottom Reclaim + Support,2,2,256,0.51171875,0.005609754084614477,0.001246620939861054,1.1038487221227833,-0.6267018006148442,1.225523012552301,-0.0037577736637020424,9.018536147171837,79.98146385282817,False
833,CROSS_10D_20D,AND,10,10D:Reversal: Bottom Reclaim + Support + 20D:Reversal: 50D Support + Hammer,2,2,256,0.51171875,0.005609754084614477,0.001246620939861054,1.1038487221227833,-0.6267018006148442,1.225523012552301,-0.0037577736637020424,9.018536147171837,79.98146385282817,False
834,WINNERS_20D,CONSENSUS,20,Reversal: 50D Support + Higher Low + Reversal: 50D Support + Volume + Reversal: 50D Support + Hammer + Reversal: Bull Engulf + Support,4,3,121,0.5867768595041323,0.015298250799534594,0.00219892985413761,2.1471888358275413,-0.5445829338446788,0.47101517599163567,0.011500609756267087,8.877654899721245,80.12234510027875,False
835,WINNERS_10D,AND,10,Reversal: 50D Support + Bull Engulf + Reversal: 50D Support + Volume,2,2,166,0.5542168674698795,0.007254796348510757,0.00203963830885312,1.3507329561053723,-0.5,0.31847133757961776,0.0053686354925646515,8.746987460687496,80.25301253931251,False
836,CROSS_10D_20D,AND,10,10D:Reversal: 50D Support + Bull Engulf + 20D:Reversal: 50D Support + Volume,2,2,166,0.5542168674698795,0.007254796348510757,0.00203963830885312,1.3507329561053723,-0.5,0.31847133757961776,0.0053686354925646515,8.746987460687496,80.25301253931251,False
837,CROSS_10D_20D,AND,10,10D:Reversal: 50D Support + Volume + 20D:Reversal: 50D Support + Bull Engulf,2,2,166,0.5542168674698795,0.007254796348510757,0.00203963830885312,1.3507329561053723,-0.5,0.31847133757961776,0.0053686354925646515,8.746987460687496,80.25301253931251,False
838,WINNERS_10D,CONSENSUS,10,Reversal: 50D Support + Higher Low + Secondary: Breakdown + 50D Support + Reversal: 50D Support + Hammer + Reversal: 50D Support + Volume,4,3,104,0.625,0.02594002090655281,0.00226905368338548,2.6864978583069434,-0.26572815533980587,1.0538116591928253,0.01596068461251133,8.701919587079951,80.29808041292004,False
839,WINNERS_10D,CONSENSUS,10,Reversal: 50D Support + Bull Engulf + Reversal: 50D Support + RSI + Higher Low + Reversal: Bottom Reclaim + Support + Reversal: 50D Support + Volume,4,3,92,0.5869565217391305,0.023410695705013262,0.016545210204099603,1.609369635350569,-0.5947777777777778,0.49286987522281667,0.018251803622400038,8.640993954028474,80.35900604597153,False
840,WINNERS_20D,CONSENSUS,20,Reversal: 50D Support + Bull Engulf + Reversal: Bottom Reclaim + Support + Reversal: 50D Support + Hammer + Reversal: Bull Engulf + Support,4,3,107,0.5887850467289719,0.025513567718645463,0.004784688995215447,1.7021211341049862,-0.5652173913043479,1.670588235294118,0.009993995383027796,8.475989421354019,80.52401057864598,False
841,WINNERS_20D,CONSENSUS,20,Reversal: 50D Support + Bull Engulf + Reversal: Bottom Reclaim + Support + Reversal: Bull Engulf + Support + Reversal: 50D Support + RSI + Higher Low,4,3,101,0.6039603960396039,0.028077749679001802,0.006275083612039989,1.7857017575740464,-0.5652173913043479,1.670588235294118,0.011652644822850635,8.428025428942966,80.57197457105704,False
842,WINNERS_10D,CONSENSUS,10,Reversal: 50D Support + RSI + Higher Low + Reversal: 50D Support + Hammer + Reversal: Bottom Reclaim + Support + Reversal: 50D Support + Volume,4,3,112,0.5714285714285714,0.015317685262838167,0.009208612931156601,1.3189174561350139,-0.6267018006148442,0.49286987522281667,0.011015413281216739,8.14304486939593,80.85695513060406,False
843,CROSS_10D_20D,AND,10,10D:Reversal: Bottom Reclaim + Support + 20D:Reversal: Bull Engulf + Support,2,2,109,0.5504587155963303,0.026025966695746593,0.0050167224080266415,2.1685722791911806,-0.19158333333333333,1.552941176470588,0.011887862901535104,8.111949849056673,80.88805015094333,False
844,WINNERS_20D,CONSENSUS,20,Reversal: 50D Support + Higher Low + Secondary: Breakdown + 50D Support + Reversal: 50D Support + Volume + Reversal: 50D Support + Hammer,4,3,93,0.6344086021505376,0.030358561688940872,0.003894839337877487,2.408019071194709,-0.4607843137254901,1.0762331838565022,0.018990359274076073,8.10624260318376,80.89375739681624,False
845,WINNERS_20D,CONSENSUS,20,Reversal: 50D Support + Bull Engulf + Reversal: 50D Support + Higher Low + Reversal: Bottom Reclaim + Support + Reversal: 50D Support + Hammer,4,3,90,0.6111111111111112,0.027303556538876804,0.006493098247253082,1.7354317888076283,-0.5592948717948718,0.534375,0.021606124589875413,8.088284131689583,80.91171586831041,False
846,WINNERS_20D,CONSENSUS,20,Reversal: 50D Support + Bull Engulf + Reversal: Bottom Reclaim + Support + Reversal: 50D Support + Volume + Reversal: 50D Support + RSI + Higher Low,4,3,80,0.675,0.05223352474946583,0.030268816667830878,1.9633200306548015,-0.9030172413793103,0.6345467523197716,0.044862471235917654,8.0,81.0,False
847,WINNERS_20D,AND,20,Reversal: Bottom Reclaim + Support + Reversal: Bull Engulf + Support,2,2,98,0.5918367346938775,0.0271548522634613,0.005339299310967327,1.737305668854081,-0.5652173913043479,1.670588235294118,0.010212240067268966,7.869704810967034,81.13029518903296,False
848,WINNERS_20D,AND,20,Reversal: 50D Support + Bull Engulf + Reversal: Bottom Reclaim + Support + Reversal: Bull Engulf + Support,3,3,98,0.5918367346938775,0.0271548522634613,0.005339299310967327,1.737305668854081,-0.5652173913043479,1.670588235294118,0.010212240067268966,7.869704810967034,81.13029518903296,False
849,WINNERS_20D,CONSENSUS,20,Reversal: Bottom Reclaim + Support + Secondary: Breakdown + 50D Support + Reversal: Bull Engulf + Support,3,2,98,0.5918367346938775,0.0271548522634613,0.005339299310967327,1.737305668854081,-0.5652173913043479,1.670588235294118,0.010212240067268966,7.869704810967034,81.13029518903296,False
850,WINNERS_20D,CONSENSUS,20,Reversal: 50D Support + Bull Engulf + Reversal: Bottom Reclaim + Support + Secondary: Breakdown + 50D Support + Reversal: Bull Engulf + Support,4,3,98,0.5918367346938775,0.0271548522634613,0.005339299310967327,1.737305668854081,-0.5652173913043479,1.670588235294118,0.010212240067268966,7.869704810967034,81.13029518903296,False
851,CROSS_10D_20D,AND,20,10D:Reversal: Bottom Reclaim + Support + 20D:Reversal: Bull Engulf + Support,2,2,98,0.5918367346938775,0.0271548522634613,0.005339299310967327,1.737305668854081,-0.5652173913043479,1.670588235294118,0.010212240067268966,7.869704810967034,81.13029518903296,False
852,WINNERS_10D,AND,10,Reversal: 50D Support + RSI + Higher Low + Reversal: 50D Support + Volume,2,2,75,0.6133333333333333,0.028886536354993837,0.018494055482166427,1.7436020493261757,-0.5947777777777778,0.6442307692307692,0.02057107374856445,7.415290620871861,81.58470937912814,False
853,WINNERS_10D,AND,10,Reversal: 50D Support + Higher Low + Reversal: 50D Support + RSI + Higher Low + Reversal: 50D Support + Volume,3,3,75,0.6133333333333333,0.028886536354993837,0.018494055482166427,1.7436020493261757,-0.5947777777777778,0.6442307692307692,0.02057107374856445,7.415290620871861,81.58470937912814,False
854,WINNERS_10D,AND,10,Reversal: 50D Support + Higher Low + Reversal: 50D Support + Volume + Reversal: 50D Support + RSI,3,3,75,0.6133333333333333,0.028886536354993837,0.018494055482166427,1.7436020493261757,-0.5947777777777778,0.6442307692307692,0.02057107374856445,7.415290620871861,81.58470937912814,False
855,WINNERS_10D,AND,10,Reversal: 50D Support + RSI + Higher Low + Reversal: 50D Support + Volume + Reversal: 50D Support + RSI,3,3,75,0.6133333333333333,0.028886536354993837,0.018494055482166427,1.7436020493261757,-0.5947777777777778,0.6442307692307692,0.02057107374856445,7.415290620871861,81.58470937912814,False
856,WINNERS_10D,CONSENSUS,10,Reversal: 50D Support + Higher Low + Secondary: Breakdown + 50D Support + Reversal: 50D Support + RSI + Higher Low + Reversal: 50D Support + Volume,4,3,75,0.6133333333333333,0.028886536354993837,0.018494055482166427,1.7436020493261757,-0.5947777777777778,0.6442307692307692,0.02057107374856445,7.415290620871861,81.58470937912814,False
857,WINNERS_10D,AND,10,Reversal: 50D Support + Higher Low + Reversal: 50D Support + RSI + Higher Low + Reversal: 50D Support + Volume + Reversal: 50D Support + RSI,4,4,75,0.6133333333333333,0.028886536354993837,0.018494055482166427,1.7436020493261757,-0.5947777777777778,0.6442307692307692,0.02057107374856445,7.415290620871861,81.58470937912814,False
858,CROSS_10D_20D,AND,10,10D:Reversal: 50D Support + RSI + Higher Low + 20D:Reversal: 50D Support + Volume,2,2,75,0.6133333333333333,0.028886536354993837,0.018494055482166427,1.7436020493261757,-0.5947777777777778,0.6442307692307692,0.02057107374856445,7.415290620871861,81.58470937912814,False
859,CROSS_10D_20D,AND,10,10D:Reversal: 50D Support + Volume + 20D:Reversal: 50D Support + RSI + Higher Low,2,2,75,0.6133333333333333,0.028886536354993837,0.018494055482166427,1.7436020493261757,-0.5947777777777778,0.6442307692307692,0.02057107374856445,7.415290620871861,81.58470937912814,False
860,WINNERS_20D,CONSENSUS,20,Secondary: Breakdown + 50D Support + Reversal: 50D Support + Hammer + Reversal: Bull Engulf + Support + Reversal: 50D Support + RSI + Higher Low,4,2,79,0.5822784810126582,0.06207415387995627,0.01510204081632649,2.3563602679850435,-0.4607843137254901,2.326530612244898,0.03304266082399547,7.376462585034011,81.623537414966,False
861,WINNERS_20D,AND,20,Reversal: 50D Support + Volume + Reversal: 50D Support + RSI + Higher Low,2,2,65,0.7230769230769231,0.04763995310745232,0.035409035409035505,1.814385438467392,-0.9030172413793103,0.5623529411764705,0.03959756266887392,6.5,82.5,False
862,WINNERS_20D,AND,20,Reversal: 50D Support + Higher Low + Reversal: 50D Support + Volume + Reversal: 50D Support + RSI + Higher Low,3,3,65,0.7230769230769231,0.04763995310745232,0.035409035409035505,1.814385438467392,-0.9030172413793103,0.5623529411764705,0.03959756266887392,6.5,82.5,False
863,WINNERS_20D,CONSENSUS,20,Reversal: 50D Support + Higher Low + Secondary: Breakdown + 50D Support + Reversal: 50D Support + Volume + Reversal: 50D Support + RSI + Higher Low,4,3,65,0.7230769230769231,0.04763995310745232,0.035409035409035505,1.814385438467392,-0.9030172413793103,0.5623529411764705,0.03959756266887392,6.5,82.5,False
864,CROSS_10D_20D,AND,20,10D:Reversal: 50D Support + RSI + Higher Low + 20D:Reversal: 50D Support + Volume,2,2,65,0.7230769230769231,0.04763995310745232,0.035409035409035505,1.814385438467392,-0.9030172413793103,0.5623529411764705,0.03959756266887392,6.5,82.5,False
865,CROSS_10D_20D,AND,20,10D:Reversal: 50D Support + Volume + 20D:Reversal: 50D Support + RSI + Higher Low,2,2,65,0.7230769230769231,0.04763995310745232,0.035409035409035505,1.814385438467392,-0.9030172413793103,0.5623529411764705,0.03959756266887392,6.5,82.5,False
866,WINNERS_10D,AND,10,Reversal: 50D Support + Bull Engulf + Reversal: 50D Support + Higher Low + Reversal: Bottom Reclaim + Support,3,3,66,0.6212121212121212,0.03374211370695863,0.014614207956146652,2.594608223699871,-0.40104166666666663,0.7185929648241205,0.023205946766694602,6.33340329382926,82.66659670617074,False
867,WINNERS_10D,CONSENSUS,10,Reversal: 50D Support + Bull Engulf + Reversal: 50D Support + Higher Low + Secondary: Breakdown + 50D Support + Reversal: Bottom Reclaim + Support,4,3,66,0.6212121212121212,0.03374211370695863,0.014614207956146652,2.594608223699871,-0.40104166666666663,0.7185929648241205,0.023205946766694602,6.33340329382926,82.66659670617074,False
868,WINNERS_20D,AND,20,Reversal: 50D Support + Higher Low + Reversal: 50D Support + Volume + Reversal: 50D Support + Hammer,3,3,70,0.6571428571428571,0.028910494909714222,0.003026582982043169,5.978034923230333,-0.0767172167707405,0.47101517599163567,0.022503180691135646,6.108895606557266,82.89110439344273,False
869,WINNERS_10D,CONSENSUS,10,Secondary: Breakdown + 50D Support + Reversal: 50D Support + RSI + Higher Low + Reversal: 50D Support + Hammer,3,2,69,0.5797101449275363,0.06467909532288568,0.005384922217790189,3.361563318563346,-0.26572815533980587,1.6224489795918364,0.04177071467187171,5.910336391437309,83.08966360856269,False
870,WINNERS_10D,CONSENSUS,10,Reversal: 50D Support + Bull Engulf + Secondary: Breakdown + 50D Support + Reversal: 50D Support + Hammer,3,2,71,0.5633802816901409,0.06447543412842617,0.005384922217790189,3.4412178487870646,-0.26572815533980587,1.6224489795918364,0.04221866919323462,5.888413774763994,83.11158622523601,False
871,WINNERS_10D,CONSENSUS,10,Secondary: Breakdown + 50D Support + Reversal: 50D Support + Hammer + Reversal: Bottom Reclaim + Support + Reversal: 50D Support + Volume,4,3,86,0.5465116279069767,0.019301289517423312,0.004350285492968009,1.4041846579666064,-0.6267018006148442,1.0538116591928253,0.007130579285947994,5.796424686490622,83.20357531350938,False
872,WINNERS_20D,CONSENSUS,20,Reversal: Bottom Reclaim + Support + Reversal: 50D Support + Volume + Reversal: Bull Engulf + Support + Reversal: 50D Support + RSI + Higher Low,4,3,58,0.6551724137931034,0.03145710716680961,0.027933909548683578,1.4865975909798441,-0.9030172413793103,0.5623529411764705,0.022143145166640118,5.787044337947183,83.21295566205282,False
873,WINNERS_20D,CONSENSUS,20,Secondary: Breakdown + 50D Support + Reversal: 50D Support + Hammer + Reversal: 50D Support + RSI + Higher Low,3,2,62,0.5645161290322581,0.06662384979622157,0.01885487382705342,2.23391150782307,-0.4607843137254901,2.326530612244898,0.029576197952800653,5.780084966291318,83.21991503370869,False
874,WINNERS_20D,AND,20,Reversal: 50D Support + Bull Engulf + Reversal: 50D Support + Higher Low + Reversal: 50D Support + Volume,3,3,84,0.5476190476190477,0.01716408238182398,0.0026395059948306487,1.716922043737396,-0.5445829338446788,0.534375,0.010932625543050776,5.7634938736264125,83.23650612637358,False
875,WINNERS_20D,CONSENSUS,20,Reversal: 50D Support + Bull Engulf + Reversal: 50D Support + Higher Low + Secondary: Breakdown + 50D Support + Reversal: 50D Support + Volume,4,3,84,0.5476190476190477,0.01716408238182398,0.0026395059948306487,1.716922043737396,-0.5445829338446788,0.534375,0.010932625543050776,5.7634938736264125,83.23650612637358,False
876,WINNERS_20D,CONSENSUS,20,Reversal: Bottom Reclaim + Support + Reversal: 50D Support + Volume + Reversal: 50D Support + Hammer + Reversal: 50D Support + RSI + Higher Low,4,3,94,0.5638297872340425,0.010184520288487492,0.013539039996302682,1.1271428571266315,-0.9030172413793103,0.5623529411764705,0.004247225440229602,5.760467096558405,83.2395329034416,False
877,WINNERS_10D,AND,10,Reversal: 50D Support + Higher Low + Reversal: 50D Support + Hammer + Reversal: 50D Support + Volume,3,3,78,0.6282051282051282,0.013838532310564209,0.001735882870614991,3.4666894004081037,-0.09263157894736851,0.1958358738400099,0.011474930472519459,5.752238100797374,83.24776189920263,False
878,WINNERS_20D,AND,20,Reversal: 50D Support + Bull Engulf + Reversal: 50D Support + Higher Low + Reversal: Bottom Reclaim + Support,3,3,60,0.6166666666666667,0.025423919867619847,0.017096360774905284,1.7040641308695186,-0.5592948717948718,0.534375,0.01679763037385069,5.72522960169402,83.27477039830598,False
879,WINNERS_20D,CONSENSUS,20,Reversal: 50D Support + Bull Engulf + Reversal: 50D Support + Higher Low + Reversal: Bottom Reclaim + Support + Secondary: Breakdown + 50D Support,4,3,60,0.6166666666666667,0.025423919867619847,0.017096360774905284,1.7040641308695186,-0.5592948717948718,0.534375,0.01679763037385069,5.72522960169402,83.27477039830598,False
880,WINNERS_10D,AND,10,Reversal: 50D Support + Bull Engulf + Reversal: 50D Support + Higher Low + Reversal: 50D Support + Volume,3,3,94,0.5638297872340425,0.00884045452266112,0.0019305307096004753,1.5163448511914026,-0.5,0.31847133757961776,0.0055110901887153495,5.488970331794745,83.51102966820525,False
881,WINNERS_10D,CONSENSUS,10,Reversal: 50D Support + Bull Engulf + Reversal: 50D Support + Higher Low + Secondary: Breakdown + 50D Support + Reversal: 50D Support + Volume,4,3,94,0.5638297872340425,0.00884045452266112,0.0019305307096004753,1.5163448511914026,-0.5,0.31847133757961776,0.0055110901887153495,5.488970331794745,83.51102966820525,False
882,WINNERS_10D,CONSENSUS,10,Reversal: 50D Support + Bull Engulf + Reversal: 50D Support + Hammer + Reversal: 50D Support + Volume + Reversal: 50D Support + RSI,4,3,59,0.576271186440678,0.11111147270890638,0.010590015128592922,3.977450203909447,-0.3287292817679558,5.148387096774193,0.024261892983642838,5.250274836106904,83.74972516389309,False
883,WINNERS_20D,CONSENSUS,20,Reversal: 50D Support + Bull Engulf + Secondary: Breakdown + 50D Support + Reversal: 50D Support + Hammer,3,2,65,0.5384615384615384,0.07561233217493922,0.006220452848967328,2.725901632087788,-0.4607843137254901,2.326530612244898,0.040441734048846115,5.16158040972049,83.83841959027951,False
884,WINNERS_20D,CONSENSUS,20,Reversal: 50D Support + Bull Engulf + Reversal: Bottom Reclaim + Support + Reversal: 50D Support + Volume + Reversal: 50D Support + Hammer,4,3,87,0.5057471264367817,0.017633310745554617,0.001512859304084735,1.3052410366962093,-0.5740008783487045,0.6345467523197716,0.010459898634226509,5.016253326880897,83.9837466731191,False
885,WINNERS_10D,CONSENSUS,10,Reversal: 50D Support + Bull Engulf + Reversal: 50D Support + Hammer + Reversal: Bottom Reclaim + Support + Reversal: 50D Support + Volume,4,3,97,0.5257731958762887,0.010646995266623613,0.0033276192396893833,1.2632925805183828,-0.6267018006148442,0.4204325371207229,0.0063783958723100794,5.006194145431838,83.99380585456817,False
886,WINNERS_20D,CONSENSUS,20,Secondary: Breakdown + 50D Support + Reversal: 50D Support + Hammer + Reversal: Bull Engulf + Support,3,2,60,0.55,0.06644966063476472,0.006312422215883462,2.52232197307592,-0.4607843137254901,2.326530612244898,0.028143203827813316,4.884058999714756,84.11594100028525,False
887,WINNERS_10D,CONSENSUS,10,Reversal: 50D Support + Bull Engulf + Reversal: 50D Support + RSI + Higher Low + Reversal: 50D Support + Hammer,3,2,52,0.6538461538461539,0.051180373045942446,0.01167076831543945,3.7844533602779795,-0.27922077922077915,0.7375886524822697,0.03772138717464192,4.875159964302139,84.12484003569786,False
888,WINNERS_20D,CONSENSUS,20,Reversal: 50D Support + Bull Engulf + Reversal: 50D Support + Volume + Reversal: 50D Support + Hammer + Reversal: Bull Engulf + Support,4,3,91,0.5494505494505495,0.00841555816182771,0.0030800821355236874,1.3415902035050904,-0.5445829338446788,0.4585987261146496,0.0034135229623519113,4.752082815972385,84.24791718402761,False
889,WINNERS_10D,CONSENSUS,10,Reversal: 50D Support + Bull Engulf + Secondary: Breakdown + 50D Support + Reversal: 50D Support + Volume + Reversal: 50D Support + RSI,4,3,82,0.5121951219512195,0.014073846002531122,0.0025658198529679987,1.54298501809431,-0.33777777777777773,0.5226377952755905,0.0077952787275550805,4.691262934909721,84.30873706509028,False
890,WINNERS_10D,AND,10,Reversal: 50D Support + RSI + Higher Low + Reversal: Bottom Reclaim + Support + Reversal: 50D Support + Volume,3,3,47,0.6382978723404256,0.028702464897745687,0.024957458876914362,1.5754867497881835,-0.5947777777777778,0.49286987522281667,0.018611869021113708,4.651068382994258,84.34893161700575,False
891,WINNERS_10D,AND,10,Reversal: 50D Support + Higher Low + Reversal: 50D Support + RSI + Higher Low + Reversal: Bottom Reclaim + Support + Reversal: 50D Support + Volume,4,4,47,0.6382978723404256,0.028702464897745687,0.024957458876914362,1.5754867497881835,-0.5947777777777778,0.49286987522281667,0.018611869021113708,4.651068382994258,84.34893161700575,False
892,WINNERS_10D,AND,10,Reversal: 50D Support + Higher Low + Reversal: Bottom Reclaim + Support + Reversal: 50D Support + Volume + Reversal: 50D Support + RSI,4,4,47,0.6382978723404256,0.028702464897745687,0.024957458876914362,1.5754867497881835,-0.5947777777777778,0.49286987522281667,0.018611869021113708,4.651068382994258,84.34893161700575,False
893,WINNERS_10D,CONSENSUS,10,Secondary: Breakdown + 50D Support + Reversal: 50D Support + RSI + Higher Low + Reversal: Bottom Reclaim + Support + Reversal: 50D Support + Volume,4,3,47,0.6382978723404256,0.028702464897745687,0.024957458876914362,1.5754867497881835,-0.5947777777777778,0.49286987522281667,0.018611869021113708,4.651068382994258,84.34893161700575,False
894,WINNERS_10D,AND,10,Reversal: 50D Support + RSI + Higher Low + Reversal: Bottom Reclaim + Support + Reversal: 50D Support + Volume + Reversal: 50D Support + RSI,4,4,47,0.6382978723404256,0.028702464897745687,0.024957458876914362,1.5754867497881835,-0.5947777777777778,0.49286987522281667,0.018611869021113708,4.651068382994258,84.34893161700575,False
895,WINNERS_20D,CONSENSUS,20,Reversal: 50D Support + Bull Engulf + Reversal: 50D Support + Volume + Reversal: Bull Engulf + Support + Reversal: 50D Support + RSI + Higher Low,4,3,91,0.5494505494505495,0.007613189149010928,0.0030800821355236874,1.3169361827572226,-0.5445829338446788,0.4585987261146496,0.002602238738281611,4.58630515604566,84.41369484395435,False
896,WINNERS_20D,CONSENSUS,20,Reversal: 50D Support + Higher Low + Reversal: Bottom Reclaim + Support + Reversal: 50D Support + Hammer + Reversal: Bull Engulf + Support,4,3,59,0.559322033898305,0.022579838818758555,0.004184100418409997,1.7261909213671331,-0.2711496746203905,0.4585987261146496,0.015062271796415606,4.581651970506032,84.41834802949397,False
897,WINNERS_20D,CONSENSUS,20,Reversal: 50D Support + Bull Engulf + Reversal: 50D Support + Hammer + Reversal: 50D Support + RSI + Higher Low,3,2,45,0.6444444444444445,0.05899502743356978,0.02366255144032925,2.3301532555882125,-0.3311688311688312,1.021276595744681,0.037124991790135446,4.5,84.5,False
898,WINNERS_10D,AND,10,Secondary: Breakdown + 50D Support + Reversal: 50D Support + Hammer,2,2,55,0.5454545454545454,0.06294530025832784,0.004731488052992505,2.9617079753892703,-0.26572815533980587,1.6224489795918364,0.034065602492892505,4.370173882185941,84.62982611781406,False
899,CROSS_10D_20D,AND,10,10D:Secondary: Breakdown + 50D Support + 20D:Reversal: 50D Support + Hammer,2,2,55,0.5454545454545454,0.06294530025832784,0.004731488052992505,2.9617079753892703,-0.26572815533980587,1.6224489795918364,0.034065602492892505,4.370173882185941,84.62982611781406,False
900,CROSS_10D_20D,AND,10,10D:Reversal: 50D Support + Hammer + 20D:Secondary: Breakdown + 50D Support,2,2,55,0.5454545454545454,0.06294530025832784,0.004731488052992505,2.9617079753892703,-0.26572815533980587,1.6224489795918364,0.034065602492892505,4.370173882185941,84.62982611781406,False
901,WINNERS_10D,AND,10,Reversal: 50D Support + Bull Engulf + Reversal: 50D Support + RSI,2,2,47,0.5957446808510638,0.016914235968668808,0.018494055482166427,1.542144126316875,-0.27922077922077915,0.31847133757961776,0.010358646803213398,4.128693512753739,84.87130648724626,False
902,CROSS_10D_20D,AND,10,10D:Reversal: 50D Support + RSI + 20D:Reversal: 50D Support + Bull Engulf,2,2,47,0.5957446808510638,0.016914235968668808,0.018494055482166427,1.542144126316875,-0.27922077922077915,0.31847133757961776,0.010358646803213398,4.128693512753739,84.87130648724626,False
903,WINNERS_20D,AND,20,Secondary: Breakdown + 50D Support + Reversal: 50D Support + Hammer,2,2,51,0.5294117647058824,0.0701791598639338,0.006220452848967328,2.3985440680320167,-0.4607843137254901,2.326530612244898,0.025052130816314522,3.9729323214730003,85.027067678527,False
904,CROSS_10D_20D,AND,20,10D:Secondary: Breakdown + 50D Support + 20D:Reversal: 50D Support + Hammer,2,2,51,0.5294117647058824,0.0701791598639338,0.006220452848967328,2.3985440680320167,-0.4607843137254901,2.326530612244898,0.025052130816314522,3.9729323214730003,85.027067678527,False
905,CROSS_10D_20D,AND,20,10D:Reversal: 50D Support + Hammer + 20D:Secondary: Breakdown + 50D Support,2,2,51,0.5294117647058824,0.0701791598639338,0.006220452848967328,2.3985440680320167,-0.4607843137254901,2.326530612244898,0.025052130816314522,3.9729323214730003,85.027067678527,False
906,WINNERS_20D,AND,20,Reversal: Bottom Reclaim + Support + Reversal: 50D Support + Volume + Reversal: 50D Support + RSI + Higher Low,3,3,39,0.7692307692307693,0.051436965962877196,0.06880108991825606,1.6513362973248866,-0.9030172413793103,0.5623529411764705,0.037991808720414216,3.9,85.1,False
907,WINNERS_20D,AND,20,Reversal: 50D Support + Higher Low + Reversal: Bottom Reclaim + Support + Reversal: 50D Support + Volume + Reversal: 50D Support + RSI + Higher Low,4,4,39,0.7692307692307693,0.051436965962877196,0.06880108991825606,1.6513362973248866,-0.9030172413793103,0.5623529411764705,0.037991808720414216,3.9,85.1,False
908,WINNERS_20D,CONSENSUS,20,Reversal: Bottom Reclaim + Support + Secondary: Breakdown + 50D Support + Reversal: 50D Support + Volume + Reversal: 50D Support + RSI + Higher Low,4,3,39,0.7692307692307693,0.051436965962877196,0.06880108991825606,1.6513362973248866,-0.9030172413793103,0.5623529411764705,0.037991808720414216,3.9,85.1,False
909,WINNERS_10D,AND,10,Reversal: 50D Support + Hammer + Reversal: 50D Support + Volume + Reversal: 50D Support + RSI,3,3,44,0.5681818181818182,0.1399026375361686,0.009007878851425177,4.068050079712294,-0.3287292817679558,5.148387096774193,0.023426254763191292,3.8039266687636974,85.1960733312363,False
910,WINNERS_20D,AND,20,Reversal: 50D Support + Volume + Reversal: Bull Engulf + Support,2,2,82,0.5487804878048781,0.005817454648364176,0.0026395059948306487,1.243000305821473,-0.5445829338446788,0.4585987261146496,0.00022756240803966524,3.7021230725650676,85.29787692743493,False
911,WINNERS_20D,AND,20,Reversal: 50D Support + Bull Engulf + Reversal: 50D Support + Volume + Reversal: Bull Engulf + Support,3,3,82,0.5487804878048781,0.005817454648364176,0.0026395059948306487,1.243000305821473,-0.5445829338446788,0.4585987261146496,0.00022756240803966524,3.7021230725650676,85.29787692743493,False
912,WINNERS_20D,CONSENSUS,20,Reversal: 50D Support + Bull Engulf + Secondary: Breakdown + 50D Support + Reversal: 50D Support + Volume + Reversal: Bull Engulf + Support,4,3,82,0.5487804878048781,0.005817454648364176,0.0026395059948306487,1.243000305821473,-0.5445829338446788,0.4585987261146496,0.00022756240803966524,3.7021230725650676,85.29787692743493,False
913,CROSS_10D_20D,AND,20,10D:Reversal: 50D Support + Volume + 20D:Reversal: Bull Engulf + Support,2,2,82,0.5487804878048781,0.005817454648364176,0.0026395059948306487,1.243000305821473,-0.5445829338446788,0.4585987261146496,0.00022756240803966524,3.7021230725650676,85.29787692743493,False
914,WINNERS_10D,CONSENSUS,10,Reversal: 50D Support + Bull Engulf + Reversal: 50D Support + Higher Low + Reversal: 50D Support + RSI + Higher Low + Reversal: 50D Support + Hammer,4,3,40,0.6,0.037863009316631745,0.008826343489832023,2.7279475342456267,-0.27922077922077915,0.3784461152882206,0.029130109163514082,3.6647903046949604,85.33520969530504,False
915,WINNERS_10D,CONSENSUS,10,Reversal: 50D Support + Bull Engulf + Reversal: 50D Support + Higher Low + Reversal: 50D Support + Hammer + Reversal: 50D Support + RSI,4,3,40,0.6,0.037863009316631745,0.008826343489832023,2.7279475342456267,-0.27922077922077915,0.3784461152882206,0.029130109163514082,3.6647903046949604,85.33520969530504,False
916,WINNERS_10D,CONSENSUS,10,Reversal: 50D Support + Bull Engulf + Reversal: 50D Support + RSI + Higher Low + Reversal: 50D Support + Hammer + Reversal: 50D Support + RSI,4,3,36,0.6666666666666666,0.04293375248552164,0.01604314424593767,2.828285498375549,-0.27922077922077915,0.3784461152882206,0.033347684976873106,3.4931648946403167,85.50683510535968,False
917,WINNERS_20D,CONSENSUS,20,Reversal: 50D Support + Bull Engulf + Reversal: 50D Support + Higher Low + Reversal: 50D Support + Hammer + Reversal: 50D Support + RSI + Higher Low,4,3,34,0.6176470588235294,0.03831678393697163,0.025041315350283422,1.7557991358805183,-0.3311688311688312,0.4585987261146496,0.025580967507345034,3.4000000000000004,85.6,False
918,WINNERS_10D,CONSENSUS,10,Reversal: 50D Support + Bull Engulf + Reversal: 50D Support + Hammer + Reversal: Bottom Reclaim + Support + Reversal: 50D Support + RSI,4,3,100,0.52,-0.004871951662283614,0.007664562966375743,0.927597813753602,-0.6112484548825712,0.6796875,-0.011786693598266281,3.2875052454008507,85.71249475459915,False
919,WINNERS_20D,AND,20,Reversal: 50D Support + Bull Engulf + Reversal: Bottom Reclaim + Support + Reversal: 50D Support + Volume,3,3,32,0.59375,0.07052701046678211,0.01867499589018584,3.18040749513176,-0.2666666666666666,0.6345467523197716,0.052332825245717945,3.1348665680311267,85.86513343196887,False
920,WINNERS_20D,CONSENSUS,20,Reversal: 50D Support + Bull Engulf + Reversal: Bottom Reclaim + Support + Secondary: Breakdown + 50D Support + Reversal: 50D Support + Volume,4,3,32,0.59375,0.07052701046678211,0.01867499589018584,3.18040749513176,-0.2666666666666666,0.6345467523197716,0.052332825245717945,3.1348665680311267,85.86513343196887,False
921,WINNERS_10D,AND,10,Secondary: Breakdown + 50D Support + Reversal: 50D Support + Volume + Reversal: 50D Support + RSI,3,3,71,0.49295774647887325,0.009890729078072643,0.0,1.3494858216274646,-0.33777777777777773,0.5226377952755905,0.0025657709895366737,2.9440939586618184,86.05590604133818,False
922,WINNERS_20D,CONSENSUS,20,Reversal: 50D Support + Hammer + Reversal: Bull Engulf + Support + Reversal: 50D Support + RSI + Higher Low,3,2,28,0.6785714285714286,0.04731146440914001,0.022738314953087202,2.2541546962937264,-0.32162458836443464,0.4585987261146496,0.03207860286449152,2.8000000000000003,86.2,False
923,WINNERS_10D,AND,10,Reversal: 50D Support + Higher Low + Reversal: 50D Support + Hammer + Reversal: Bottom Reclaim + Support,3,3,30,0.6333333333333333,0.02491844467860833,0.006712114697180693,2.1375560994790637,-0.20540540540540542,0.2554572271386433,0.016968831490331265,2.6328212892190193,86.36717871078098,False
924,WINNERS_10D,CONSENSUS,10,Reversal: 50D Support + Higher Low + Secondary: Breakdown + 50D Support + Reversal: 50D Support + Hammer + Reversal: Bottom Reclaim + Support,4,3,30,0.6333333333333333,0.02491844467860833,0.006712114697180693,2.1375560994790637,-0.20540540540540542,0.2554572271386433,0.016968831490331265,2.6328212892190193,86.36717871078098,False
925,WINNERS_10D,CONSENSUS,10,Reversal: 50D Support + Bull Engulf + Secondary: Breakdown + 50D Support + Reversal: 50D Support + Hammer + Reversal: 50D Support + Volume,4,3,30,0.6,0.05221346282090498,0.005806531470052501,2.261859747545157,-0.26572815533980587,1.0538116591928253,0.017675593980493925,2.628347822637294,86.3716521773627,False
926,WINNERS_10D,CONSENSUS,10,Secondary: Breakdown + 50D Support + Reversal: 50D Support + RSI + Higher Low + Reversal: 50D Support + Hammer + Reversal: 50D Support + Volume,4,3,29,0.6206896551724138,0.0577569729726587,0.005384922217790189,2.42358123615884,-0.26572815533980587,1.0538116591928253,0.022183591321938475,2.582122058236937,86.41787794176307,False
927,CROSS_10D_20D,AND,10,10D:Reversal: 50D Support + Volume + 20D:Reversal: Bull Engulf + Support,2,2,95,0.5263157894736842,-0.0029450446462303383,0.0009564801530368428,0.8165552079972028,-0.19158333333333333,0.31847133757961776,-0.006364367861398934,2.5693616235661123,86.43063837643389,False
928,CROSS_10D_20D,AND,20,10D:Reversal: 50D Support + RSI + 20D:Reversal: 50D Support + Bull Engulf,2,2,40,0.6,0.0050942867761498145,0.017135107207439937,1.0987607636393733,-0.45619759323579967,0.4585987261146496,-0.006534032181247615,2.4503318630287727,86.54966813697122,False
929,WINNERS_10D,AND,10,Reversal: 50D Support + Bull Engulf + Reversal: Bottom Reclaim + Support + Reversal: 50D Support + Volume,3,3,34,0.5,0.026683125691898596,0.004374453193350836,1.969647456741469,-0.26900584795321636,0.31847133757961776,0.01784105866499801,2.379828885721229,86.62017111427878,False
930,WINNERS_10D,CONSENSUS,10,Reversal: 50D Support + Bull Engulf + Secondary: Breakdown + 50D Support + Reversal: Bottom Reclaim + Support + Reversal: 50D Support + Volume,4,3,34,0.5,0.026683125691898596,0.004374453193350836,1.969647456741469,-0.26900584795321636,0.31847133757961776,0.01784105866499801,2.379828885721229,86.62017111427878,False
931,WINNERS_10D,AND,10,Secondary: Breakdown + 50D Support + Reversal: 50D Support + Hammer + Reversal: 50D Support + Volume,3,3,26,0.6153846153846154,0.06224448669451864,0.005875331479265444,2.3926965826117885,-0.26572815533980587,1.0538116591928253,0.02258179979458636,2.3245689638456764,86.67543103615432,False
932,WINNERS_20D,AND,20,Reversal: 50D Support + Higher Low + Reversal: Bottom Reclaim + Support + Reversal: 50D Support + Hammer,3,3,25,0.68,0.04188642883147741,0.0062681261109551745,2.114743001335015,-0.2711496746203905,0.4031971580817053,0.026831815112717913,2.24252736458041,86.75747263541959,False
933,WINNERS_20D,CONSENSUS,20,Reversal: 50D Support + Higher Low + Reversal: Bottom Reclaim + Support + Secondary: Breakdown + 50D Support + Reversal: 50D Support + Hammer,4,3,25,0.68,0.04188642883147741,0.0062681261109551745,2.114743001335015,-0.2711496746203905,0.4031971580817053,0.026831815112717913,2.24252736458041,86.75747263541959,False
934,WINNERS_10D,AND,10,Reversal: 50D Support + Hammer + Reversal: Bottom Reclaim + Support + Reversal: 50D Support + RSI,3,3,76,0.5131578947368421,-0.011572006635261166,0.004546976940511427,0.8504378902661978,-0.6112484548825712,0.6796875,-0.020788800057064648,2.1363990132796684,86.86360098672033,False
935,WINNERS_20D,CONSENSUS,20,Reversal: 50D Support + Higher Low + Reversal: 50D Support + Hammer + Reversal: Bull Engulf + Support + Reversal: 50D Support + RSI + Higher Low,4,3,21,0.6190476190476191,0.04291915211633914,0.02366255144032925,1.8905987616625315,-0.32162458836443464,0.4585987261146496,0.02213517341642362,2.1,86.9,False
936,WINNERS_20D,CONSENSUS,20,Secondary: Breakdown + 50D Support + Reversal: 50D Support + Volume + Reversal: 50D Support + Hammer + Reversal: 50D Support + RSI + Higher Low,4,3,25,0.6,0.04273321986544241,0.018563357546408366,1.668267276681917,-0.4607843137254901,1.0762331838565022,-0.00032927863418508174,2.0980629539951567,86.90193704600485,False
937,WINNERS_20D,CONSENSUS,20,Reversal: 50D Support + Bull Engulf + Secondary: Breakdown + 50D Support + Reversal: 50D Support + Volume + Reversal: 50D Support + Hammer,4,3,27,0.5925925925925926,0.027817740410203493,0.01344860710854956,1.4132124971546056,-0.4607843137254901,1.0762331838565022,-0.01250593049157723,2.089946584334368,86.91005341566563,False
938,WINNERS_20D,CONSENSUS,20,Secondary: Breakdown + 50D Support + Reversal: 50D Support + Volume + Reversal: 50D Support + Hammer + Reversal: Bull Engulf + Support,4,3,25,0.6,0.03339497115863601,0.01344860710854956,1.5222346104815756,-0.4607843137254901,1.0762331838565022,-0.01005662103710842,2.002161383285304,86.9978386167147,False
939,WINNERS_20D,AND,20,Reversal: 50D Support + Bull Engulf + Reversal: 50D Support + RSI + Higher Low,2,2,20,0.65,0.03837851309475507,0.020761060038282042,1.8352989688004544,-0.3311688311688312,0.4585987261146496,0.016261659777918516,1.9439248966687779,87.05607510333122,False
940,WINNERS_20D,AND,20,Reversal: 50D Support + Bull Engulf + Reversal: 50D Support + Higher Low + Reversal: 50D Support + RSI + Higher Low,3,3,20,0.65,0.03837851309475507,0.020761060038282042,1.8352989688004544,-0.3311688311688312,0.4585987261146496,0.016261659777918516,1.9439248966687779,87.05607510333122,False
941,WINNERS_20D,CONSENSUS,20,Reversal: 50D Support + Bull Engulf + Secondary: Breakdown + 50D Support + Reversal: 50D Support + RSI + Higher Low,3,2,20,0.65,0.03837851309475507,0.020761060038282042,1.8352989688004544,-0.3311688311688312,0.4585987261146496,0.016261659777918516,1.9439248966687779,87.05607510333122,False
942,WINNERS_20D,CONSENSUS,20,Reversal: 50D Support + Bull Engulf + Reversal: 50D Support + Higher Low + Secondary: Breakdown + 50D Support + Reversal: 50D Support + RSI + Higher Low,4,3,20,0.65,0.03837851309475507,0.020761060038282042,1.8352989688004544,-0.3311688311688312,0.4585987261146496,0.016261659777918516,1.9439248966687779,87.05607510333122,False
943,CROSS_10D_20D,AND,20,10D:Reversal: 50D Support + Bull Engulf + 20D:Reversal: 50D Support + RSI + Higher Low,2,2,20,0.65,0.03837851309475507,0.020761060038282042,1.8352989688004544,-0.3311688311688312,0.4585987261146496,0.016261659777918516,1.9439248966687779,87.05607510333122,False
944,CROSS_10D_20D,AND,20,10D:Reversal: 50D Support + RSI + Higher Low + 20D:Reversal: 50D Support + Bull Engulf,2,2,20,0.65,0.03837851309475507,0.020761060038282042,1.8352989688004544,-0.3311688311688312,0.4585987261146496,0.016261659777918516,1.9439248966687779,87.05607510333122,False
945,WINNERS_10D,AND,10,Reversal: 50D Support + Bull Engulf + Reversal: 50D Support + RSI + Higher Low,2,2,22,0.6363636363636364,0.02476131938216808,0.01167076831543945,1.7561912259081394,-0.27922077922077915,0.31847133757961776,0.01077512803943238,1.910357289855385,87.08964271014462,False
946,WINNERS_10D,AND,10,Reversal: 50D Support + Bull Engulf + Reversal: 50D Support + Higher Low + Reversal: 50D Support + RSI + Higher Low,3,3,22,0.6363636363636364,0.02476131938216808,0.01167076831543945,1.7561912259081394,-0.27922077922077915,0.31847133757961776,0.01077512803943238,1.910357289855385,87.08964271014462,False
947,WINNERS_10D,AND,10,Reversal: 50D Support + Bull Engulf + Reversal: 50D Support + Higher Low + Reversal: 50D Support + RSI,3,3,22,0.6363636363636364,0.02476131938216808,0.01167076831543945,1.7561912259081394,-0.27922077922077915,0.31847133757961776,0.01077512803943238,1.910357289855385,87.08964271014462,False
948,WINNERS_10D,CONSENSUS,10,Reversal: 50D Support + Bull Engulf + Secondary: Breakdown + 50D Support + Reversal: 50D Support + RSI + Higher Low,3,2,22,0.6363636363636364,0.02476131938216808,0.01167076831543945,1.7561912259081394,-0.27922077922077915,0.31847133757961776,0.01077512803943238,1.910357289855385,87.08964271014462,False
949,WINNERS_10D,AND,10,Reversal: 50D Support + Bull Engulf + Reversal: 50D Support + RSI + Higher Low + Reversal: 50D Support + RSI,3,3,22,0.6363636363636364,0.02476131938216808,0.01167076831543945,1.7561912259081394,-0.27922077922077915,0.31847133757961776,0.01077512803943238,1.910357289855385,87.08964271014462,False
950,WINNERS_10D,CONSENSUS,10,Reversal: 50D Support + Bull Engulf + Reversal: 50D Support + Higher Low + Secondary: Breakdown + 50D Support + Reversal: 50D Support + RSI + Higher Low,4,3,22,0.6363636363636364,0.02476131938216808,0.01167076831543945,1.7561912259081394,-0.27922077922077915,0.31847133757961776,0.01077512803943238,1.910357289855385,87.08964271014462,False
951,WINNERS_10D,CONSENSUS,10,Reversal: 50D Support + Bull Engulf + Reversal: 50D Support + Higher Low + Secondary: Breakdown + 50D Support + Reversal: 50D Support + RSI,4,3,22,0.6363636363636364,0.02476131938216808,0.01167076831543945,1.7561912259081394,-0.27922077922077915,0.31847133757961776,0.01077512803943238,1.910357289855385,87.08964271014462,False
952,WINNERS_10D,AND,10,Reversal: 50D Support + Bull Engulf + Reversal: 50D Support + Higher Low + Reversal: 50D Support + RSI + Higher Low + Reversal: 50D Support + RSI,4,4,22,0.6363636363636364,0.02476131938216808,0.01167076831543945,1.7561912259081394,-0.27922077922077915,0.31847133757961776,0.01077512803943238,1.910357289855385,87.08964271014462,False
953,WINNERS_10D,CONSENSUS,10,Reversal: 50D Support + Bull Engulf + Secondary: Breakdown + 50D Support + Reversal: 50D Support + RSI + Higher Low + Reversal: 50D Support + RSI,4,3,22,0.6363636363636364,0.02476131938216808,0.01167076831543945,1.7561912259081394,-0.27922077922077915,0.31847133757961776,0.01077512803943238,1.910357289855385,87.08964271014462,False
954,CROSS_10D_20D,AND,10,10D:Reversal: 50D Support + Bull Engulf + 20D:Reversal: 50D Support + RSI + Higher Low,2,2,22,0.6363636363636364,0.02476131938216808,0.01167076831543945,1.7561912259081394,-0.27922077922077915,0.31847133757961776,0.01077512803943238,1.910357289855385,87.08964271014462,False
955,CROSS_10D_20D,AND,10,10D:Reversal: 50D Support + RSI + Higher Low + 20D:Reversal: 50D Support + Bull Engulf,2,2,22,0.6363636363636364,0.02476131938216808,0.01167076831543945,1.7561912259081394,-0.27922077922077915,0.31847133757961776,0.01077512803943238,1.910357289855385,87.08964271014462,False
956,WINNERS_10D,AND,10,Reversal: 50D Support + Hammer + Reversal: Bottom Reclaim + Support + Reversal: 50D Support + Volume,3,3,60,0.5166666666666667,0.0006925707406820081,0.0015643203020037078,1.014111143641099,-0.6267018006148442,0.4204325371207229,-0.00642166597762377,1.7927264683388535,87.20727353166114,False
957,WINNERS_20D,CONSENSUS,20,Reversal: 50D Support + Bull Engulf + Reversal: 50D Support + Hammer + Reversal: Bull Engulf + Support + Reversal: 50D Support + RSI + Higher Low,4,3,17,0.6470588235294118,0.045481145244165105,0.01344860710854956,3.8868895766804266,-0.10222095671981768,0.4585987261146496,0.045481145244165105,1.616469740634007,87.383530259366,False
958,WINNERS_10D,CONSENSUS,10,Reversal: 50D Support + Bull Engulf + Reversal: 50D Support + RSI + Higher Low + Reversal: 50D Support + Hammer + Reversal: Bottom Reclaim + Support,4,3,16,0.6875,0.05787281549671613,0.040003009133798395,3.71342274003879,-0.13183371298405466,0.31847133757961776,0.05787281549671613,1.6,87.4,False
959,WINNERS_10D,AND,10,Reversal: 50D Support + Hammer + Reversal: Bottom Reclaim + Support + Reversal: 50D Support + Volume + Reversal: 50D Support + RSI,4,4,21,0.5714285714285714,0.023705709733889756,0.010590015128592922,1.499838956331812,-0.3287292817679558,0.4204325371207229,0.003869368364548098,1.5976789247331051,87.4023210752669,False
960,WINNERS_20D,AND,20,Secondary: Breakdown + 50D Support + Reversal: 50D Support + Volume + Reversal: 50D Support + Hammer,3,3,23,0.5652173913043478,0.034765721451804586,0.006404391582799596,1.5001769242772667,-0.4607843137254901,1.0762331838565022,-0.012573708657499839,1.5871424214699594,87.41285757853004,False
961,CROSS_10D_20D,AND,20,10D:Reversal: 50D Support + RSI + 20D:Reversal: Bull Engulf + Support,2,2,17,0.6470588235294118,0.015301862517251153,0.01510204081632649,1.4495875527305162,-0.20422535211267612,0.4585987261146496,0.015301862517251153,1.483497903570031,87.51650209642997,False
962,WINNERS_10D,AND,10,Reversal: 50D Support + Bull Engulf + Reversal: 50D Support + Hammer,2,2,16,0.625,0.06973526930688927,0.00753884912221936,11.105722980655194,-0.060691144708423406,0.7375886524822697,0.06973526930688927,1.4504661894666322,87.54953381053336,False
963,CROSS_10D_20D,AND,10,10D:Reversal: 50D Support + Bull Engulf + 20D:Reversal: 50D Support + Hammer,2,2,16,0.625,0.06973526930688927,0.00753884912221936,11.105722980655194,-0.060691144708423406,0.7375886524822697,0.06973526930688927,1.4504661894666322,87.54953381053336,False
964,CROSS_10D_20D,AND,10,10D:Reversal: 50D Support + Hammer + 20D:Reversal: 50D Support + Bull Engulf,2,2,16,0.625,0.06973526930688927,0.00753884912221936,11.105722980655194,-0.060691144708423406,0.7375886524822697,0.06973526930688927,1.4504661894666322,87.54953381053336,False
965,WINNERS_10D,AND,10,Reversal: 50D Support + RSI + Higher Low + Reversal: 50D Support + Hammer,2,2,14,0.7142857142857143,0.07149043307650582,0.04064607182060531,9.006597591639991,-0.07593023255813969,0.3784461152882206,0.07149043307650582,1.4000000000000001,87.6,False
966,WINNERS_10D,AND,10,Reversal: 50D Support + Higher Low + Reversal: 50D Support + RSI + Higher Low + Reversal: 50D Support + Hammer,3,3,14,0.7142857142857143,0.07149043307650582,0.04064607182060531,9.006597591639991,-0.07593023255813969,0.3784461152882206,0.07149043307650582,1.4000000000000001,87.6,False
967,WINNERS_10D,AND,10,Reversal: 50D Support + Higher Low + Reversal: 50D Support + Hammer + Reversal: 50D Support + RSI,3,3,14,0.7142857142857143,0.07149043307650582,0.04064607182060531,9.006597591639991,-0.07593023255813969,0.3784461152882206,0.07149043307650582,1.4000000000000001,87.6,False
968,WINNERS_10D,AND,10,Reversal: 50D Support + RSI + Higher Low + Reversal: 50D Support + Hammer + Reversal: 50D Support + RSI,3,3,14,0.7142857142857143,0.07149043307650582,0.04064607182060531,9.006597591639991,-0.07593023255813969,0.3784461152882206,0.07149043307650582,1.4000000000000001,87.6,False
969,WINNERS_10D,CONSENSUS,10,Reversal: 50D Support + Higher Low + Secondary: Breakdown + 50D Support + Reversal: 50D Support + RSI + Higher Low + Reversal: 50D Support + Hammer,4,3,14,0.7142857142857143,0.07149043307650582,0.04064607182060531,9.006597591639991,-0.07593023255813969,0.3784461152882206,0.07149043307650582,1.4000000000000001,87.6,False
970,WINNERS_10D,AND,10,Reversal: 50D Support + Higher Low + Reversal: 50D Support + RSI + Higher Low + Reversal: 50D Support + Hammer + Reversal: 50D Support + RSI,4,4,14,0.7142857142857143,0.07149043307650582,0.04064607182060531,9.006597591639991,-0.07593023255813969,0.3784461152882206,0.07149043307650582,1.4000000000000001,87.6,False
971,CROSS_10D_20D,AND,10,10D:Reversal: 50D Support + RSI + Higher Low + 20D:Reversal: 50D Support + Hammer,2,2,14,0.7142857142857143,0.07149043307650582,0.04064607182060531,9.006597591639991,-0.07593023255813969,0.3784461152882206,0.07149043307650582,1.4000000000000001,87.6,False
972,CROSS_10D_20D,AND,10,10D:Reversal: 50D Support + Hammer + 20D:Reversal: 50D Support + RSI + Higher Low,2,2,14,0.7142857142857143,0.07149043307650582,0.04064607182060531,9.006597591639991,-0.07593023255813969,0.3784461152882206,0.07149043307650582,1.4000000000000001,87.6,False
973,WINNERS_10D,CONSENSUS,10,Secondary: Breakdown + 50D Support + Reversal: 50D Support + Hammer + Reversal: Bottom Reclaim + Support + Reversal: 50D Support + RSI,4,3,83,0.46987951807228917,-0.01610388818400351,-0.009478672985781977,0.789091946029799,-0.6112484548825712,0.6796875,-0.024589149015515753,1.3665771920078889,87.6334228079921,False
974,WINNERS_10D,AND,10,Reversal: 50D Support + Bull Engulf + Reversal: Bottom Reclaim + Support + Reversal: 50D Support + RSI,3,3,22,0.5454545454545454,0.014191655382985901,0.010747808184101482,1.3761316099863448,-0.16901408450704225,0.31847133757961776,-0.00029785329304418814,1.3441368437916903,87.65586315620831,False
975,WINNERS_10D,CONSENSUS,10,Reversal: 50D Support + Bull Engulf + Secondary: Breakdown + 50D Support + Reversal: Bottom Reclaim + Support + Reversal: 50D Support + RSI,4,3,22,0.5454545454545454,0.014191655382985901,0.010747808184101482,1.3761316099863448,-0.16901408450704225,0.31847133757961776,-0.00029785329304418814,1.3441368437916903,87.65586315620831,False
976,WINNERS_20D,CONSENSUS,20,Reversal: 50D Support + Bull Engulf + Reversal: Bottom Reclaim + Support + Reversal: 50D Support + Hammer + Reversal: 50D Support + RSI + Higher Low,4,3,13,0.6153846153846154,0.07668440245238617,0.06518071219252297,2.4945968455143768,-0.24,0.4585987261146496,0.07668440245238617,1.3,87.7,False
977,WINNERS_20D,AND,20,Reversal: 50D Support + Bull Engulf + Reversal: 50D Support + Hammer,2,2,14,0.5714285714285714,0.09540460273645894,0.008645047589859067,5.629943868706398,-0.2190004714757191,1.021276595744681,0.09540460273645894,1.2141063330268536,87.78589366697315,False
978,CROSS_10D_20D,AND,20,10D:Reversal: 50D Support + Bull Engulf + 20D:Reversal: 50D Support + Hammer,2,2,14,0.5714285714285714,0.09540460273645894,0.008645047589859067,5.629943868706398,-0.2190004714757191,1.021276595744681,0.09540460273645894,1.2141063330268536,87.78589366697315,False
979,CROSS_10D_20D,AND,20,10D:Reversal: 50D Support + Hammer + 20D:Reversal: 50D Support + Bull Engulf,2,2,14,0.5714285714285714,0.09540460273645894,0.008645047589859067,5.629943868706398,-0.2190004714757191,1.021276595744681,0.09540460273645894,1.2141063330268536,87.78589366697315,False
980,WINNERS_20D,CONSENSUS,20,Reversal: Bottom Reclaim + Support + Secondary: Breakdown + 50D Support + Reversal: 50D Support + Volume + Reversal: 50D Support + Hammer,4,3,75,0.4533333333333333,-0.005769184490551753,-0.007246376811594235,0.9255070095119454,-0.5740008783487045,1.0762331838565022,-0.020390838116863305,1.198550428556598,87.8014495714434,False
981,WINNERS_10D,CONSENSUS,10,Reversal: 50D Support + Higher Low + Secondary: Breakdown + 50D Support + Reversal: 50D Support + Hammer + Reversal: 50D Support + RSI,4,3,21,0.47619047619047616,0.025891230860887526,-0.006960556844547439,1.9339703206291499,-0.23333333333333328,0.3784461152882206,0.008263486639520872,1.1668165812391205,87.83318341876088,False
982,WINNERS_10D,CONSENSUS,10,Secondary: Breakdown + 50D Support + Reversal: 50D Support + RSI + Higher Low + Reversal: 50D Support + Hammer + Reversal: 50D Support + RSI,4,3,21,0.47619047619047616,0.025891230860887526,-0.006960556844547439,1.9339703206291499,-0.23333333333333328,0.3784461152882206,0.008263486639520872,1.1668165812391205,87.83318341876088,False
983,WINNERS_10D,CONSENSUS,10,Reversal: 50D Support + Bull Engulf + Reversal: 50D Support + RSI + Higher Low + Reversal: 50D Support + Hammer + Reversal: 50D Support + Volume,4,3,12,0.6666666666666666,0.04104540700775058,0.01236109810224062,5.8359471745697995,-0.060691144708423406,0.31847133757961776,0.04104540700775058,1.1312498829201656,87.86875011707984,False
984,WINNERS_20D,CONSENSUS,20,Reversal: Bottom Reclaim + Support + Reversal: 50D Support + Hammer + Reversal: Bull Engulf + Support + Reversal: 50D Support + RSI + Higher Low,4,3,11,0.6363636363636364,0.09778875464933795,0.06518071219252297,3.401061625738889,-0.24,0.4585987261146496,0.09778875464933795,1.0999999999999999,87.9,False
985,WINNERS_20D,CONSENSUS,20,Reversal: 50D Support + Bull Engulf + Reversal: 50D Support + Volume + Reversal: 50D Support + Hammer + Reversal: 50D Support + RSI + Higher Low,4,3,11,0.8181818181818182,0.09460507808608211,0.026420079260237594,5.450277745094448,-0.2190004714757191,0.4585987261146496,0.09460507808608211,1.0999999999999999,87.9,False
986,WINNERS_20D,AND,20,Reversal: 50D Support + Hammer + Reversal: 50D Support + RSI + Higher Low,2,2,11,0.7272727272727273,0.05014013948228307,0.07619047619047614,1.6995337544846545,-0.32162458836443464,0.4031971580817053,0.05014013948228307,1.0999999999999999,87.9,False
987,WINNERS_20D,AND,20,Reversal: 50D Support + Higher Low + Reversal: 50D Support + Hammer + Reversal: 50D Support + RSI + Higher Low,3,3,11,0.7272727272727273,0.05014013948228307,0.07619047619047614,1.6995337544846545,-0.32162458836443464,0.4031971580817053,0.05014013948228307,1.0999999999999999,87.9,False
988,WINNERS_20D,CONSENSUS,20,Reversal: 50D Support + Higher Low + Secondary: Breakdown + 50D Support + Reversal: 50D Support + Hammer + Reversal: 50D Support + RSI + Higher Low,4,3,11,0.7272727272727273,0.05014013948228307,0.07619047619047614,1.6995337544846545,-0.32162458836443464,0.4031971580817053,0.05014013948228307,1.0999999999999999,87.9,False
989,CROSS_10D_20D,AND,20,10D:Reversal: 50D Support + RSI + Higher Low + 20D:Reversal: 50D Support + Hammer,2,2,11,0.7272727272727273,0.05014013948228307,0.07619047619047614,1.6995337544846545,-0.32162458836443464,0.4031971580817053,0.05014013948228307,1.0999999999999999,87.9,False
990,CROSS_10D_20D,AND,20,10D:Reversal: 50D Support + Hammer + 20D:Reversal: 50D Support + RSI + Higher Low,2,2,11,0.7272727272727273,0.05014013948228307,0.07619047619047614,1.6995337544846545,-0.32162458836443464,0.4031971580817053,0.05014013948228307,1.0999999999999999,87.9,False
991,WINNERS_10D,AND,10,Reversal: 50D Support + Bull Engulf + Reversal: 50D Support + Volume + Reversal: 50D Support + RSI,3,3,11,0.6363636363636364,0.04107396433312676,0.018965517241379404,4.893808002126557,-0.06299212598425208,0.31847133757961776,0.04107396433312676,1.09146551724138,87.90853448275863,False
992,WINNERS_20D,AND,20,Reversal: 50D Support + Higher Low + Reversal: Bottom Reclaim + Support + Reversal: Bull Engulf + Support,3,3,31,0.4838709677419355,0.0058245259365701345,-0.005964214711729698,1.2052829856860425,-0.1262295081967213,0.4585987261146496,-0.00926794740269918,0.9782898466381295,88.02171015336187,False
993,WINNERS_20D,AND,20,Reversal: 50D Support + Bull Engulf + Reversal: 50D Support + Higher Low + Reversal: Bottom Reclaim + Support + Reversal: Bull Engulf + Support,4,4,31,0.4838709677419355,0.0058245259365701345,-0.005964214711729698,1.2052829856860425,-0.1262295081967213,0.4585987261146496,-0.00926794740269918,0.9782898466381295,88.02171015336187,False
994,WINNERS_20D,CONSENSUS,20,Reversal: 50D Support + Higher Low + Reversal: Bottom Reclaim + Support + Secondary: Breakdown + 50D Support + Reversal: Bull Engulf + Support,4,3,31,0.4838709677419355,0.0058245259365701345,-0.005964214711729698,1.2052829856860425,-0.1262295081967213,0.4585987261146496,-0.00926794740269918,0.9782898466381295,88.02171015336187,False
995,WINNERS_20D,CONSENSUS,20,Reversal: Bottom Reclaim + Support + Reversal: 50D Support + Volume + Reversal: 50D Support + Hammer + Reversal: Bull Engulf + Support,4,3,69,0.43478260869565216,-0.010124713472791239,-0.009448035803082955,0.8504517259916651,-0.5740008783487045,0.4585987261146496,-0.017017705231430074,0.9780194848904148,88.02198051510959,False
996,WINNERS_20D,AND,20,Reversal: 50D Support + Higher Low + Reversal: 50D Support + Volume + Reversal: Bull Engulf + Support,3,3,47,0.48936170212765956,-0.004092184223897134,0.0,0.8385763104471863,-0.5445829338446788,0.4585987261146496,-0.014150682274735106,0.9652181098502958,88.0347818901497,False
997,WINNERS_20D,AND,20,Reversal: 50D Support + Bull Engulf + Reversal: 50D Support + Higher Low + Reversal: 50D Support + Volume + Reversal: Bull Engulf + Support,4,4,47,0.48936170212765956,-0.004092184223897134,0.0,0.8385763104471863,-0.5445829338446788,0.4585987261146496,-0.014150682274735106,0.9652181098502958,88.0347818901497,False
998,WINNERS_20D,CONSENSUS,20,Reversal: 50D Support + Higher Low + Secondary: Breakdown + 50D Support + Reversal: 50D Support + Volume + Reversal: Bull Engulf + Support,4,3,47,0.48936170212765956,-0.004092184223897134,0.0,0.8385763104471863,-0.5445829338446788,0.4585987261146496,-0.014150682274735106,0.9652181098502958,88.0347818901497,False
999,CROSS_10D_20D,AND,10,10D:Reversal: 50D Support + Hammer + 20D:Reversal: Bull Engulf + Support,2,2,10,0.7,0.02507107482257236,0.00753884912221936,11.870161267078554,-0.017133956386292892,0.09868421052631571,0.02507107482257236,0.9065413684166451,88.09345863158336,False
1000,WINNERS_10D,AND,10,Reversal: 50D Support + Bull Engulf + Reversal: 50D Support + RSI + Higher Low + Reversal: Bottom Reclaim + Support,3,3,9,0.6666666666666666,0.04056153361197227,0.01359223300970891,2.4797479323061866,-0.13183371298405466,0.31847133757961776,0.04056153361197227,0.856747572815535,88.14325242718446,False
1001,WINNERS_10D,AND,10,Reversal: 50D Support + Bull Engulf + Reversal: 50D Support + Higher Low + Reversal: 50D Support + RSI + Higher Low + Reversal: Bottom Reclaim + Support,4,4,9,0.6666666666666666,0.04056153361197227,0.01359223300970891,2.4797479323061866,-0.13183371298405466,0.31847133757961776,0.04056153361197227,0.856747572815535,88.14325242718446,False
1002,WINNERS_10D,AND,10,Reversal: 50D Support + Bull Engulf + Reversal: 50D Support + Higher Low + Reversal: Bottom Reclaim + Support + Reversal: 50D Support + RSI,4,4,9,0.6666666666666666,0.04056153361197227,0.01359223300970891,2.4797479323061866,-0.13183371298405466,0.31847133757961776,0.04056153361197227,0.856747572815535,88.14325242718446,False
1003,WINNERS_10D,CONSENSUS,10,Reversal: 50D Support + Bull Engulf + Secondary: Breakdown + 50D Support + Reversal: 50D Support + RSI + Higher Low + Reversal: Bottom Reclaim + Support,4,3,9,0.6666666666666666,0.04056153361197227,0.01359223300970891,2.4797479323061866,-0.13183371298405466,0.31847133757961776,0.04056153361197227,0.856747572815535,88.14325242718446,False
1004,WINNERS_10D,AND,10,Reversal: 50D Support + Bull Engulf + Reversal: 50D Support + RSI + Higher Low + Reversal: Bottom Reclaim + Support + Reversal: 50D Support + RSI,4,4,9,0.6666666666666666,0.04056153361197227,0.01359223300970891,2.4797479323061866,-0.13183371298405466,0.31847133757961776,0.04056153361197227,0.856747572815535,88.14325242718446,False
1005,WINNERS_20D,AND,20,Reversal: 50D Support + Hammer + Reversal: Bull Engulf + Support,2,2,9,0.6666666666666666,0.04531583166947331,0.01344860710854956,7.817359658673416,-0.044247787610619316,0.18279569892473124,0.04531583166947331,0.8557780979827094,88.14422190201729,False
1006,WINNERS_20D,AND,20,Reversal: 50D Support + Bull Engulf + Reversal: 50D Support + Hammer + Reversal: Bull Engulf + Support,3,3,9,0.6666666666666666,0.04531583166947331,0.01344860710854956,7.817359658673416,-0.044247787610619316,0.18279569892473124,0.04531583166947331,0.8557780979827094,88.14422190201729,False
1007,WINNERS_20D,CONSENSUS,20,Reversal: 50D Support + Bull Engulf + Secondary: Breakdown + 50D Support + Reversal: 50D Support + Hammer + Reversal: Bull Engulf + Support,4,3,9,0.6666666666666666,0.04531583166947331,0.01344860710854956,7.817359658673416,-0.044247787610619316,0.18279569892473124,0.04531583166947331,0.8557780979827094,88.14422190201729,False
1008,CROSS_10D_20D,AND,20,10D:Reversal: 50D Support + Hammer + 20D:Reversal: Bull Engulf + Support,2,2,9,0.6666666666666666,0.04531583166947331,0.01344860710854956,7.817359658673416,-0.044247787610619316,0.18279569892473124,0.04531583166947331,0.8557780979827094,88.14422190201729,False
1009,WINNERS_20D,AND,20,Reversal: Bottom Reclaim + Support + Reversal: 50D Support + Volume + Reversal: Bull Engulf + Support,3,3,14,0.42857142857142855,0.0270261946794438,-0.010655216003558066,1.8196082004595906,-0.2666666666666666,0.4585987261146496,0.0270261946794438,0.8400000000000001,88.16,False
1010,WINNERS_20D,AND,20,Reversal: 50D Support + Bull Engulf + Reversal: Bottom Reclaim + Support + Reversal: 50D Support + Volume + Reversal: Bull Engulf + Support,4,4,14,0.42857142857142855,0.0270261946794438,-0.010655216003558066,1.8196082004595906,-0.2666666666666666,0.4585987261146496,0.0270261946794438,0.8400000000000001,88.16,False
1011,WINNERS_20D,CONSENSUS,20,Reversal: Bottom Reclaim + Support + Secondary: Breakdown + 50D Support + Reversal: 50D Support + Volume + Reversal: Bull Engulf + Support,4,3,14,0.42857142857142855,0.0270261946794438,-0.010655216003558066,1.8196082004595906,-0.2666666666666666,0.4585987261146496,0.0270261946794438,0.8400000000000001,88.16,False
1012,WINNERS_20D,AND,20,Reversal: 50D Support + Bull Engulf + Reversal: 50D Support + Higher Low + Reversal: Bottom Reclaim + Support + Reversal: 50D Support + Volume,4,4,9,0.5555555555555556,0.1220450167311345,0.04630321135175497,7.32336721052845,-0.08696170821901461,0.534375,0.1220450167311345,0.8333333333333333,88.16666666666667,False
1013,WINNERS_20D,AND,20,Reversal: Bull Engulf + Support + Reversal: 50D Support + RSI + Higher Low,2,2,8,0.625,0.04566712301569338,0.011568877551020429,2.756425371729391,-0.10222095671981768,0.4585987261146496,0.04566712301569338,0.7494132653061226,88.25058673469388,False
1014,WINNERS_20D,AND,20,Reversal: 50D Support + Bull Engulf + Reversal: Bull Engulf + Support + Reversal: 50D Support + RSI + Higher Low,3,3,8,0.625,0.04566712301569338,0.011568877551020429,2.756425371729391,-0.10222095671981768,0.4585987261146496,0.04566712301569338,0.7494132653061226,88.25058673469388,False
1015,WINNERS_20D,AND,20,Reversal: 50D Support + Higher Low + Reversal: Bull Engulf + Support + Reversal: 50D Support + RSI + Higher Low,3,3,8,0.625,0.04566712301569338,0.011568877551020429,2.756425371729391,-0.10222095671981768,0.4585987261146496,0.04566712301569338,0.7494132653061226,88.25058673469388,False
1016,WINNERS_20D,CONSENSUS,20,Secondary: Breakdown + 50D Support + Reversal: Bull Engulf + Support + Reversal: 50D Support + RSI + Higher Low,3,2,8,0.625,0.04566712301569338,0.011568877551020429,2.756425371729391,-0.10222095671981768,0.4585987261146496,0.04566712301569338,0.7494132653061226,88.25058673469388,False
1017,WINNERS_20D,AND,20,Reversal: 50D Support + Bull Engulf + Reversal: 50D Support + Higher Low + Reversal: Bull Engulf + Support + Reversal: 50D Support + RSI + Higher Low,4,4,8,0.625,0.04566712301569338,0.011568877551020429,2.756425371729391,-0.10222095671981768,0.4585987261146496,0.04566712301569338,0.7494132653061226,88.25058673469388,False
1018,WINNERS_20D,CONSENSUS,20,Reversal: 50D Support + Bull Engulf + Secondary: Breakdown + 50D Support + Reversal: Bull Engulf + Support + Reversal: 50D Support + RSI + Higher Low,4,3,8,0.625,0.04566712301569338,0.011568877551020429,2.756425371729391,-0.10222095671981768,0.4585987261146496,0.04566712301569338,0.7494132653061226,88.25058673469388,False
1019,WINNERS_20D,CONSENSUS,20,Reversal: 50D Support + Higher Low + Secondary: Breakdown + 50D Support + Reversal: Bull Engulf + Support + Reversal: 50D Support + RSI + Higher Low,4,3,8,0.625,0.04566712301569338,0.011568877551020429,2.756425371729391,-0.10222095671981768,0.4585987261146496,0.04566712301569338,0.7494132653061226,88.25058673469388,False
1020,CROSS_10D_20D,AND,20,10D:Reversal: 50D Support + RSI + Higher Low + 20D:Reversal: Bull Engulf + Support,2,2,8,0.625,0.04566712301569338,0.011568877551020429,2.756425371729391,-0.10222095671981768,0.4585987261146496,0.04566712301569338,0.7494132653061226,88.25058673469388,False
1021,CROSS_10D_20D,AND,10,10D:Reversal: 50D Support + RSI + Higher Low + 20D:Reversal: Bull Engulf + Support,2,2,8,0.625,0.016652506242930062,0.004844548822104278,1.5400083277898404,-0.13183371298405466,0.31847133757961776,0.016652506242930062,0.6622023803336465,88.33779761966635,False
1022,WINNERS_20D,AND,20,Reversal: 50D Support + Bull Engulf + Reversal: Bottom Reclaim + Support + Reversal: 50D Support + RSI + Higher Low,3,3,7,0.5714285714285714,0.06730037039908816,0.01510204081632649,3.264913169551582,-0.10222095671981768,0.4585987261146496,0.06730037039908816,0.6409523809523807,88.35904761904762,False
1023,WINNERS_20D,AND,20,Reversal: 50D Support + Bull Engulf + Reversal: 50D Support + Higher Low + Reversal: Bottom Reclaim + Support + Reversal: 50D Support + RSI + Higher Low,4,4,7,0.5714285714285714,0.06730037039908816,0.01510204081632649,3.264913169551582,-0.10222095671981768,0.4585987261146496,0.06730037039908816,0.6409523809523807,88.35904761904762,False
1024,WINNERS_20D,CONSENSUS,20,Reversal: 50D Support + Bull Engulf + Reversal: Bottom Reclaim + Support + Secondary: Breakdown + 50D Support + Reversal: 50D Support + RSI + Higher Low,4,3,7,0.5714285714285714,0.06730037039908816,0.01510204081632649,3.264913169551582,-0.10222095671981768,0.4585987261146496,0.06730037039908816,0.6409523809523807,88.35904761904762,False
1025,WINNERS_20D,AND,20,Reversal: Bottom Reclaim + Support + Reversal: 50D Support + Volume + Reversal: 50D Support + Hammer,3,3,52,0.40384615384615385,-0.023698085195824756,-0.02246767254769899,0.7072776559711359,-0.5740008783487045,0.38042857142857156,-0.0316221372864992,0.6129739685083178,88.38702603149169,False
1026,WINNERS_20D,CONSENSUS,20,Reversal: 50D Support + Volume + Reversal: 50D Support + Hammer + Reversal: Bull Engulf + Support + Reversal: 50D Support + RSI + Higher Low,4,3,6,1.0,0.1315000656989728,0.02926206465481418,,0.01344860710854956,0.4585987261146496,0.1315000656989728,0.6,88.4,False
1027,CROSS_10D_20D,AND,10,10D:Reversal: 50D Support + RSI + 20D:Reversal: Bull Engulf + Support,2,2,19,0.5263157894736842,-0.0014898993710708078,0.0017857142857145014,0.9607636776973414,-0.16901408450704225,0.31847133757961776,-0.0014898993710708078,0.571354926508923,88.42864507349108,False
1028,WINNERS_10D,AND,10,Reversal: 50D Support + Bull Engulf + Reversal: 50D Support + Higher Low + Reversal: Bottom Reclaim + Support + Reversal: 50D Support + Volume,4,4,9,0.4444444444444444,0.06123616826485583,-0.005411255411255533,5.951965046713573,-0.052859790811598084,0.31847133757961776,0.06123616826485583,0.5399999999999999,88.46,False
1029,WINNERS_20D,AND,20,Reversal: 50D Support + Bull Engulf + Reversal: 50D Support + Volume + Reversal: 50D Support + RSI + Higher Low,3,3,5,0.8,0.16409391160367187,0.026420079260237594,56.287025601852996,-0.0148401826484017,0.4585987261146496,0.16409391160367187,0.5,88.5,False
1030,WINNERS_20D,AND,20,Reversal: 50D Support + Bull Engulf + Reversal: 50D Support + Higher Low + Reversal: 50D Support + Volume + Reversal: 50D Support + RSI + Higher Low,4,4,5,0.8,0.16409391160367187,0.026420079260237594,56.287025601852996,-0.0148401826484017,0.4585987261146496,0.16409391160367187,0.5,88.5,False
1031,WINNERS_20D,CONSENSUS,20,Reversal: 50D Support + Bull Engulf + Secondary: Breakdown + 50D Support + Reversal: 50D Support + Volume + Reversal: 50D Support + RSI + Higher Low,4,3,5,0.8,0.16409391160367187,0.026420079260237594,56.287025601852996,-0.0148401826484017,0.4585987261146496,0.16409391160367187,0.5,88.5,False
1032,WINNERS_10D,AND,10,Reversal: 50D Support + Bull Engulf + Reversal: 50D Support + RSI + Higher Low + Reversal: 50D Support + Volume,3,3,5,0.8,0.09758041827474476,0.0725552050473186,62.05746172048262,-0.007990867579908745,0.31847133757961776,0.09758041827474476,0.5,88.5,False
1033,WINNERS_10D,AND,10,Reversal: 50D Support + Bull Engulf + Reversal: 50D Support + Higher Low + Reversal: 50D Support + RSI + Higher Low + Reversal: 50D Support + Volume,4,4,5,0.8,0.09758041827474476,0.0725552050473186,62.05746172048262,-0.007990867579908745,0.31847133757961776,0.09758041827474476,0.5,88.5,False
1034,WINNERS_10D,AND,10,Reversal: 50D Support + Bull Engulf + Reversal: 50D Support + Higher Low + Reversal: 50D Support + Volume + Reversal: 50D Support + RSI,4,4,5,0.8,0.09758041827474476,0.0725552050473186,62.05746172048262,-0.007990867579908745,0.31847133757961776,0.09758041827474476,0.5,88.5,False
1035,WINNERS_10D,CONSENSUS,10,Reversal: 50D Support + Bull Engulf + Secondary: Breakdown + 50D Support + Reversal: 50D Support + RSI + Higher Low + Reversal: 50D Support + Volume,4,3,5,0.8,0.09758041827474476,0.0725552050473186,62.05746172048262,-0.007990867579908745,0.31847133757961776,0.09758041827474476,0.5,88.5,False
1036,WINNERS_10D,AND,10,Reversal: 50D Support + Bull Engulf + Reversal: 50D Support + RSI + Higher Low + Reversal: 50D Support + Volume + Reversal: 50D Support + RSI,4,4,5,0.8,0.09758041827474476,0.0725552050473186,62.05746172048262,-0.007990867579908745,0.31847133757961776,0.09758041827474476,0.5,88.5,False
1037,WINNERS_10D,AND,10,Reversal: 50D Support + RSI + Higher Low + Reversal: 50D Support + Hammer + Reversal: Bottom Reclaim + Support,3,3,5,0.8,0.0961700651627821,0.08909194745859494,7.332791427258226,-0.07593023255813969,0.2085997794928336,0.0961700651627821,0.5,88.5,False
1038,WINNERS_10D,AND,10,Reversal: 50D Support + Higher Low + Reversal: 50D Support + RSI + Higher Low + Reversal: 50D Support + Hammer + Reversal: Bottom Reclaim + Support,4,4,5,0.8,0.0961700651627821,0.08909194745859494,7.332791427258226,-0.07593023255813969,0.2085997794928336,0.0961700651627821,0.5,88.5,False
1039,WINNERS_10D,AND,10,Reversal: 50D Support + Higher Low + Reversal: 50D Support + Hammer + Reversal: Bottom Reclaim + Support + Reversal: 50D Support + RSI,4,4,5,0.8,0.0961700651627821,0.08909194745859494,7.332791427258226,-0.07593023255813969,0.2085997794928336,0.0961700651627821,0.5,88.5,False
1040,WINNERS_10D,CONSENSUS,10,Secondary: Breakdown + 50D Support + Reversal: 50D Support + RSI + Higher Low + Reversal: 50D Support + Hammer + Reversal: Bottom Reclaim + Support,4,3,5,0.8,0.0961700651627821,0.08909194745859494,7.332791427258226,-0.07593023255813969,0.2085997794928336,0.0961700651627821,0.5,88.5,False
1041,WINNERS_10D,AND,10,Reversal: 50D Support + RSI + Higher Low + Reversal: 50D Support + Hammer + Reversal: Bottom Reclaim + Support + Reversal: 50D Support + RSI,4,4,5,0.8,0.0961700651627821,0.08909194745859494,7.332791427258226,-0.07593023255813969,0.2085997794928336,0.0961700651627821,0.5,88.5,False
1042,WINNERS_10D,AND,10,Reversal: 50D Support + Higher Low + Reversal: 50D Support + Hammer + Reversal: Bottom Reclaim + Support + Reversal: 50D Support + Volume,4,4,5,1.0,0.03968707830214813,0.027448150523839976,,0.0008007968127490273,0.09134615384615374,0.03968707830214813,0.5,88.5,False
1043,WINNERS_20D,AND,20,Reversal: Bottom Reclaim + Support + Reversal: Bull Engulf + Support + Reversal: 50D Support + RSI + Higher Low,3,3,6,0.5,0.05514686509659918,0.003614423088177887,2.5907727479414233,-0.10222095671981768,0.4585987261146496,0.05514686509659918,0.4262649038968005,88.5737350961032,False
1044,WINNERS_20D,AND,20,Reversal: 50D Support + Bull Engulf + Reversal: Bottom Reclaim + Support + Reversal: Bull Engulf + Support + Reversal: 50D Support + RSI + Higher Low,4,4,6,0.5,0.05514686509659918,0.003614423088177887,2.5907727479414233,-0.10222095671981768,0.4585987261146496,0.05514686509659918,0.4262649038968005,88.5737350961032,False
1045,WINNERS_20D,AND,20,Reversal: 50D Support + Higher Low + Reversal: Bottom Reclaim + Support + Reversal: Bull Engulf + Support + Reversal: 50D Support + RSI + Higher Low,4,4,6,0.5,0.05514686509659918,0.003614423088177887,2.5907727479414233,-0.10222095671981768,0.4585987261146496,0.05514686509659918,0.4262649038968005,88.5737350961032,False
1046,WINNERS_20D,CONSENSUS,20,Reversal: Bottom Reclaim + Support + Secondary: Breakdown + 50D Support + Reversal: Bull Engulf + Support + Reversal: 50D Support + RSI + Higher Low,4,3,6,0.5,0.05514686509659918,0.003614423088177887,2.5907727479414233,-0.10222095671981768,0.4585987261146496,0.05514686509659918,0.4262649038968005,88.5737350961032,False
1047,WINNERS_20D,AND,20,Reversal: Bottom Reclaim + Support + Reversal: 50D Support + Hammer + Reversal: 50D Support + RSI + Higher Low,3,3,4,0.75,0.15618233027235956,0.23076608150386646,3.6030388378726594,-0.24,0.4031971580817053,0.15618233027235956,0.4,88.6,False
1048,WINNERS_20D,AND,20,Reversal: 50D Support + Higher Low + Reversal: Bottom Reclaim + Support + Reversal: 50D Support + Hammer + Reversal: 50D Support + RSI + Higher Low,4,4,4,0.75,0.15618233027235956,0.23076608150386646,3.6030388378726594,-0.24,0.4031971580817053,0.15618233027235956,0.4,88.6,False
1049,WINNERS_20D,CONSENSUS,20,Reversal: Bottom Reclaim + Support + Secondary: Breakdown + 50D Support + Reversal: 50D Support + Hammer + Reversal: 50D Support + RSI + Higher Low,4,3,4,0.75,0.15618233027235956,0.23076608150386646,3.6030388378726594,-0.24,0.4031971580817053,0.15618233027235956,0.4,88.6,False
1050,WINNERS_20D,AND,20,Reversal: 50D Support + Higher Low + Reversal: Bottom Reclaim + Support + Reversal: 50D Support + Volume + Reversal: 50D Support + Hammer,4,4,3,0.6666666666666666,0.059736131132178426,0.019310756972111598,3.335960569738556,-0.0767172167707405,0.23661485319516418,0.059736131132178426,0.2984492031872511,88.70155079681275,False
1051,WINNERS_10D,AND,10,Reversal: 50D Support + Bull Engulf + Reversal: Bottom Reclaim + Support + Reversal: 50D Support + Volume + Reversal: 50D Support + RSI,4,4,4,0.5,0.07424942447681965,0.0010172488799244372,7.592495594716353,-0.023508137432188048,0.31847133757961776,0.07424942447681965,0.27638507997310663,88.72361492002689,False
1052,WINNERS_10D,AND,10,Reversal: 50D Support + RSI + Higher Low + Reversal: 50D Support + Hammer + Reversal: 50D Support + Volume,3,3,3,0.6666666666666666,0.018865187383206083,0.0003292723081989024,4.89094489778626,-0.014545454545454528,0.07081174438687388,0.018865187383206083,0.24978309645527944,88.75021690354473,False
1053,WINNERS_10D,AND,10,Reversal: 50D Support + Higher Low + Reversal: 50D Support + RSI + Higher Low + Reversal: 50D Support + Hammer + Reversal: 50D Support + Volume,4,4,3,0.6666666666666666,0.018865187383206083,0.0003292723081989024,4.89094489778626,-0.014545454545454528,0.07081174438687388,0.018865187383206083,0.24978309645527944,88.75021690354473,False
1054,WINNERS_10D,AND,10,Reversal: 50D Support + Higher Low + Reversal: 50D Support + Hammer + Reversal: 50D Support + Volume + Reversal: 50D Support + RSI,4,4,3,0.6666666666666666,0.018865187383206083,0.0003292723081989024,4.89094489778626,-0.014545454545454528,0.07081174438687388,0.018865187383206083,0.24978309645527944,88.75021690354473,False
1055,WINNERS_10D,AND,10,Reversal: 50D Support + RSI + Higher Low + Reversal: 50D Support + Hammer + Reversal: 50D Support + Volume + Reversal: 50D Support + RSI,4,4,3,0.6666666666666666,0.018865187383206083,0.0003292723081989024,4.89094489778626,-0.014545454545454528,0.07081174438687388,0.018865187383206083,0.24978309645527944,88.75021690354473,False
1056,WINNERS_20D,AND,20,Reversal: 50D Support + Higher Low + Reversal: Bottom Reclaim + Support + Reversal: 50D Support + Volume + Reversal: Bull Engulf + Support,4,4,4,0.25,0.09296367477014017,-0.01705796611865973,5.28680465727546,-0.05262809479676944,0.4585987261146496,0.09296367477014017,0.24,88.76,False
1057,WINNERS_20D,AND,20,Reversal: 50D Support + Bull Engulf + Reversal: 50D Support + Volume + Reversal: 50D Support + Hammer,3,3,4,0.75,-0.0121331505790028,0.017631342787197357,0.7783904208562762,-0.2190004714757191,0.1352051835853132,-0.0121331505790028,0.2047867230853438,88.79521327691465,False
1058,WINNERS_20D,AND,20,Reversal: 50D Support + Volume + Reversal: Bull Engulf + Support + Reversal: 50D Support + RSI + Higher Low,3,3,2,1.0,0.2425094026874436,0.2425094026874436,,0.026420079260237594,0.4585987261146496,0.2425094026874436,0.2,88.8,False
1059,WINNERS_20D,AND,20,Reversal: 50D Support + Bull Engulf + Reversal: 50D Support + Volume + Reversal: Bull Engulf + Support + Reversal: 50D Support + RSI + Higher Low,4,4,2,1.0,0.2425094026874436,0.2425094026874436,,0.026420079260237594,0.4585987261146496,0.2425094026874436,0.2,88.8,False
1060,WINNERS_20D,AND,20,Reversal: 50D Support + Higher Low + Reversal: 50D Support + Volume + Reversal: Bull Engulf + Support + Reversal: 50D Support + RSI + Higher Low,4,4,2,1.0,0.2425094026874436,0.2425094026874436,,0.026420079260237594,0.4585987261146496,0.2425094026874436,0.2,88.8,False
1061,WINNERS_20D,CONSENSUS,20,Secondary: Breakdown + 50D Support + Reversal: 50D Support + Volume + Reversal: Bull Engulf + Support + Reversal: 50D Support + RSI + Higher Low,4,3,2,1.0,0.2425094026874436,0.2425094026874436,,0.026420079260237594,0.4585987261146496,0.2425094026874436,0.2,88.8,False
1062,WINNERS_20D,AND,20,Reversal: 50D Support + Volume + Reversal: 50D Support + Hammer + Reversal: 50D Support + RSI + Higher Low,3,3,2,1.0,0.13435945162227747,0.13435945162227747,,0.032104050049390764,0.23661485319516418,0.13435945162227747,0.2,88.8,False
1063,WINNERS_20D,AND,20,Reversal: 50D Support + Higher Low + Reversal: 50D Support + Volume + Reversal: 50D Support + Hammer + Reversal: 50D Support + RSI + Higher Low,4,4,2,1.0,0.13435945162227747,0.13435945162227747,,0.032104050049390764,0.23661485319516418,0.13435945162227747,0.2,88.8,False
1064,WINNERS_20D,AND,20,Reversal: 50D Support + Volume + Reversal: 50D Support + Hammer + Reversal: Bull Engulf + Support,3,3,2,1.0,0.017631342787197357,0.017631342787197357,,0.01344860710854956,0.021814078465845155,0.017631342787197357,0.18815671393598676,88.81184328606402,False
1065,WINNERS_20D,AND,20,Reversal: 50D Support + Bull Engulf + Reversal: 50D Support + Volume + Reversal: 50D Support + Hammer + Reversal: Bull Engulf + Support,4,4,2,1.0,0.017631342787197357,0.017631342787197357,,0.01344860710854956,0.021814078465845155,0.017631342787197357,0.18815671393598676,88.81184328606402,False
1066,WINNERS_10D,AND,10,Reversal: 50D Support + Bull Engulf + Reversal: 50D Support + Hammer + Reversal: Bottom Reclaim + Support,3,3,2,0.5,0.040030459812898544,0.040030459812898544,5.298967355096599,-0.01862329090051862,0.09868421052631571,0.040030459812898544,0.16666666666666669,88.83333333333333,False
1067,WINNERS_10D,CONSENSUS,10,Reversal: 50D Support + Bull Engulf + Secondary: Breakdown + 50D Support + Reversal: 50D Support + Hammer + Reversal: Bottom Reclaim + Support,4,3,2,0.5,0.040030459812898544,0.040030459812898544,5.298967355096599,-0.01862329090051862,0.09868421052631571,0.040030459812898544,0.16666666666666669,88.83333333333333,False
1068,WINNERS_20D,AND,20,Reversal: 50D Support + Bull Engulf + Reversal: Bottom Reclaim + Support + Reversal: 50D Support + Volume + Reversal: 50D Support + RSI + Higher Low,4,4,1,1.0,0.4585987261146496,0.4585987261146496,,0.4585987261146496,0.4585987261146496,0.4585987261146496,0.1,88.9,False
1069,WINNERS_20D,AND,20,Reversal: Bottom Reclaim + Support + Reversal: 50D Support + Volume + Reversal: Bull Engulf + Support + Reversal: 50D Support + RSI + Higher Low,4,4,1,1.0,0.4585987261146496,0.4585987261146496,,0.4585987261146496,0.4585987261146496,0.4585987261146496,0.1,88.9,False
1070,WINNERS_10D,AND,10,Reversal: 50D Support + Bull Engulf + Reversal: 50D Support + RSI + Higher Low + Reversal: Bottom Reclaim + Support + Reversal: 50D Support + Volume,4,4,1,1.0,0.31847133757961776,0.31847133757961776,,0.31847133757961776,0.31847133757961776,0.31847133757961776,0.1,88.9,False
1071,WINNERS_20D,AND,20,Reversal: Bottom Reclaim + Support + Reversal: 50D Support + Volume + Reversal: 50D Support + Hammer + Reversal: 50D Support + RSI + Higher Low,4,4,1,1.0,0.23661485319516418,0.23661485319516418,,0.23661485319516418,0.23661485319516418,0.23661485319516418,0.1,88.9,False
1072,WINNERS_20D,AND,20,Reversal: Bottom Reclaim + Support + Reversal: 50D Support + Hammer + Reversal: Bull Engulf + Support,3,3,1,1.0,0.12006578947368407,0.12006578947368407,,0.12006578947368407,0.12006578947368407,0.12006578947368407,0.1,88.9,False
1073,WINNERS_20D,AND,20,Reversal: 50D Support + Bull Engulf + Reversal: Bottom Reclaim + Support + Reversal: 50D Support + Hammer + Reversal: Bull Engulf + Support,4,4,1,1.0,0.12006578947368407,0.12006578947368407,,0.12006578947368407,0.12006578947368407,0.12006578947368407,0.1,88.9,False
1074,WINNERS_20D,CONSENSUS,20,Reversal: Bottom Reclaim + Support + Secondary: Breakdown + 50D Support + Reversal: 50D Support + Hammer + Reversal: Bull Engulf + Support,4,3,1,1.0,0.12006578947368407,0.12006578947368407,,0.12006578947368407,0.12006578947368407,0.12006578947368407,0.1,88.9,False
1075,WINNERS_10D,AND,10,Reversal: 50D Support + RSI + Higher Low + Reversal: 50D Support + Hammer + Reversal: Bottom Reclaim + Support + Reversal: 50D Support + Volume,4,4,1,1.0,0.07081174438687388,0.07081174438687388,,0.07081174438687388,0.07081174438687388,0.07081174438687388,0.1,88.9,False
1076,WINNERS_10D,AND,10,Reversal: 50D Support + Bull Engulf + Reversal: 50D Support + Hammer + Reversal: 50D Support + Volume,3,3,4,0.5,-0.012988192357583778,-0.006197575089101903,0.344977127663279,-0.060691144708423406,0.0211335254562921,-0.012988192357583778,0.05633180851088526,88.94366819148911,False
1077,WINNERS_20D,AND,20,Reversal: 50D Support + Bull Engulf + Reversal: Bottom Reclaim + Support + Reversal: 50D Support + Hammer,3,3,2,0.5,-0.04946734100101752,-0.04946734100101752,0.5482444337431298,-0.2190004714757191,0.12006578947368407,-0.04946734100101752,0.03494148112477099,88.96505851887522,False
1078,WINNERS_20D,CONSENSUS,20,Reversal: 50D Support + Bull Engulf + Reversal: Bottom Reclaim + Support + Secondary: Breakdown + 50D Support + Reversal: 50D Support + Hammer,4,3,2,0.5,-0.04946734100101752,-0.04946734100101752,0.5482444337431298,-0.2190004714757191,0.12006578947368407,-0.04946734100101752,0.03494148112477099,88.96505851887522,False
1079,WINNERS_20D,AND,20,Reversal: 50D Support + Bull Engulf + Reversal: 50D Support + Higher Low + Reversal: 50D Support + Hammer,3,3,3,0.0,-0.005447047447726468,-0.000764818355640573,0.0,-0.015576323987538832,0.0,-0.005447047447726468,0.0,89.0,False
1080,WINNERS_20D,CONSENSUS,20,Reversal: 50D Support + Bull Engulf + Reversal: 50D Support + Higher Low + Secondary: Breakdown + 50D Support + Reversal: 50D Support + Hammer,4,3,3,0.0,-0.005447047447726468,-0.000764818355640573,0.0,-0.015576323987538832,0.0,-0.005447047447726468,0.0,89.0,False
1081,WINNERS_10D,AND,10,Reversal: 50D Support + Bull Engulf + Reversal: 50D Support + Higher Low + Reversal: 50D Support + Hammer,3,3,4,0.0,-0.0077736792033773205,-0.006792191960602267,0.0,-0.017133956386292892,-0.00037637650601185513,-0.0077736792033773205,0.0,89.0,False
1082,WINNERS_10D,CONSENSUS,10,Reversal: 50D Support + Bull Engulf + Reversal: 50D Support + Higher Low + Secondary: Breakdown + 50D Support + Reversal: 50D Support + Hammer,4,3,4,0.0,-0.0077736792033773205,-0.006792191960602267,0.0,-0.017133956386292892,-0.00037637650601185513,-0.0077736792033773205,0.0,89.0,False
1083,WINNERS_20D,AND,20,Reversal: 50D Support + Higher Low + Reversal: 50D Support + Hammer + Reversal: Bull Engulf + Support,3,3,2,0.0,-0.007788161993769416,-0.007788161993769416,0.0,-0.015576323987538832,0.0,-0.007788161993769416,0.0,89.0,False
1084,WINNERS_20D,AND,20,Reversal: 50D Support + Bull Engulf + Reversal: 50D Support + Higher Low + Reversal: 50D Support + Hammer + Reversal: Bull Engulf + Support,4,4,2,0.0,-0.007788161993769416,-0.007788161993769416,0.0,-0.015576323987538832,0.0,-0.007788161993769416,0.0,89.0,False
1085,WINNERS_20D,CONSENSUS,20,Reversal: 50D Support + Higher Low + Secondary: Breakdown + 50D Support + Reversal: 50D Support + Hammer + Reversal: Bull Engulf + Support,4,3,2,0.0,-0.007788161993769416,-0.007788161993769416,0.0,-0.015576323987538832,0.0,-0.007788161993769416,0.0,89.0,False
1086,WINNERS_10D,AND,10,Reversal: 50D Support + Bull Engulf + Reversal: 50D Support + Hammer + Reversal: Bottom Reclaim + Support + Reversal: 50D Support + Volume,4,4,1,0.0,-0.01862329090051862,-0.01862329090051862,0.0,-0.01862329090051862,-0.01862329090051862,-0.01862329090051862,0.0,89.0,False
1087,WINNERS_10D,AND,10,Secondary: Breakdown + 50D Support + Reversal: 50D Support + Hammer + Reversal: 50D Support + RSI,3,3,7,0.0,-0.06530717357034906,-0.03575883575883576,0.0,-0.23333333333333328,-0.02461662631154149,-0.06530717357034906,0.0,89.0,False
1088,WINNERS_10D,CONSENSUS,10,Reversal: 50D Support + Bull Engulf + Secondary: Breakdown + 50D Support + Reversal: 50D Support + Hammer + Reversal: 50D Support + RSI,4,3,7,0.0,-0.06530717357034906,-0.03575883575883576,0.0,-0.23333333333333328,-0.02461662631154149,-0.06530717357034906,0.0,89.0,False
1089,WINNERS_10D,AND,10,Secondary: Breakdown + 50D Support + Reversal: 50D Support + Hammer + Reversal: 50D Support + Volume + Reversal: 50D Support + RSI,4,4,2,0.0,-0.12897497982243739,-0.12897497982243739,0.0,-0.23333333333333328,-0.02461662631154149,-0.12897497982243739,0.0,89.0,False
1090,WINNERS_20D,AND,20,Reversal: 50D Support + Bull Engulf + Reversal: Bottom Reclaim + Support + Reversal: 50D Support + Volume + Reversal: 50D Support + Hammer,4,4,1,0.0,-0.2190004714757191,-0.2190004714757191,0.0,-0.2190004714757191,-0.2190004714757191,-0.2190004714757191,0.0,89.0,False
