pool,mode,horizon,strategy,components,threshold,signals,win_rate,average_return,median_return,profit_factor,worst_return,best_return,robust_mean,score
WINNERS_20D,AND,20,Reversal: 50D Support + Bull Engulf,1,1,1016,0.6053149606299213,0.022246801073499297,0.006581261475987588,1.7538210714733231,-0.6747559274755928,1.670588235294118,0.014373711811373478,85.71622996552078
WINNERS_20D,AND,20,Reversal: 50D Support + Higher Low,1,1,9954,0.6181434599156118,0.020593900686888725,0.006555598133418328,1.8587188020585457,-0.9030172413793103,6.198935462408517,0.012847370764225388,84.55222667323278
WINNERS_20D,AND,20,Reversal: Bottom Reclaim + Support,1,1,4402,0.5697410268059973,0.03418086279000755,0.015229933564747555,1.5409426957745374,-0.9994049504950495,7.915789473684212,0.010895709858225994,84.55107036822969
WINNERS_20D,AND,20,Secondary: Breakdown + 50D Support,1,1,1781,0.553621560920831,0.02661173789987573,0.01145833333333357,1.5084877662914922,-0.9834088927637314,2.717595146166575,0.014440211974562196,81.69416913439366
WINNERS_20D,AND,20,Reversal: 50D Support + Volume,1,1,4961,0.5837532755492845,0.0174287260140586,0.006115187903046548,1.3912501524622716,-0.9846058534501175,6.810090328266138,0.006000287101885234,71.99504740034271
WINNERS_20D,AND,20,Reversal: 50D Support + Hammer,1,1,1824,0.5641447368421053,0.021458624269261446,0.0035455011018342697,1.5031893474742684,-0.9211320754716981,7.915789473684212,0.0010202906751040114,67.44846663972126
WINNERS_20D,AND,20,Reversal: Bull Engulf + Support,1,1,994,0.5563380281690141,0.009613488649878599,0.002649500413259287,1.3730959912613718,-0.6259314456035767,1.670588235294118,0.0030919289972301785,54.20033359872929
WINNERS_20D,AND,20,Reversal: 50D Support + RSI + Higher Low,1,1,536,0.6492537313432836,0.05537782364640779,0.03262732953602843,2.001975059672249,-0.9030172413793103,6.198935462408517,0.02670142510215032,53.6
WINNERS_20D,AND,20,Reversal: 50D Support + Bull Engulf + Reversal: 50D Support + Higher Low,2,2,680,0.6102941176470589,0.020332478777952405,0.005365059964651975,1.9620646370973522,-0.631116504854369,0.9121212121212121,0.015104794741039373,58.03962589990259
WINNERS_20D,CONSENSUS,20,Reversal: 50D Support + Bull Engulf + Reversal: 50D Support + Higher Low,2,1,10290,0.6173955296404277,0.020774378207867643,0.006616257088846833,1.8405122594603975,-0.9030172413793103,6.198935462408517,0.012861371957399224,84.60822178468453
WINNERS_20D,AND,20,Reversal: 50D Support + Bull Engulf + Reversal: Bottom Reclaim + Support,2,2,193,0.5803108808290155,0.0232287760693633,0.009674234945705962,1.4559085918021122,-0.5652173913043479,1.670588235294118,0.01464877888590104,16.25559555575524
WINNERS_20D,CONSENSUS,20,Reversal: 50D Support + Bull Engulf + Reversal: Bottom Reclaim + Support,2,1,5225,0.576267942583732,0.03226483332266056,0.012593283582089443,1.5651435431786962,-0.9994049504950495,7.915789473684212,0.011298914542976128,83.96380569108786
WINNERS_20D,CONSENSUS,20,Reversal: 50D Support + Bull Engulf + Secondary: Breakdown + 50D Support,2,1,2797,0.5723989989274222,0.025026190593619574,0.008530805687203769,1.5682000328601,-0.9834088927637314,2.717595146166575,0.014322958759005926,82.54015648922763
WINNERS_20D,AND,20,Reversal: 50D Support + Bull Engulf + Reversal: 50D Support + Volume,2,2,148,0.5743243243243243,0.02703701955416645,0.005050908872845095,2.08607395386338,-0.5445829338446788,0.6345467523197716,0.02290430028365213,12.507317551552472
WINNERS_20D,CONSENSUS,20,Reversal: 50D Support + Bull Engulf + Reversal: 50D Support + Volume,2,1,5829,0.5877509006690684,0.018024563519026142,0.006275083612039989,1.4248597145501976,-0.9846058534501175,6.810090328266138,0.007000216129819216,74.68718367943524
WINNERS_20D,AND,20,Reversal: 50D Support + Bull Engulf + Reversal: 50D Support + Hammer,2,2,14,0.5714285714285714,0.09540460273645894,0.008645047589859067,5.629943868706398,-0.2190004714757191,1.021276595744681,0.09540460273645894,1.2141063330268536
WINNERS_20D,CONSENSUS,20,Reversal: 50D Support + Bull Engulf + Reversal: 50D Support + Hammer,2,1,2826,0.5789101203113942,0.021375660339525034,0.004477942810588886,1.5620324860062003,-0.9211320754716981,7.915789473684212,0.005334151815111088,73.84409102117401
WINNERS_20D,AND,20,Reversal: 50D Support + Bull Engulf + Reversal: Bull Engulf + Support,2,2,520,0.6115384615384616,0.011721406758913398,0.003953219512195183,1.5236392434215031,-0.6259314456035767,1.670588235294118,0.00559543387023746,35.8191063337837
WINNERS_20D,CONSENSUS,20,Reversal: 50D Support + Bull Engulf + Reversal: Bull Engulf + Support,2,1,1490,0.5704697986577181,0.017492232277865536,0.004407218761570575,1.5929369351026876,-0.6747559274755928,1.670588235294118,0.009947568300919469,73.33662235101941
WINNERS_20D,AND,20,Reversal: 50D Support + Bull Engulf + Reversal: 50D Support + RSI + Higher Low,2,2,20,0.65,0.03837851309475507,0.020761060038282042,1.8352989688004544,-0.3311688311688312,0.4585987261146496,0.016261659777918516,1.9439248966687779
WINNERS_20D,CONSENSUS,20,Reversal: 50D Support + Bull Engulf + Reversal: 50D Support + RSI + Higher Low,2,1,1532,0.6201044386422977,0.03362773701256838,0.012866527694918806,1.8778034725212662,-0.9030172413793103,6.198935462408517,0.01814880536104429,93.26149979197233
WINNERS_20D,AND,20,Reversal: 50D Support + Higher Low + Reversal: Bottom Reclaim + Support,2,2,1549,0.6197546804389928,0.044483744687459637,0.018099547511312153,2.0610560455684985,-0.9030172413793103,6.198935462408517,0.023982801505427566,98.57466063348411
WINNERS_20D,CONSENSUS,20,Reversal: 50D Support + Higher Low + Reversal: Bottom Reclaim + Support,2,1,12807,0.6013117826188803,0.022374523691577157,0.0068829891838742,1.6340602478724815,-0.9994049504950495,7.915789473684212,0.009938727216658852,82.61628730039979
WINNERS_20D,CONSENSUS,20,Reversal: 50D Support + Higher Low + Secondary: Breakdown + 50D Support,2,1,11735,0.6083510864933959,0.021507217097313083,0.0067542761785566174,1.7603700274479128,-0.9834088927637314,6.198935462408517,0.012747534295542895,84.62635785557464
WINNERS_20D,AND,20,Reversal: 50D Support + Higher Low + Reversal: 50D Support + Volume,2,2,1114,0.6023339317773788,0.019709689790609494,0.004483420005819139,1.9610175404584673,-0.9030172413793103,0.72,0.014350696852330428,83.83527743422168
WINNERS_20D,CONSENSUS,20,Reversal: 50D Support + Higher Low + Reversal: 50D Support + Volume,2,1,13801,0.6070574596043765,0.019527498207832485,0.006628787878787845,1.6168934391240897,-0.9846058534501175,6.810090328266138,0.009981112173495232,81.98492324704479
WINNERS_20D,AND,20,Reversal: 50D Support + Higher Low + Reversal: 50D Support + Hammer,2,2,578,0.5865051903114187,0.012791066376465633,0.0031601966275215387,1.9093715365639996,-0.32162458836443464,0.8898305084745763,0.00799771673049859,39.830191806298856
WINNERS_20D,CONSENSUS,20,Reversal: 50D Support + Higher Low + Reversal: 50D Support + Hammer,2,1,11200,0.6109821428571428,0.02113740908382376,0.006266895135678019,1.767703573061457,-0.9211320754716981,7.915789473684212,0.010886075650452824,82.86472808959813
WINNERS_20D,AND,20,Reversal: 50D Support + Higher Low + Reversal: Bull Engulf + Support,2,2,337,0.5845697329376854,0.0016674179916959428,0.0027728187792002146,1.0975112556862685,-0.6053897978825795,0.4585987261146496,-0.0009808739566039813,14.985438029082262
WINNERS_20D,CONSENSUS,20,Reversal: 50D Support + Higher Low + Reversal: Bull Engulf + Support,2,1,10611,0.6134200358118933,0.020166391036854976,0.006387225548902142,1.8275806429638182,-0.9030172413793103,6.198935462408517,0.012366244504073054,84.06510253973141
WINNERS_20D,AND,20,Reversal: 50D Support + Higher Low + Reversal: 50D Support + RSI + Higher Low,2,2,536,0.6492537313432836,0.05537782364640779,0.03262732953602843,2.001975059672249,-0.9030172413793103,6.198935462408517,0.02670142510215032,53.6
WINNERS_20D,CONSENSUS,20,Reversal: 50D Support + Higher Low + Reversal: 50D Support + RSI + Higher Low,2,1,9954,0.6181434599156118,0.020593900686888725,0.006555598133418328,1.8587188020585457,-0.9030172413793103,6.198935462408517,0.012847370764225388,84.55222667323278
WINNERS_20D,CONSENSUS,20,Reversal: Bottom Reclaim + Support + Secondary: Breakdown + 50D Support,2,1,6183,0.5650978489406437,0.032000592463414516,0.013912310286678053,1.5327967480639368,-0.9994049504950495,7.915789473684212,0.011838653426468584,83.49619760830059
WINNERS_20D,AND,20,Reversal: Bottom Reclaim + Support + Reversal: 50D Support + Volume,2,2,740,0.5662162162162162,0.016055461769075983,0.013864618010351104,1.2396809055563367,-0.9846058534501175,3.0825903331769124,0.004191315943687797,51.52481622213597
WINNERS_20D,CONSENSUS,20,Reversal: Bottom Reclaim + Support + Reversal: 50D Support + Volume,2,1,8623,0.5781050678418184,0.026098460634146087,0.008415458937198084,1.5005767839415503,-0.9994049504950495,7.915789473684212,0.008425307667920948,78.98141959414234
WINNERS_20D,AND,20,Reversal: Bottom Reclaim + Support + Reversal: 50D Support + Hammer,2,2,217,0.4930875576036866,0.043419619434121245,-0.000920301859009709,1.5232934325375933,-0.7883211678832117,7.915789473684212,-0.01713059557228411,11.323333333333332
WINNERS_20D,CONSENSUS,20,Reversal: Bottom Reclaim + Support + Reversal: 50D Support + Hammer,2,1,6009,0.5708104509901814,0.02998546035139655,0.008336641524414379,1.5331930154011322,-0.9994049504950495,7.915789473684212,0.008889274076505723,78.05451186572031
WINNERS_20D,AND,20,Reversal: Bottom Reclaim + Support + Reversal: Bull Engulf + Support,2,2,98,0.5918367346938775,0.0271548522634613,0.005339299310967327,1.737305668854081,-0.5652173913043479,1.670588235294118,0.010212240067268966,7.869704810967034
WINNERS_20D,CONSENSUS,20,Reversal: Bottom Reclaim + Support + Reversal: Bull Engulf + Support,2,1,5298,0.5668176670441676,0.029701545903694483,0.010166156368662804,1.5242590931735003,-0.9994049504950495,7.915789473684212,0.009035931947241593,78.87117741095622
WINNERS_20D,AND,20,Reversal: Bottom Reclaim + Support + Reversal: 50D Support + RSI + Higher Low,2,2,277,0.6245487364620939,0.07907256247133389,0.035409035409035505,2.1777036660040316,-0.9030172413793103,6.198935462408517,0.03532481710725972,27.700000000000003
WINNERS_20D,CONSENSUS,20,Reversal: Bottom Reclaim + Support + Reversal: 50D Support + RSI + Higher Low,2,1,4661,0.5756275477365372,0.033950562469755065,0.016759776536312776,1.5472193016194196,-0.9994049504950495,7.915789473684212,0.011593153234686284,87.20262195100548
WINNERS_20D,AND,20,Secondary: Breakdown + 50D Support + Reversal: 50D Support + Volume,2,2,529,0.5066162570888468,0.0006877098843071887,0.0008364700961940308,1.0109990031455578,-0.9834088927637314,1.0762331838565022,-0.00808825107258713,14.600975917196815
WINNERS_20D,CONSENSUS,20,Secondary: Breakdown + 50D Support + Reversal: 50D Support + Volume,2,1,6213,0.5816835667149525,0.02148649870056734,0.007053291536050166,1.4748586105662223,-0.9846058534501175,6.810090328266138,0.009515158016768721,78.95457512654328
WINNERS_20D,AND,20,Secondary: Breakdown + 50D Support + Reversal: 50D Support + Hammer,2,2,51,0.5294117647058824,0.0701791598639338,0.006220452848967328,2.3985440680320167,-0.4607843137254901,2.326530612244898,0.025052130816314522,3.9729323214730003
WINNERS_20D,CONSENSUS,20,Secondary: Breakdown + 50D Support + Reversal: 50D Support + Hammer,2,1,3554,0.5593697242543613,0.023341839818162895,0.004900228070680246,1.492517409051563,-0.9834088927637314,7.915789473684212,0.007323710957300279,72.27153179757165
WINNERS_20D,CONSENSUS,20,Secondary: Breakdown + 50D Support + Reversal: Bull Engulf + Support,2,1,2775,0.5545945945945946,0.020522995646002882,0.005276256844201077,1.4793036784972675,-0.9834088927637314,2.717595146166575,0.009800996513182551,73.39543375875796
WINNERS_20D,CONSENSUS,20,Secondary: Breakdown + 50D Support + Reversal: 50D Support + RSI + Higher Low,2,1,2317,0.5757444971946483,0.03326630067939285,0.016801221907047914,1.627503827548669,-0.9834088927637314,6.198935462408517,0.016983498510003053,91.29595651189626
WINNERS_20D,AND,20,Reversal: 50D Support + Volume + Reversal: 50D Support + Hammer,2,2,346,0.5982658959537572,0.023301102860406184,0.005518360722256088,1.5879124040125763,-0.5740008783487045,2.9483870967741934,0.009692103983127415,28.06711559104701
WINNERS_20D,CONSENSUS,20,Reversal: 50D Support + Volume + Reversal: 50D Support + Hammer,2,1,6439,0.5774188538592949,0.018254738132190876,0.005148514851485153,1.4123340813865974,-0.9846058534501175,7.915789473684212,0.004353975102236085,70.15698259714091
WINNERS_20D,AND,20,Reversal: 50D Support + Volume + Reversal: Bull Engulf + Support,2,2,82,0.5487804878048781,0.005817454648364176,0.0026395059948306487,1.243000305821473,-0.5445829338446788,0.4585987261146496,0.00022756240803966524,3.7021230725650676
WINNERS_20D,CONSENSUS,20,Reversal: 50D Support + Volume + Reversal: Bull Engulf + Support,2,1,5873,0.5796015664907203,0.016268122968254414,0.00540540540540535,1.3905391563007614,-0.9846058534501175,6.810090328266138,0.005369012075136292,69.12484976546006
WINNERS_20D,AND,20,Reversal: 50D Support + Volume + Reversal: 50D Support + RSI + Higher Low,2,2,65,0.7230769230769231,0.04763995310745232,0.035409035409035505,1.814385438467392,-0.9030172413793103,0.5623529411764705,0.03959756266887392,6.5
WINNERS_20D,CONSENSUS,20,Reversal: 50D Support + Volume + Reversal: 50D Support + RSI + Higher Low,2,1,5432,0.5885493372606775,0.02081182368892395,0.007063098433966353,1.4580336200454511,-0.9846058534501175,6.810090328266138,0.007515640338011792,78.32617062318738
WINNERS_20D,AND,20,Reversal: 50D Support + Hammer + Reversal: Bull Engulf + Support,2,2,9,0.6666666666666666,0.04531583166947331,0.01344860710854956,7.817359658673416,-0.044247787610619316,0.18279569892473124,0.04531583166947331,0.8557780979827094
WINNERS_20D,CONSENSUS,20,Reversal: 50D Support + Hammer + Reversal: Bull Engulf + Support,2,1,2809,0.5610537557849768,0.017190635777887844,0.003114264303718528,1.4672902349196588,-0.9211320754716981,7.915789473684212,0.000944167175888479,63.19825593375021
WINNERS_20D,AND,20,Reversal: 50D Support + Hammer + Reversal: 50D Support + RSI + Higher Low,2,2,11,0.7272727272727273,0.05014013948228307,0.07619047619047614,1.6995337544846545,-0.32162458836443464,0.4031971580817053,0.05014013948228307,1.0999999999999999
WINNERS_20D,CONSENSUS,20,Reversal: 50D Support + Hammer + Reversal: 50D Support + RSI + Higher Low,2,1,2349,0.5828011919965943,0.029064070926906067,0.005220883534136744,1.6403227294520557,-0.9211320754716981,7.915789473684212,0.00665071373782224,76.03722995340162
WINNERS_20D,AND,20,Reversal: Bull Engulf + Support + Reversal: 50D Support + RSI + Higher Low,2,2,8,0.625,0.04566712301569338,0.011568877551020429,2.756425371729391,-0.10222095671981768,0.4585987261146496,0.04566712301569338,0.7494132653061226
WINNERS_20D,CONSENSUS,20,Reversal: Bull Engulf + Support + Reversal: 50D Support + RSI + Higher Low,2,1,1522,0.5886990801576872,0.025540725498244647,0.006001803482811097,1.7064193283121134,-0.9030172413793103,6.198935462408517,0.010127112688347326,80.21320048798336
WINNERS_20D,AND,20,Reversal: 50D Support + Bull Engulf + Reversal: 50D Support + Higher Low + Reversal: Bottom Reclaim + Support,3,3,60,0.6166666666666667,0.025423919867619847,0.017096360774905284,1.7040641308695186,-0.5592948717948718,0.534375,0.01679763037385069,5.72522960169402
WINNERS_20D,CONSENSUS,20,Reversal: 50D Support + Bull Engulf + Reversal: 50D Support + Higher Low + Reversal: Bottom Reclaim + Support,3,1,13010,0.6015372790161414,0.022472672609559288,0.006971094611323947,1.635757697306924,-0.9994049504950495,7.915789473684212,0.010077292262502946,82.78629015537018
WINNERS_20D,CONSENSUS,20,Reversal: 50D Support + Bull Engulf + Reversal: 50D Support + Higher Low + Reversal: Bottom Reclaim + Support,3,2,2302,0.6138140747176368,0.03656111619772169,0.01229922992299226,1.992358170951476,-0.9030172413793103,6.198935462408517,0.02004855671754293,94.22442244224419
WINNERS_20D,CONSENSUS,20,Reversal: 50D Support + Bull Engulf + Reversal: 50D Support + Higher Low + Secondary: Breakdown + 50D Support,3,1,12071,0.6079860823461188,0.02163564385375169,0.0068212824010915885,1.7514646523235884,-0.9834088927637314,6.198935462408517,0.0127849855143514,84.70470093658224
WINNERS_20D,CONSENSUS,20,Reversal: 50D Support + Bull Engulf + Reversal: 50D Support + Higher Low + Secondary: Breakdown + 50D Support,3,2,680,0.6102941176470589,0.020332478777952405,0.005365059964651975,1.9620646370973522,-0.631116504854369,0.9121212121212121,0.015104794741039373,58.03962589990259
WINNERS_20D,AND,20,Reversal: 50D Support + Bull Engulf + Reversal: 50D Support + Higher Low + Reversal: 50D Support + Volume,3,3,84,0.5476190476190477,0.01716408238182398,0.0026395059948306487,1.716922043737396,-0.5445829338446788,0.534375,0.010932625543050776,5.7634938736264125
WINNERS_20D,CONSENSUS,20,Reversal: 50D Support + Bull Engulf + Reversal: 50D Support + Higher Low + Reversal: 50D Support + Volume,3,1,14073,0.6067647267817807,0.01959184048276987,0.006685017695635231,1.6116088032161302,-0.9846058534501175,6.810090328266138,0.009990637668927459,82.09858200619189
WINNERS_20D,CONSENSUS,20,Reversal: 50D Support + Bull Engulf + Reversal: 50D Support + Higher Low + Reversal: 50D Support + Volume,3,2,1774,0.6082299887260428,0.020800785259085016,0.005283046044873507,2.0005392335883623,-0.9030172413793103,0.9121212121212121,0.015402943380364124,85.51449206892822
WINNERS_20D,AND,20,Reversal: 50D Support + Bull Engulf + Reversal: 50D Support + Higher Low + Reversal: 50D Support + Hammer,3,3,3,0.0,-0.005447047447726468,-0.000764818355640573,0.0,-0.015576323987538832,0.0,-0.005447047447726468,0.0
WINNERS_20D,CONSENSUS,20,Reversal: 50D Support + Bull Engulf + Reversal: 50D Support + Higher Low + Reversal: 50D Support + Hammer,3,1,11525,0.6104121475054229,0.021185565334476367,0.0063331222292590805,1.7542578936652156,-0.9211320754716981,7.915789473684212,0.010918615008608823,82.93880292840093
WINNERS_20D,CONSENSUS,20,Reversal: 50D Support + Bull Engulf + Reversal: 50D Support + Higher Low + Reversal: 50D Support + Hammer,3,2,1266,0.6018957345971564,0.017841760393050205,0.004373508280879457,1.9925540636839827,-0.631116504854369,1.021276595744681,0.012043781706820153,80.15472788382492
WINNERS_20D,AND,20,Reversal: 50D Support + Bull Engulf + Reversal: 50D Support + Higher Low + Reversal: Bull Engulf + Support,3,3,337,0.5845697329376854,0.0016674179916959428,0.0027728187792002146,1.0975112556862685,-0.6053897978825795,0.4585987261146496,-0.0009808739566039813,14.985438029082262
WINNERS_20D,CONSENSUS,20,Reversal: 50D Support + Bull Engulf + Reversal: 50D Support + Higher Low + Reversal: Bull Engulf + Support,3,1,10764,0.6120401337792643,0.020181069115784316,0.006395124014658915,1.8096398348406566,-0.9030172413793103,6.198935462408517,0.012281743409330912,84.00765056799237
WINNERS_20D,CONSENSUS,20,Reversal: 50D Support + Bull Engulf + Reversal: 50D Support + Higher Low + Reversal: Bull Engulf + Support,3,2,863,0.6210892236384704,0.022432557613489074,0.006430868167202508,1.9560810884952795,-0.631116504854369,1.670588235294118,0.015932525471404085,74.88470653258811
WINNERS_20D,AND,20,Reversal: 50D Support + Bull Engulf + Reversal: 50D Support + Higher Low + Reversal: 50D Support + RSI + Higher Low,3,3,20,0.65,0.03837851309475507,0.020761060038282042,1.8352989688004544,-0.3311688311688312,0.4585987261146496,0.016261659777918516,1.9439248966687779
WINNERS_20D,CONSENSUS,20,Reversal: 50D Support + Bull Engulf + Reversal: 50D Support + Higher Low + Reversal: 50D Support + RSI + Higher Low,3,1,10290,0.6173955296404277,0.020774378207867643,0.006616257088846833,1.8405122594603975,-0.9030172413793103,6.198935462408517,0.012861371957399224,84.60822178468453
WINNERS_20D,CONSENSUS,20,Reversal: 50D Support + Bull Engulf + Reversal: 50D Support + Higher Low + Reversal: 50D Support + RSI + Higher Low,3,2,1196,0.6270903010033445,0.03573664613845076,0.012767902860068903,1.9922156031554834,-0.9030172413793103,6.198935462408517,0.01949093010123851,94.19412472098057
WINNERS_20D,CONSENSUS,20,Reversal: 50D Support + Bull Engulf + Reversal: Bottom Reclaim + Support + Secondary: Breakdown + 50D Support,3,1,7006,0.5705109905795033,0.030827756110559528,0.012299097550494298,1.5516552633879424,-0.9994049504950495,7.915789473684212,0.011964087070092557,83.28255356202402
WINNERS_20D,CONSENSUS,20,Reversal: 50D Support + Bull Engulf + Reversal: Bottom Reclaim + Support + Secondary: Breakdown + 50D Support,3,2,193,0.5803108808290155,0.0232287760693633,0.009674234945705962,1.4559085918021122,-0.5652173913043479,1.670588235294118,0.01464877888590104,16.25559555575524
WINNERS_20D,AND,20,Reversal: 50D Support + Bull Engulf + Reversal: Bottom Reclaim + Support + Reversal: 50D Support + Volume,3,3,32,0.59375,0.07052701046678211,0.01867499589018584,3.18040749513176,-0.2666666666666666,0.6345467523197716,0.052332825245717945,3.1348665680311267
WINNERS_20D,CONSENSUS,20,Reversal: 50D Support + Bull Engulf + Reversal: Bottom Reclaim + Support + Reversal: 50D Support + Volume,3,1,9330,0.5811361200428724,0.025875885058783524,0.008255802303910764,1.5168784581449604,-0.9994049504950495,7.915789473684212,0.00893830509682189,79.75160055769489
WINNERS_20D,CONSENSUS,20,Reversal: 50D Support + Bull Engulf + Reversal: Bottom Reclaim + Support + Reversal: 50D Support + Volume,3,2,1017,0.5683382497541789,0.015586967271038274,0.010761259465922768,1.259791655299007,-0.9846058534501175,3.0825903331769124,0.003911395363352904,67.31102760700828
WINNERS_20D,AND,20,Reversal: 50D Support + Bull Engulf + Reversal: Bottom Reclaim + Support + Reversal: 50D Support + Hammer,3,3,2,0.5,-0.04946734100101752,-0.04946734100101752,0.5482444337431298,-0.2190004714757191,0.12006578947368407,-0.04946734100101752,0.03494148112477099
WINNERS_20D,CONSENSUS,20,Reversal: 50D Support + Bull Engulf + Reversal: Bottom Reclaim + Support + Reversal: 50D Support + Hammer,3,1,6820,0.5756598240469208,0.028866221149636,0.007865177365807496,1.5498901500867308,-0.9994049504950495,7.915789473684212,0.00932976535894676,78.83951105138583
WINNERS_20D,CONSENSUS,20,Reversal: 50D Support + Bull Engulf + Reversal: Bottom Reclaim + Support + Reversal: 50D Support + Hammer,3,2,420,0.5357142857142857,0.036758916668823624,0.004308331529203291,1.5575720848122439,-0.7883211678832117,7.915789473684212,-0.0008645010127798802,26.257124431699033
WINNERS_20D,AND,20,Reversal: 50D Support + Bull Engulf + Reversal: Bottom Reclaim + Support + Reversal: Bull Engulf + Support,3,3,98,0.5918367346938775,0.0271548522634613,0.005339299310967327,1.737305668854081,-0.5652173913043479,1.670588235294118,0.010212240067268966,7.869704810967034
WINNERS_20D,CONSENSUS,20,Reversal: 50D Support + Bull Engulf + Reversal: Bottom Reclaim + Support + Reversal: Bull Engulf + Support,3,1,5699,0.5695736094051588,0.03018852962173114,0.010727056019070202,1.5509392206892174,-0.9994049504950495,7.915789473684212,0.010344418982818404,80.73254115227626
WINNERS_20D,CONSENSUS,20,Reversal: 50D Support + Bull Engulf + Reversal: Bottom Reclaim + Support + Reversal: Bull Engulf + Support,3,2,615,0.6048780487804878,0.012873349226346139,0.004654648572007369,1.4431862709442003,-0.6259314456035767,1.670588235294118,0.005808221232958699,42.91076774892153
WINNERS_20D,AND,20,Reversal: 50D Support + Bull Engulf + Reversal: Bottom Reclaim + Support + Reversal: 50D Support + RSI + Higher Low,3,3,7,0.5714285714285714,0.06730037039908816,0.01510204081632649,3.264913169551582,-0.10222095671981768,0.4585987261146496,0.06730037039908816,0.6409523809523807
WINNERS_20D,CONSENSUS,20,Reversal: 50D Support + Bull Engulf + Reversal: Bottom Reclaim + Support + Reversal: 50D Support + RSI + Higher Low,3,1,5471,0.5806982270151709,0.03218181321727564,0.01344860710854956,1.5705013760067916,-0.9994049504950495,7.915789473684212,0.011883499181310235,85.78211755325667
WINNERS_20D,CONSENSUS,20,Reversal: 50D Support + Bull Engulf + Reversal: Bottom Reclaim + Support + Reversal: 50D Support + RSI + Higher Low,3,2,476,0.6092436974789915,0.055066425761038804,0.02688305156009696,1.9058947789502452,-0.9030172413793103,6.198935462408517,0.02238103713939796,47.599999999999994
WINNERS_20D,CONSENSUS,20,Reversal: 50D Support + Bull Engulf + Secondary: Breakdown + 50D Support + Reversal: 50D Support + Volume,3,1,7081,0.5852280751306312,0.021479577379364994,0.007053291536050166,1.4947415248373654,-0.9846058534501175,6.810090328266138,0.009987065672121726,80.2306391751902
WINNERS_20D,CONSENSUS,20,Reversal: 50D Support + Bull Engulf + Secondary: Breakdown + 50D Support + Reversal: 50D Support + Volume,3,2,677,0.5214180206794683,0.006447972559549685,0.003816793893129722,1.1187509298764522,-0.9834088927637314,1.0762331838565022,-0.0012985267069132408,26.98482751415773
WINNERS_20D,CONSENSUS,20,Reversal: 50D Support + Bull Engulf + Secondary: Breakdown + 50D Support + Reversal: 50D Support + Hammer,3,1,4556,0.5695785776997366,0.022876203723906013,0.005340556712402078,1.526037840796819,-0.9834088927637314,7.915789473684212,0.00863200161137596,75.40918169278963
WINNERS_20D,CONSENSUS,20,Reversal: 50D Support + Bull Engulf + Secondary: Breakdown + 50D Support + Reversal: 50D Support + Hammer,3,2,65,0.5384615384615384,0.07561233217493922,0.006220452848967328,2.725901632087788,-0.4607843137254901,2.326530612244898,0.040441734048846115,5.16158040972049
WINNERS_20D,CONSENSUS,20,Reversal: 50D Support + Bull Engulf + Secondary: Breakdown + 50D Support + Reversal: Bull Engulf + Support,3,1,3271,0.5612962396820544,0.02245763720382095,0.006402561024409836,1.535550666600207,-0.9834088927637314,2.717595146166575,0.012089398848074513,77.41834318470568
WINNERS_20D,CONSENSUS,20,Reversal: 50D Support + Bull Engulf + Secondary: Breakdown + 50D Support + Reversal: Bull Engulf + Support,3,2,520,0.6115384615384616,0.011721406758913398,0.003953219512195183,1.5236392434215031,-0.6259314456035767,1.670588235294118,0.00559543387023746,35.8191063337837
WINNERS_20D,CONSENSUS,20,Reversal: 50D Support + Bull Engulf + Secondary: Breakdown + 50D Support + Reversal: 50D Support + RSI + Higher Low,3,1,3313,0.5843646242076668,0.029856081588570307,0.01211160431198488,1.6511814150049773,-0.9834088927637314,6.198935462408517,0.015961052001890543,88.44859627001769
WINNERS_20D,CONSENSUS,20,Reversal: 50D Support + Bull Engulf + Secondary: Breakdown + 50D Support + Reversal: 50D Support + RSI + Higher Low,3,2,20,0.65,0.03837851309475507,0.020761060038282042,1.8352989688004544,-0.3311688311688312,0.4585987261146496,0.016261659777918516,1.9439248966687779
WINNERS_20D,AND,20,Reversal: 50D Support + Bull Engulf + Reversal: 50D Support + Volume + Reversal: 50D Support + Hammer,3,3,4,0.75,-0.0121331505790028,0.017631342787197357,0.7783904208562762,-0.2190004714757191,0.1352051835853132,-0.0121331505790028,0.2047867230853438
WINNERS_20D,CONSENSUS,20,Reversal: 50D Support + Bull Engulf + Reversal: 50D Support + Volume + Reversal: 50D Support + Hammer,3,1,7297,0.5814718377415377,0.018467772069235205,0.005363984674329414,1.432897742679699,-0.9846058534501175,7.915789473684212,0.005296469361392769,72.25671459761142
WINNERS_20D,CONSENSUS,20,Reversal: 50D Support + Bull Engulf + Reversal: 50D Support + Volume + Reversal: 50D Support + Hammer,3,2,500,0.588,0.026992780253319245,0.00522006449846657,1.7824869204999727,-0.5740008783487045,2.9483870967741934,0.014324478829496471,41.329203747986135
WINNERS_20D,AND,20,Reversal: 50D Support + Bull Engulf + Reversal: 50D Support + Volume + Reversal: Bull Engulf + Support,3,3,82,0.5487804878048781,0.005817454648364176,0.0026395059948306487,1.243000305821473,-0.5445829338446788,0.4585987261146496,0.00022756240803966524,3.7021230725650676
WINNERS_20D,CONSENSUS,20,Reversal: 50D Support + Bull Engulf + Reversal: 50D Support + Volume + Reversal: Bull Engulf + Support,3,1,6303,0.5808345232429002,0.01721812739263013,0.005795773666075643,1.4153844281830281,-0.9846058534501175,6.810090328266138,0.006400768122687367,71.76102807773623
WINNERS_20D,CONSENSUS,20,Reversal: 50D Support + Bull Engulf + Reversal: 50D Support + Volume + Reversal: Bull Engulf + Support,3,2,586,0.6109215017064846,0.016415664040078052,0.004677040361977802,1.7199633330756376,-0.6259314456035767,1.670588235294118,0.010155808296399036,45.43861611284235
WINNERS_20D,AND,20,Reversal: 50D Support + Bull Engulf + Reversal: 50D Support + Volume + Reversal: 50D Support + RSI + Higher Low,3,3,5,0.8,0.16409391160367187,0.026420079260237594,56.287025601852996,-0.0148401826484017,0.4585987261146496,0.16409391160367187,0.5
WINNERS_20D,CONSENSUS,20,Reversal: 50D Support + Bull Engulf + Reversal: 50D Support + Volume + Reversal: 50D Support + RSI + Higher Low,3,1,6285,0.5915672235481305,0.020955289828324074,0.007038948850305093,1.4838298831006052,-0.9846058534501175,6.810090328266138,0.00834968329995743,79.86650942239541
WINNERS_20D,CONSENSUS,20,Reversal: 50D Support + Bull Engulf + Reversal: 50D Support + Volume + Reversal: 50D Support + RSI + Higher Low,3,2,223,0.6143497757847534,0.027913484268427886,0.013284976544329474,1.7431632966492847,-0.9030172413793103,0.6345467523197716,0.02275025926861166,21.176912327039105
WINNERS_20D,AND,20,Reversal: 50D Support + Bull Engulf + Reversal: 50D Support + Hammer + Reversal: Bull Engulf + Support,3,3,9,0.6666666666666666,0.04531583166947331,0.01344860710854956,7.817359658673416,-0.044247787610619316,0.18279569892473124,0.04531583166947331,0.8557780979827094
WINNERS_20D,CONSENSUS,20,Reversal: 50D Support + Bull Engulf + Reversal: 50D Support + Hammer + Reversal: Bull Engulf + Support,3,1,3300,0.566969696969697,0.01935402797661882,0.003851710088809912,1.5258688098331223,-0.9211320754716981,7.915789473684212,0.004398764521306627,70.03683342915572
WINNERS_20D,CONSENSUS,20,Reversal: 50D Support + Bull Engulf + Reversal: 50D Support + Hammer + Reversal: Bull Engulf + Support,3,2,525,0.6095238095238096,0.013377054224609776,0.0039024390243902474,1.5917253216971075,-0.6259314456035767,1.670588235294118,0.005956179631838286,37.15478456381012
WINNERS_20D,CONSENSUS,20,Reversal: 50D Support + Bull Engulf + Reversal: 50D Support + Hammer + Reversal: 50D Support + RSI + Higher Low,3,1,3331,0.5893125187631342,0.026649960311549717,0.00562556255625557,1.6556336163480905,-0.9211320754716981,7.915789473684212,0.008407520737907724,78.74356559781151
WINNERS_20D,CONSENSUS,20,Reversal: 50D Support + Bull Engulf + Reversal: 50D Support + Hammer + Reversal: 50D Support + RSI + Higher Low,3,2,45,0.6444444444444445,0.05899502743356978,0.02366255144032925,2.3301532555882125,-0.3311688311688312,1.021276595744681,0.037124991790135446,4.5
WINNERS_20D,AND,20,Reversal: 50D Support + Bull Engulf + Reversal: Bull Engulf + Support + Reversal: 50D Support + RSI + Higher Low,3,3,8,0.625,0.04566712301569338,0.011568877551020429,2.756425371729391,-0.10222095671981768,0.4585987261146496,0.04566712301569338,0.7494132653061226
WINNERS_20D,CONSENSUS,20,Reversal: 50D Support + Bull Engulf + Reversal: Bull Engulf + Support + Reversal: 50D Support + RSI + Higher Low,3,1,2006,0.590727816550349,0.027406963762013525,0.007885660304358,1.7566360609061342,-0.9030172413793103,6.198935462408517,0.013602541189366093,84.57078721201789
WINNERS_20D,CONSENSUS,20,Reversal: 50D Support + Bull Engulf + Reversal: Bull Engulf + Support + Reversal: 50D Support + RSI + Higher Low,3,2,532,0.6127819548872181,0.012213091715046092,0.004306527090366052,1.5260657536457536,-0.6259314456035767,1.670588235294118,0.0061711713898972165,37.27796648602957
WINNERS_20D,CONSENSUS,20,Reversal: 50D Support + Higher Low + Reversal: Bottom Reclaim + Support + Secondary: Breakdown + 50D Support,3,1,14588,0.595489443378119,0.022891830965019695,0.007139893301719047,1.61258963294916,-0.9994049504950495,7.915789473684212,0.010456282167990032,82.44537216530165
WINNERS_20D,CONSENSUS,20,Reversal: 50D Support + Higher Low + Reversal: Bottom Reclaim + Support + Secondary: Breakdown + 50D Support,3,2,1549,0.6197546804389928,0.044483744687459637,0.018099547511312153,2.0610560455684985,-0.9030172413793103,6.198935462408517,0.023982801505427566,98.57466063348411
WINNERS_20D,AND,20,Reversal: 50D Support + Higher Low + Reversal: Bottom Reclaim + Support + Reversal: 50D Support + Volume,3,3,205,0.6585365853658537,0.036001161220016085,0.020458139890821903,1.946380864254736,-0.9030172413793103,0.6964285714285712,0.0301549583127993,20.5
WINNERS_20D,CONSENSUS,20,Reversal: 50D Support + Higher Low + Reversal: Bottom Reclaim + Support + Reversal: 50D Support + Volume,3,1,16119,0.5981760655127489,0.021499909211987186,0.006869479882237517,1.5697099704966446,-0.9994049504950495,7.915789473684212,0.008995849369179553,81.59500785735429
WINNERS_20D,CONSENSUS,20,Reversal: 50D Support + Higher Low + Reversal: Bottom Reclaim + Support + Reversal: 50D Support + Volume,3,2,2993,0.5947210157033077,0.02939608438240013,0.008581034105086704,1.7225831691237594,-0.9846058534501175,6.198935462408517,0.014271654270735843,86.25968556575152
WINNERS_20D,AND,20,Reversal: 50D Support + Higher Low + Reversal: Bottom Reclaim + Support + Reversal: 50D Support + Hammer,3,3,25,0.68,0.04188642883147741,0.0062681261109551745,2.114743001335015,-0.2711496746203905,0.4031971580817053,0.026831815112717913,2.24252736458041
WINNERS_20D,CONSENSUS,20,Reversal: 50D Support + Higher Low + Reversal: Bottom Reclaim + Support + Reversal: 50D Support + Hammer,3,1,13861,0.5988745400764736,0.022359347992435396,0.006615878107457895,1.6142945809278113,-0.9994049504950495,7.915789473684212,0.009379730940937669,81.8091301323756
WINNERS_20D,CONSENSUS,20,Reversal: 50D Support + Higher Low + Reversal: Bottom Reclaim + Support + Reversal: 50D Support + Hammer,3,2,2294,0.5980819529206626,0.03645435608635682,0.008535939037075724,1.9375467871242436,-0.9030172413793103,7.915789473684212,0.015225080934432159,87.501090465408
WINNERS_20D,AND,20,Reversal: 50D Support + Higher Low + Reversal: Bottom Reclaim + Support + Reversal: Bull Engulf + Support,3,3,31,0.4838709677419355,0.0058245259365701345,-0.005964214711729698,1.2052829856860425,-0.1262295081967213,0.4585987261146496,-0.00926794740269918,0.9782898466381295
WINNERS_20D,CONSENSUS,20,Reversal: 50D Support + Higher Low + Reversal: Bottom Reclaim + Support + Reversal: Bull Engulf + Support,3,1,13397,0.598193625438531,0.02187533011532589,0.006673021925643452,1.6248038071729234,-0.9994049504950495,7.915789473684212,0.009701640389393406,81.97993430936614
WINNERS_20D,CONSENSUS,20,Reversal: 50D Support + Higher Low + Reversal: Bottom Reclaim + Support + Reversal: Bull Engulf + Support,3,2,1922,0.6165452653485952,0.037339903901055335,0.01151632538592684,1.9891688960435252,-0.9030172413793103,6.198935462408517,0.018979954121340823,92.87220963045073
WINNERS_20D,AND,20,Reversal: 50D Support + Higher Low + Reversal: Bottom Reclaim + Support + Reversal: 50D Support + RSI + Higher Low,3,3,277,0.6245487364620939,0.07907256247133389,0.035409035409035505,2.1777036660040316,-0.9030172413793103,6.198935462408517,0.03532481710725972,27.700000000000003
WINNERS_20D,CONSENSUS,20,Reversal: 50D Support + Higher Low + Reversal: Bottom Reclaim + Support + Reversal: 50D Support + RSI + Higher Low,3,1,12807,0.6013117826188803,0.022374523691577157,0.0068829891838742,1.6340602478724815,-0.9994049504950495,7.915789473684212,0.009938727216658852,82.61628730039979
WINNERS_20D,CONSENSUS,20,Reversal: 50D Support + Higher Low + Reversal: Bottom Reclaim + Support + Reversal: 50D Support + RSI + Higher Low,3,2,1808,0.6277654867256637,0.04241412289313609,0.020057044840662175,2.0094588193669387,-0.9030172413793103,6.198935462408517,0.023754943996330786,100.0
WINNERS_20D,CONSENSUS,20,Reversal: 50D Support + Higher Low + Secondary: Breakdown + 50D Support + Reversal: 50D Support + Volume,3,1,15053,0.6042649305786222,0.021027749248467165,0.00685602350636616,1.6368853946390611,-0.9846058534501175,6.810090328266138,0.011068449907594657,83.44335506047061
WINNERS_20D,CONSENSUS,20,Reversal: 50D Support + Higher Low + Secondary: Breakdown + 50D Support + Reversal: 50D Support + Volume,3,2,1643,0.5715155203895314,0.01358514482990717,0.004269449715370133,1.3991284816329104,-0.9834088927637314,1.0762331838565022,0.006845625881831459,65.49284628661209
WINNERS_20D,CONSENSUS,20,Reversal: 50D Support + Higher Low + Secondary: Breakdown + 50D Support + Reversal: 50D Support + Hammer,3,1,12930,0.6034029389017788,0.021698016224705657,0.006449013542668469,1.7031066610711543,-0.9834088927637314,7.915789473684212,0.011180931053048751,83.22245844678791
WINNERS_20D,CONSENSUS,20,Reversal: 50D Support + Higher Low + Secondary: Breakdown + 50D Support + Reversal: 50D Support + Hammer,3,2,629,0.5818759936406995,0.017444155037611705,0.003167062549485289,2.026487875604234,-0.4607843137254901,2.326530612244898,0.008094033759427707,45.83479570238747
WINNERS_20D,CONSENSUS,20,Reversal: 50D Support + Higher Low + Secondary: Breakdown + 50D Support + Reversal: Bull Engulf + Support,3,1,12392,0.6048256939961265,0.021092727605854327,0.006574468563824598,1.7430319152355325,-0.9834088927637314,6.198935462408517,0.012370522873655657,84.20874357811017
WINNERS_20D,CONSENSUS,20,Reversal: 50D Support + Higher Low + Secondary: Breakdown + 50D Support + Reversal: Bull Engulf + Support,3,2,337,0.5845697329376854,0.0016674179916959428,0.0027728187792002146,1.0975112556862685,-0.6053897978825795,0.4585987261146496,-0.0009808739566039813,14.985438029082262
WINNERS_20D,CONSENSUS,20,Reversal: 50D Support + Higher Low + Secondary: Breakdown + 50D Support + Reversal: 50D Support + RSI + Higher Low,3,1,11735,0.6083510864933959,0.021507217097313083,0.0067542761785566174,1.7603700274479128,-0.9834088927637314,6.198935462408517,0.012747534295542895,84.62635785557464
WINNERS_20D,CONSENSUS,20,Reversal: 50D Support + Higher Low + Secondary: Breakdown + 50D Support + Reversal: 50D Support + RSI + Higher Low,3,2,536,0.6492537313432836,0.05537782364640779,0.03262732953602843,2.001975059672249,-0.9030172413793103,6.198935462408517,0.02670142510215032,53.6
WINNERS_20D,AND,20,Reversal: 50D Support + Higher Low + Reversal: 50D Support + Volume + Reversal: 50D Support + Hammer,3,3,70,0.6571428571428571,0.028910494909714222,0.003026582982043169,5.978034923230333,-0.0767172167707405,0.47101517599163567,0.022503180691135646,6.108895606557266
WINNERS_20D,CONSENSUS,20,Reversal: 50D Support + Higher Low + Reversal: 50D Support + Volume + Reversal: 50D Support + Hammer,3,1,14771,0.6030058899194367,0.01998563740585007,0.0063719633612107085,1.598540408333233,-0.9846058534501175,7.915789473684212,0.009001837040226062,81.51598770692765
WINNERS_20D,CONSENSUS,20,Reversal: 50D Support + Higher Low + Reversal: 50D Support + Volume + Reversal: 50D Support + Hammer,3,2,1898,0.5927291886195996,0.017578789828596765,0.004353007279627841,1.7604028506671654,-0.9030172413793103,2.9483870967741934,0.010504670501109368,77.51024626741626
WINNERS_20D,AND,20,Reversal: 50D Support + Higher Low + Reversal: 50D Support + Volume + Reversal: Bull Engulf + Support,3,3,47,0.48936170212765956,-0.004092184223897134,0.0,0.8385763104471863,-0.5445829338446788,0.4585987261146496,-0.014150682274735106,0.9652181098502958
WINNERS_20D,CONSENSUS,20,Reversal: 50D Support + Higher Low + Reversal: 50D Support + Volume + Reversal: Bull Engulf + Support,3,1,14423,0.6040352215211815,0.019262533916756905,0.006461232604373812,1.6093386527674298,-0.9846058534501175,6.810090328266138,0.009757670201315986,81.42671102102426
WINNERS_20D,CONSENSUS,20,Reversal: 50D Support + Higher Low + Reversal: 50D Support + Volume + Reversal: Bull Engulf + Support,3,2,1439,0.6025017373175816,0.0162475405755057,0.004004000000000119,1.8293800126328996,-0.9030172413793103,0.72,0.011218427725755672,77.66436136982254
WINNERS_20D,AND,20,Reversal: 50D Support + Higher Low + Reversal: 50D Support + Volume + Reversal: 50D Support + RSI + Higher Low,3,3,65,0.7230769230769231,0.04763995310745232,0.035409035409035505,1.814385438467392,-0.9030172413793103,0.5623529411764705,0.03959756266887392,6.5
WINNERS_20D,CONSENSUS,20,Reversal: 50D Support + Higher Low + Reversal: 50D Support + Volume + Reversal: 50D Support + RSI + Higher Low,3,1,13801,0.6070574596043765,0.019527498207832485,0.006628787878787845,1.6168934391240897,-0.9846058534501175,6.810090328266138,0.009981112173495232,81.98492324704479
WINNERS_20D,CONSENSUS,20,Reversal: 50D Support + Higher Low + Reversal: 50D Support + Volume + Reversal: 50D Support + RSI + Higher Low,3,2,1585,0.6132492113564669,0.030626189873330698,0.007492711370262306,1.9974037503143225,-0.9030172413793103,6.198935462408517,0.016990514083035375,88.36241908997326
WINNERS_20D,AND,20,Reversal: 50D Support + Higher Low + Reversal: 50D Support + Hammer + Reversal: Bull Engulf + Support,3,3,2,0.0,-0.007788161993769416,-0.007788161993769416,0.0,-0.015576323987538832,0.0,-0.007788161993769416,0.0
WINNERS_20D,CONSENSUS,20,Reversal: 50D Support + Higher Low + Reversal: 50D Support + Hammer + Reversal: Bull Engulf + Support,3,1,11850,0.6070042194092827,0.020701219475492923,0.006048996936166895,1.7474884732584488,-0.9211320754716981,7.915789473684212,0.010568274086340493,82.46295326688055
WINNERS_20D,CONSENSUS,20,Reversal: 50D Support + Higher Low + Reversal: 50D Support + Hammer + Reversal: Bull Engulf + Support,3,2,920,0.5891304347826087,0.009124077567172834,0.0031072266698176643,1.6029701920861084,-0.6053897978825795,0.8898305084745763,0.004527949058606784,57.99575594774522
WINNERS_20D,AND,20,Reversal: 50D Support + Higher Low + Reversal: 50D Support + Hammer + Reversal: 50D Support + RSI + Higher Low,3,3,11,0.7272727272727273,0.05014013948228307,0.07619047619047614,1.6995337544846545,-0.32162458836443464,0.4031971580817053,0.05014013948228307,1.0999999999999999
WINNERS_20D,CONSENSUS,20,Reversal: 50D Support + Higher Low + Reversal: 50D Support + Hammer + Reversal: 50D Support + RSI + Higher Low,3,1,11200,0.6109821428571428,0.02113740908382376,0.006266895135678019,1.767703573061457,-0.9211320754716981,7.915789473684212,0.010886075650452824,82.86472808959813
WINNERS_20D,CONSENSUS,20,Reversal: 50D Support + Higher Low + Reversal: 50D Support + Hammer + Reversal: 50D Support + RSI + Higher Low,3,2,1103,0.6155938349954669,0.03311351614303409,0.007056922674819166,1.988059045669951,-0.9030172413793103,6.198935462408517,0.015506799921421977,86.92279194718085
WINNERS_20D,AND,20,Reversal: 50D Support + Higher Low + Reversal: Bull Engulf + Support + Reversal: 50D Support + RSI + Higher Low,3,3,8,0.625,0.04566712301569338,0.011568877551020429,2.756425371729391,-0.10222095671981768,0.4585987261146496,0.04566712301569338,0.7494132653061226
WINNERS_20D,CONSENSUS,20,Reversal: 50D Support + Higher Low + Reversal: Bull Engulf + Support + Reversal: 50D Support + RSI + Higher Low,3,1,10611,0.6134200358118933,0.020166391036854976,0.006387225548902142,1.8275806429638182,-0.9030172413793103,6.198935462408517,0.012366244504073054,84.06510253973141
WINNERS_20D,CONSENSUS,20,Reversal: 50D Support + Higher Low + Reversal: Bull Engulf + Support + Reversal: 50D Support + RSI + Higher Low,3,2,865,0.6242774566473989,0.03454230792317984,0.00962695547533099,1.8493538649093892,-0.9030172413793103,6.198935462408517,0.014492144062813378,76.19726582537116
WINNERS_20D,CONSENSUS,20,Reversal: Bottom Reclaim + Support + Secondary: Breakdown + 50D Support + Reversal: 50D Support + Volume,3,1,9875,0.5775189873417722,0.027552276731050318,0.009178321678321666,1.533792718564906,-0.9994049504950495,7.915789473684212,0.010391310444139169,80.93038864880766
WINNERS_20D,CONSENSUS,20,Reversal: Bottom Reclaim + Support + Secondary: Breakdown + 50D Support + Reversal: 50D Support + Volume,3,2,1269,0.541371158392435,0.009649204285196793,0.007898420315936905,1.1481603978005048,-0.9846058534501175,3.0825903331769124,-0.00096613623408418,49.93755255089705
WINNERS_20D,CONSENSUS,20,Reversal: Bottom Reclaim + Support + Secondary: Breakdown + 50D Support + Reversal: 50D Support + Hammer,3,1,7739,0.5671275358573459,0.028944178743786003,0.008695652173912993,1.522652785447278,-0.9994049504950495,7.915789473684212,0.009966430809158372,78.51781821352783
WINNERS_20D,CONSENSUS,20,Reversal: Bottom Reclaim + Support + Secondary: Breakdown + 50D Support + Reversal: 50D Support + Hammer,3,2,268,0.5,0.04851192003830201,0.00020325203252025137,1.6322156895184035,-0.7883211678832117,7.915789473684212,-0.000390755244287434,14.334186991869903
WINNERS_20D,CONSENSUS,20,Reversal: Bottom Reclaim + Support + Secondary: Breakdown + 50D Support + Reversal: Bull Engulf + Support,3,1,7079,0.563497669162311,0.028924183556639643,0.010318949343339545,1.5205220254256098,-0.9994049504950495,7.915789473684212,0.010263393063571958,79.35303499890213
WINNERS_20D,CONSENSUS,20,Reversal: Bottom Reclaim + Support + Secondary: Breakdown + 50D Support + Reversal: Bull Engulf + Support,3,2,98,0.5918367346938775,0.0271548522634613,0.005339299310967327,1.737305668854081,-0.5652173913043479,1.670588235294118,0.010212240067268966,7.869704810967034
WINNERS_20D,CONSENSUS,20,Reversal: Bottom Reclaim + Support + Secondary: Breakdown + 50D Support + Reversal: 50D Support + RSI + Higher Low,3,1,6442,0.5695436199937908,0.03192162012902935,0.014764172285726906,1.5377782804043298,-0.9994049504950495,7.915789473684212,0.012204021932973257,85.15008232965691
WINNERS_20D,CONSENSUS,20,Reversal: Bottom Reclaim + Support + Secondary: Breakdown + 50D Support + Reversal: 50D Support + RSI + Higher Low,3,2,277,0.6245487364620939,0.07907256247133389,0.035409035409035505,2.1777036660040316,-0.9030172413793103,6.198935462408517,0.03532481710725972,27.700000000000003
WINNERS_20D,AND,20,Reversal: Bottom Reclaim + Support + Reversal: 50D Support + Volume + Reversal: 50D Support + Hammer,3,3,52,0.40384615384615385,-0.023698085195824756,-0.02246767254769899,0.7072776559711359,-0.5740008783487045,0.38042857142857156,-0.0316221372864992,0.6129739685083178
WINNERS_20D,CONSENSUS,20,Reversal: Bottom Reclaim + Support + Reversal: 50D Support + Volume + Reversal: 50D Support + Hammer,3,1,9936,0.5757850241545893,0.024705215104497472,0.006792471916488352,1.4910878049961298,-0.9994049504950495,7.915789473684212,0.007441874116172293,76.4913936335292
WINNERS_20D,CONSENSUS,20,Reversal: Bottom Reclaim + Support + Reversal: 50D Support + Volume + Reversal: 50D Support + Hammer,3,2,1199,0.5763135946622185,0.026547023833516974,0.009477925293075229,1.436808430270407,-0.9846058534501175,7.915789473684212,0.004713811675098436,75.64287567434012
WINNERS_20D,AND,20,Reversal: Bottom Reclaim + Support + Reversal: 50D Support + Volume + Reversal: Bull Engulf + Support,3,3,14,0.42857142857142855,0.0270261946794438,-0.010655216003558066,1.8196082004595906,-0.2666666666666666,0.4585987261146496,0.0270261946794438,0.8400000000000001
WINNERS_20D,CONSENSUS,20,Reversal: Bottom Reclaim + Support + Reversal: 50D Support + Volume + Reversal: Bull Engulf + Support,3,1,9451,0.5757062744683102,0.02453105424703716,0.007296311309282544,1.493202308851991,-0.9994049504950495,7.915789473684212,0.0077460002477777925,77.1194845600468
WINNERS_20D,CONSENSUS,20,Reversal: Bottom Reclaim + Support + Reversal: 50D Support + Volume + Reversal: Bull Engulf + Support,3,2,892,0.5717488789237668,0.01598936666040008,0.010503687548174656,1.2630520047680855,-0.9846058534501175,3.0825903331769124,0.004279547175780181,61.02987222895486
WINNERS_20D,AND,20,Reversal: Bottom Reclaim + Support + Reversal: 50D Support + Volume + Reversal: 50D Support + RSI + Higher Low,3,3,39,0.7692307692307693,0.051436965962877196,0.06880108991825606,1.6513362973248866,-0.9030172413793103,0.5623529411764705,0.037991808720414216,3.9
WINNERS_20D,CONSENSUS,20,Reversal: Bottom Reclaim + Support + Reversal: 50D Support + Volume + Reversal: 50D Support + RSI + Higher Low,3,1,8856,0.580736224028907,0.026167105288925546,0.00895344777214846,1.5039064167414244,-0.9994049504950495,7.915789473684212,0.008795365697847418,80.1009807739814
WINNERS_20D,CONSENSUS,20,Reversal: Bottom Reclaim + Support + Reversal: 50D Support + Volume + Reversal: 50D Support + RSI + Higher Low,3,2,1004,0.5766932270916335,0.03273770430334233,0.019264514024788015,1.49944022298868,-0.9846058534501175,6.198935462408517,0.010141380880044647,88.16062941037475
WINNERS_20D,AND,20,Reversal: Bottom Reclaim + Support + Reversal: 50D Support + Hammer + Reversal: Bull Engulf + Support,3,3,1,1.0,0.12006578947368407,0.12006578947368407,,0.12006578947368407,0.12006578947368407,0.12006578947368407,0.1
WINNERS_20D,CONSENSUS,20,Reversal: Bottom Reclaim + Support + Reversal: 50D Support + Hammer + Reversal: Bull Engulf + Support,3,1,6897,0.5683630564013339,0.027082715202573635,0.006479685948068026,1.5190407882199646,-0.9994049504950495,7.915789473684212,0.007734220298634305,75.38760575191573
WINNERS_20D,CONSENSUS,20,Reversal: Bottom Reclaim + Support + Reversal: 50D Support + Hammer + Reversal: Bull Engulf + Support,3,2,322,0.5248447204968945,0.03804640945683667,0.0029134150032387174,1.5652250551653202,-0.7883211678832117,7.915789473684212,-0.007914670393222889,19.21025638994882
WINNERS_20D,AND,20,Reversal: Bottom Reclaim + Support + Reversal: 50D Support + Hammer + Reversal: 50D Support + RSI + Higher Low,3,3,4,0.75,0.15618233027235956,0.23076608150386646,3.6030388378726594,-0.24,0.4031971580817053,0.15618233027235956,0.4
WINNERS_20D,CONSENSUS,20,Reversal: Bottom Reclaim + Support + Reversal: 50D Support + Hammer + Reversal: 50D Support + RSI + Higher Low,3,1,6261,0.5749880210828942,0.030032779541325865,0.008995502248875686,1.5396971969374682,-0.9994049504950495,7.915789473684212,0.009535391666048063,79.72950728334183
WINNERS_20D,CONSENSUS,20,Reversal: Bottom Reclaim + Support + Reversal: 50D Support + Hammer + Reversal: 50D Support + RSI + Higher Low,3,2,497,0.5674044265593562,0.06162422558126768,0.019230769230769162,1.8297392004432602,-0.9030172413793103,7.915789473684212,0.010818112674607683,43.29072073022923
WINNERS_20D,AND,20,Reversal: Bottom Reclaim + Support + Reversal: Bull Engulf + Support + Reversal: 50D Support + RSI + Higher Low,3,3,6,0.5,0.05514686509659918,0.003614423088177887,2.5907727479414233,-0.10222095671981768,0.4585987261146496,0.05514686509659918,0.4262649038968005
WINNERS_20D,CONSENSUS,20,Reversal: Bottom Reclaim + Support + Reversal: Bull Engulf + Support + Reversal: 50D Support + RSI + Higher Low,3,1,5555,0.5717371737173718,0.029721646818027456,0.010886469673405896,1.5305723078768594,-0.9994049504950495,7.915789473684212,0.009604662000932164,80.65787770864884
WINNERS_20D,CONSENSUS,20,Reversal: Bottom Reclaim + Support + Reversal: Bull Engulf + Support + Reversal: 50D Support + RSI + Higher Low,3,2,371,0.6199460916442049,0.06541199441871981,0.026830076184166884,2.103110854239312,-0.9030172413793103,6.198935462408517,0.027963774543968863,37.1
WINNERS_20D,AND,20,Secondary: Breakdown + 50D Support + Reversal: 50D Support + Volume + Reversal: 50D Support + Hammer,3,3,23,0.5652173913043478,0.034765721451804586,0.006404391582799596,1.5001769242772667,-0.4607843137254901,1.0762331838565022,-0.012573708657499839,1.5871424214699594
WINNERS_20D,CONSENSUS,20,Secondary: Breakdown + 50D Support + Reversal: 50D Support + Volume + Reversal: 50D Support + Hammer,3,1,7663,0.5770585932402453,0.02111372046775259,0.005802707930367523,1.4700072044924783,-0.9846058534501175,7.915789473684212,0.007428806211264445,75.60018788780617
WINNERS_20D,CONSENSUS,20,Secondary: Breakdown + 50D Support + Reversal: 50D Support + Volume + Reversal: 50D Support + Hammer,3,2,880,0.5409090909090909,0.011824879641791653,0.004494648499361209,1.2254764085763825,-0.9834088927637314,2.9483870967741934,-0.0002112790801992397,44.67934942014199
WINNERS_20D,CONSENSUS,20,Secondary: Breakdown + 50D Support + Reversal: 50D Support + Volume + Reversal: Bull Engulf + Support,3,1,7125,0.5785263157894737,0.020010441103640468,0.006093845216331495,1.4678002979606497,-0.9846058534501175,6.810090328266138,0.008533315215028123,76.85476125444282
WINNERS_20D,CONSENSUS,20,Secondary: Breakdown + 50D Support + Reversal: 50D Support + Volume + Reversal: Bull Engulf + Support,3,2,611,0.5122749590834698,0.0013761535351298922,0.002182539682539675,1.0239971884235406,-0.9834088927637314,1.0762331838565022,-0.007222112013350738,18.610349988267895
WINNERS_20D,CONSENSUS,20,Secondary: Breakdown + 50D Support + Reversal: 50D Support + Volume + Reversal: 50D Support + RSI + Higher Low,3,1,6684,0.5857271095152603,0.02394996004624702,0.008030202821869503,1.521525339222774,-0.9846058534501175,6.810090328266138,0.010590381549475064,81.58662319771847
WINNERS_20D,CONSENSUS,20,Secondary: Breakdown + 50D Support + Reversal: 50D Support + Volume + Reversal: 50D Support + RSI + Higher Low,3,2,594,0.5303030303030303,0.005825581617479636,0.005608260256374953,1.0938336919913487,-0.9834088927637314,1.0762331838565022,-0.0019382794737712286,24.737828975712294
WINNERS_20D,CONSENSUS,20,Secondary: Breakdown + 50D Support + Reversal: 50D Support + Hammer + Reversal: Bull Engulf + Support,3,1,4539,0.5584930601454065,0.020291884544328044,0.004317111459968492,1.474799592870255,-0.9834088927637314,7.915789473684212,0.005932529495114468,70.34940062171755
WINNERS_20D,CONSENSUS,20,Secondary: Breakdown + 50D Support + Reversal: 50D Support + Hammer + Reversal: Bull Engulf + Support,3,2,60,0.55,0.06644966063476472,0.006312422215883462,2.52232197307592,-0.4607843137254901,2.326530612244898,0.028143203827813316,4.884058999714756
WINNERS_20D,CONSENSUS,20,Secondary: Breakdown + 50D Support + Reversal: 50D Support + Hammer + Reversal: 50D Support + RSI + Higher Low,3,1,4079,0.570728119637166,0.027479252428026575,0.00635027799841148,1.568195182651745,-0.9834088927637314,7.915789473684212,0.009745495206016351,77.19318317618186
WINNERS_20D,CONSENSUS,20,Secondary: Breakdown + 50D Support + Reversal: 50D Support + Hammer + Reversal: 50D Support + RSI + Higher Low,3,2,62,0.5645161290322581,0.06662384979622157,0.01885487382705342,2.23391150782307,-0.4607843137254901,2.326530612244898,0.029576197952800653,5.780084966291318
WINNERS_20D,CONSENSUS,20,Secondary: Breakdown + 50D Support + Reversal: Bull Engulf + Support + Reversal: 50D Support + RSI + Higher Low,3,1,3303,0.5697850438994854,0.026118222648503487,0.007909045971329576,1.5819634966341234,-0.9834088927637314,6.198935462408517,0.012225318035564248,80.06494698841793
WINNERS_20D,CONSENSUS,20,Secondary: Breakdown + 50D Support + Reversal: Bull Engulf + Support + Reversal: 50D Support + RSI + Higher Low,3,2,8,0.625,0.04566712301569338,0.011568877551020429,2.756425371729391,-0.10222095671981768,0.4585987261146496,0.04566712301569338,0.7494132653061226
WINNERS_20D,AND,20,Reversal: 50D Support + Volume + Reversal: 50D Support + Hammer + Reversal: Bull Engulf + Support,3,3,2,1.0,0.017631342787197357,0.017631342787197357,,0.01344860710854956,0.021814078465845155,0.017631342787197357,0.18815671393598676
WINNERS_20D,CONSENSUS,20,Reversal: 50D Support + Volume + Reversal: 50D Support + Hammer + Reversal: Bull Engulf + Support,3,1,7344,0.5748910675381264,0.017190693827687866,0.004823936779201898,1.4090279011966131,-0.9846058534501175,7.915789473684212,0.003985653346943789,68.09686269859507
WINNERS_20D,CONSENSUS,20,Reversal: 50D Support + Volume + Reversal: 50D Support + Hammer + Reversal: Bull Engulf + Support,3,2,433,0.5866050808314087,0.020500069248828807,0.004784688995215447,1.5640852633385711,-0.5740008783487045,2.9483870967741934,0.00813993816883144,33.540606004857544
WINNERS_20D,AND,20,Reversal: 50D Support + Volume + Reversal: 50D Support + Hammer + Reversal: 50D Support + RSI + Higher Low,3,3,2,1.0,0.13435945162227747,0.13435945162227747,,0.032104050049390764,0.23661485319516418,0.13435945162227747,0.2
WINNERS_20D,CONSENSUS,20,Reversal: 50D Support + Volume + Reversal: 50D Support + Hammer + Reversal: 50D Support + RSI + Higher Low,3,1,6901,0.581509926097667,0.02084413168013428,0.005769230769230749,1.463869454790437,-0.9846058534501175,7.915789473684212,0.005630717318377153,74.86610632849106
WINNERS_20D,CONSENSUS,20,Reversal: 50D Support + Volume + Reversal: 50D Support + Hammer + Reversal: 50D Support + RSI + Higher Low,3,2,418,0.6172248803827751,0.026729383419858727,0.0076505307777140485,1.6104049117243684,-0.9030172413793103,2.9483870967741934,0.013981608113977672,36.04167554254535
WINNERS_20D,AND,20,Reversal: 50D Support + Volume + Reversal: Bull Engulf + Support + Reversal: 50D Support + RSI + Higher Low,3,3,2,1.0,0.2425094026874436,0.2425094026874436,,0.026420079260237594,0.4585987261146496,0.2425094026874436,0.2
WINNERS_20D,CONSENSUS,20,Reversal: 50D Support + Volume + Reversal: Bull Engulf + Support + Reversal: 50D Support + RSI + Higher Low,3,1,6338,0.5840959293152413,0.01928814839638651,0.0060641396439454764,1.4523414138963908,-0.9846058534501175,6.810090328266138,0.006720890314115895,75.43193264907927
WINNERS_20D,CONSENSUS,20,Reversal: 50D Support + Volume + Reversal: Bull Engulf + Support + Reversal: 50D Support + RSI + Higher Low,3,2,151,0.6158940397350994,0.019661772228649246,0.0077346782702976125,1.4970195685747665,-0.9030172413793103,0.5623529411764705,0.01604383110233043,13.204343040555989
WINNERS_20D,CONSENSUS,20,Reversal: 50D Support + Hammer + Reversal: Bull Engulf + Support + Reversal: 50D Support + RSI + Higher Low,3,1,3326,0.5745640408899579,0.023167207112486727,0.004434945488814401,1.5838989908092616,-0.9211320754716981,7.915789473684212,0.0048013080337847,72.68786362360898
WINNERS_20D,CONSENSUS,20,Reversal: 50D Support + Hammer + Reversal: Bull Engulf + Support + Reversal: 50D Support + RSI + Higher Low,3,2,28,0.6785714285714286,0.04731146440914001,0.022738314953087202,2.2541546962937264,-0.32162458836443464,0.4585987261146496,0.03207860286449152,2.8000000000000003
WINNERS_20D,CONSENSUS,20,Reversal: 50D Support + Bull Engulf + Reversal: 50D Support + Higher Low + Reversal: Bottom Reclaim + Support + Secondary: Breakdown + 50D Support,4,1,14791,0.5957676965722398,0.02297106185180482,0.007205764611689425,1.6143094864481708,-0.9994049504950495,7.915789473684212,0.010571051988070235,82.62722854519305
WINNERS_20D,CONSENSUS,20,Reversal: 50D Support + Bull Engulf + Reversal: 50D Support + Higher Low + Reversal: Bottom Reclaim + Support + Secondary: Breakdown + 50D Support,4,2,2302,0.6138140747176368,0.03656111619772169,0.01229922992299226,1.992358170951476,-0.9030172413793103,6.198935462408517,0.02004855671754293,94.22442244224419
WINNERS_20D,CONSENSUS,20,Reversal: 50D Support + Bull Engulf + Reversal: 50D Support + Higher Low + Reversal: Bottom Reclaim + Support + Secondary: Breakdown + 50D Support,4,3,60,0.6166666666666667,0.025423919867619847,0.017096360774905284,1.7040641308695186,-0.5592948717948718,0.534375,0.01679763037385069,5.72522960169402
WINNERS_20D,AND,20,Reversal: 50D Support + Bull Engulf + Reversal: 50D Support + Higher Low + Reversal: Bottom Reclaim + Support + Reversal: 50D Support + Volume,4,4,9,0.5555555555555556,0.1220450167311345,0.04630321135175497,7.32336721052845,-0.08696170821901461,0.534375,0.1220450167311345,0.8333333333333333
WINNERS_20D,CONSENSUS,20,Reversal: 50D Support + Bull Engulf + Reversal: 50D Support + Higher Low + Reversal: Bottom Reclaim + Support + Reversal: 50D Support + Volume,4,1,16281,0.5983661937227444,0.021557321143097635,0.00692307692307681,1.5702839893920586,-0.9994049504950495,7.915789473684212,0.009087842260984,81.73588834183633
WINNERS_20D,CONSENSUS,20,Reversal: 50D Support + Bull Engulf + Reversal: 50D Support + Higher Low + Reversal: Bottom Reclaim + Support + Reversal: 50D Support + Volume,4,2,3689,0.5971808078069938,0.0279588640169533,0.008000000000000007,1.7380565863538466,-0.9846058534501175,6.198935462408517,0.014174086315554519,86.16069937116485
WINNERS_20D,CONSENSUS,20,Reversal: 50D Support + Bull Engulf + Reversal: 50D Support + Higher Low + Reversal: Bottom Reclaim + Support + Reversal: 50D Support + Volume,4,3,354,0.6271186440677966,0.026296906907994633,0.013539039996302682,1.7453237005130862,-0.9030172413793103,0.6964285714285712,0.02112756917522873,33.68461511901836
WINNERS_20D,CONSENSUS,20,Reversal: 50D Support + Bull Engulf + Reversal: 50D Support + Higher Low + Reversal: Bottom Reclaim + Support + Reversal: 50D Support + Hammer,4,1,14055,0.5990039131981502,0.022361503236771902,0.006668054977092774,1.613356625837096,-0.9994049504950495,7.915789473684212,0.009451458690538282,81.92362078374833
WINNERS_20D,CONSENSUS,20,Reversal: 50D Support + Bull Engulf + Reversal: 50D Support + Higher Low + Reversal: Bottom Reclaim + Support + Reversal: 50D Support + Hammer,4,2,3051,0.6001311045558834,0.0329239193429642,0.0077319587628865705,1.9225307265223819,-0.9030172413793103,7.915789473684212,0.014791056604197233,86.89226152531285
WINNERS_20D,CONSENSUS,20,Reversal: 50D Support + Bull Engulf + Reversal: 50D Support + Higher Low + Reversal: Bottom Reclaim + Support + Reversal: 50D Support + Hammer,4,3,90,0.6111111111111112,0.027303556538876804,0.006493098247253082,1.7354317888076283,-0.5592948717948718,0.534375,0.021606124589875413,8.088284131689583
WINNERS_20D,AND,20,Reversal: 50D Support + Bull Engulf + Reversal: 50D Support + Higher Low + Reversal: Bottom Reclaim + Support + Reversal: Bull Engulf + Support,4,4,31,0.4838709677419355,0.0058245259365701345,-0.005964214711729698,1.2052829856860425,-0.1262295081967213,0.4585987261146496,-0.00926794740269918,0.9782898466381295
WINNERS_20D,CONSENSUS,20,Reversal: 50D Support + Bull Engulf + Reversal: 50D Support + Higher Low + Reversal: Bottom Reclaim + Support + Reversal: Bull Engulf + Support,4,1,13484,0.5978196380895877,0.021939346399711564,0.006692989773537494,1.62431459324603,-0.9994049504950495,7.915789473684212,0.009733983258535495,81.95683612231934
WINNERS_20D,CONSENSUS,20,Reversal: 50D Support + Bull Engulf + Reversal: 50D Support + Higher Low + Reversal: Bottom Reclaim + Support + Reversal: Bull Engulf + Support,4,2,2418,0.6166253101736973,0.036069597155005476,0.012407024284518009,1.9915518646008716,-0.9030172413793103,6.198935462408517,0.02010667886483338,94.3052682133885
WINNERS_20D,CONSENSUS,20,Reversal: 50D Support + Bull Engulf + Reversal: 50D Support + Higher Low + Reversal: Bottom Reclaim + Support + Reversal: Bull Engulf + Support,4,3,433,0.605080831408776,0.010132586533511739,0.003597122302158251,1.44863710478614,-0.6053897978825795,1.670588235294118,0.0034065024145478197,27.941168201967525
WINNERS_20D,AND,20,Reversal: 50D Support + Bull Engulf + Reversal: 50D Support + Higher Low + Reversal: Bottom Reclaim + Support + Reversal: 50D Support + RSI + Higher Low,4,4,7,0.5714285714285714,0.06730037039908816,0.01510204081632649,3.264913169551582,-0.10222095671981768,0.4585987261146496,0.06730037039908816,0.6409523809523807
WINNERS_20D,CONSENSUS,20,Reversal: 50D Support + Bull Engulf + Reversal: 50D Support + Higher Low + Reversal: Bottom Reclaim + Support + Reversal: 50D Support + RSI + Higher Low,4,1,13010,0.6015372790161414,0.022472672609559288,0.006971094611323947,1.635757697306924,-0.9994049504950495,7.915789473684212,0.010077292262502946,82.78629015537018
WINNERS_20D,CONSENSUS,20,Reversal: 50D Support + Bull Engulf + Reversal: 50D Support + Higher Low + Reversal: Bottom Reclaim + Support + Reversal: 50D Support + RSI + Higher Low,4,2,2548,0.619701726844584,0.035968067302970544,0.013921036446066126,1.9634159982984578,-0.9030172413793103,6.198935462408517,0.020520150896283944,95.4407773345496
WINNERS_20D,CONSENSUS,20,Reversal: 50D Support + Bull Engulf + Reversal: 50D Support + Higher Low + Reversal: Bottom Reclaim + Support + Reversal: 50D Support + RSI + Higher Low,4,3,343,0.6268221574344023,0.06779562703476544,0.03254437869822491,2.093391887565242,-0.9030172413793103,6.198935462408517,0.027284468164000094,34.300000000000004
WINNERS_20D,CONSENSUS,20,Reversal: 50D Support + Bull Engulf + Reversal: 50D Support + Higher Low + Secondary: Breakdown + 50D Support + Reversal: 50D Support + Volume,4,1,15325,0.6040456769983686,0.021060207359536735,0.006904955320877315,1.6316772848464187,-0.9846058534501175,6.810090328266138,0.011029797005070487,83.45106424446087
WINNERS_20D,CONSENSUS,20,Reversal: 50D Support + Bull Engulf + Reversal: 50D Support + Higher Low + Secondary: Breakdown + 50D Support + Reversal: 50D Support + Volume,4,2,2303,0.5848892748588798,0.016180803985416988,0.00493348982785613,1.5326810215740543,-0.9834088927637314,1.0762331838565022,0.00957442777573895,74.54328799792658
WINNERS_20D,CONSENSUS,20,Reversal: 50D Support + Bull Engulf + Reversal: 50D Support + Higher Low + Secondary: Breakdown + 50D Support + Reversal: 50D Support + Volume,4,3,84,0.5476190476190477,0.01716408238182398,0.0026395059948306487,1.716922043737396,-0.5445829338446788,0.534375,0.010932625543050776,5.7634938736264125
WINNERS_20D,CONSENSUS,20,Reversal: 50D Support + Bull Engulf + Reversal: 50D Support + Higher Low + Secondary: Breakdown + 50D Support + Reversal: 50D Support + Hammer,4,1,13255,0.6030931723877782,0.021726141722101713,0.006506309148264888,1.694994019447503,-0.9834088927637314,7.915789473684212,0.011209799605631178,83.28708156542206
WINNERS_20D,CONSENSUS,20,Reversal: 50D Support + Bull Engulf + Reversal: 50D Support + Higher Low + Secondary: Breakdown + 50D Support + Reversal: 50D Support + Hammer,4,2,1317,0.5990888382687927,0.01986849340217326,0.004380724810832293,2.0335949955374035,-0.631116504854369,2.326530612244898,0.011940402465365105,81.95747857078676
WINNERS_20D,CONSENSUS,20,Reversal: 50D Support + Bull Engulf + Reversal: 50D Support + Higher Low + Secondary: Breakdown + 50D Support + Reversal: 50D Support + Hammer,4,3,3,0.0,-0.005447047447726468,-0.000764818355640573,0.0,-0.015576323987538832,0.0,-0.005447047447726468,0.0
WINNERS_20D,CONSENSUS,20,Reversal: 50D Support + Bull Engulf + Reversal: 50D Support + Higher Low + Secondary: Breakdown + 50D Support + Reversal: Bull Engulf + Support,4,1,12545,0.6037465125548027,0.021094024165961026,0.006577736890524433,1.7319937169106483,-0.9834088927637314,6.198935462408517,0.012285510098583315,84.14743524183082
WINNERS_20D,CONSENSUS,20,Reversal: 50D Support + Bull Engulf + Reversal: 50D Support + Higher Low + Secondary: Breakdown + 50D Support + Reversal: Bull Engulf + Support,4,2,863,0.6210892236384704,0.022432557613489074,0.006430868167202508,1.9560810884952795,-0.631116504854369,1.670588235294118,0.015932525471404085,74.88470653258811
WINNERS_20D,CONSENSUS,20,Reversal: 50D Support + Bull Engulf + Reversal: 50D Support + Higher Low + Secondary: Breakdown + 50D Support + Reversal: Bull Engulf + Support,4,3,337,0.5845697329376854,0.0016674179916959428,0.0027728187792002146,1.0975112556862685,-0.6053897978825795,0.4585987261146496,-0.0009808739566039813,14.985438029082262
WINNERS_20D,CONSENSUS,20,Reversal: 50D Support + Bull Engulf + Reversal: 50D Support + Higher Low + Secondary: Breakdown + 50D Support + Reversal: 50D Support + RSI + Higher Low,4,1,12071,0.6079860823461188,0.02163564385375169,0.0068212824010915885,1.7514646523235884,-0.9834088927637314,6.198935462408517,0.0127849855143514,84.70470093658224
WINNERS_20D,CONSENSUS,20,Reversal: 50D Support + Bull Engulf + Reversal: 50D Support + Higher Low + Secondary: Breakdown + 50D Support + Reversal: 50D Support + RSI + Higher Low,4,2,1196,0.6270903010033445,0.03573664613845076,0.012767902860068903,1.9922156031554834,-0.9030172413793103,6.198935462408517,0.01949093010123851,94.19412472098057
WINNERS_20D,CONSENSUS,20,Reversal: 50D Support + Bull Engulf + Reversal: 50D Support + Higher Low + Secondary: Breakdown + 50D Support + Reversal: 50D Support + RSI + Higher Low,4,3,20,0.65,0.03837851309475507,0.020761060038282042,1.8352989688004544,-0.3311688311688312,0.4585987261146496,0.016261659777918516,1.9439248966687779
WINNERS_20D,CONSENSUS,20,Reversal: 50D Support + Bull Engulf + Reversal: 50D Support + Higher Low + Reversal: 50D Support + Volume + Reversal: 50D Support + Hammer,4,1,15036,0.6027533918595371,0.019953729734408482,0.006398907339515425,1.591647811410354,-0.9846058534501175,7.915789473684212,0.008945349992536494,81.46192273344741
WINNERS_20D,CONSENSUS,20,Reversal: 50D Support + Bull Engulf + Reversal: 50D Support + Higher Low + Reversal: 50D Support + Volume + Reversal: 50D Support + Hammer,4,2,2558,0.6000781860828772,0.019458152324152975,0.004838784199506341,1.8622042450532141,-0.9030172413793103,2.9483870967741934,0.012399619364994011,82.38695499752824
WINNERS_20D,CONSENSUS,20,Reversal: 50D Support + Bull Engulf + Reversal: 50D Support + Higher Low + Reversal: 50D Support + Volume + Reversal: 50D Support + Hammer,4,3,161,0.5900621118012422,0.021122011298720614,0.002899835258528549,2.281835864433245,-0.5445829338446788,0.534375,0.017914180119337618,13.516625690210672
WINNERS_20D,AND,20,Reversal: 50D Support + Bull Engulf + Reversal: 50D Support + Higher Low + Reversal: 50D Support + Volume + Reversal: Bull Engulf + Support,4,4,47,0.48936170212765956,-0.004092184223897134,0.0,0.8385763104471863,-0.5445829338446788,0.4585987261146496,-0.014150682274735106,0.9652181098502958
WINNERS_20D,CONSENSUS,20,Reversal: 50D Support + Bull Engulf + Reversal: 50D Support + Higher Low + Reversal: 50D Support + Volume + Reversal: Bull Engulf + Support,4,1,14547,0.6031484154808552,0.01919135542155528,0.006451612903225712,1.6006683319506105,-0.9846058534501175,6.810090328266138,0.009648322107227462,81.26630667939516
WINNERS_20D,CONSENSUS,20,Reversal: 50D Support + Bull Engulf + Reversal: 50D Support + Higher Low + Reversal: 50D Support + Volume + Reversal: Bull Engulf + Support,4,2,1922,0.6129032258064516,0.02172967781548451,0.005740893903321331,1.9947130117511462,-0.9030172413793103,1.670588235294118,0.015677216906243515,86.06358310717363
WINNERS_20D,CONSENSUS,20,Reversal: 50D Support + Bull Engulf + Reversal: 50D Support + Higher Low + Reversal: 50D Support + Volume + Reversal: Bull Engulf + Support,4,3,409,0.5916870415647921,0.007005866458403276,0.0033984212712920847,1.389647556992398,-0.6053897978825795,0.534375,0.0030190420770864314,23.965053777100223
WINNERS_20D,AND,20,Reversal: 50D Support + Bull Engulf + Reversal: 50D Support + Higher Low + Reversal: 50D Support + Volume + Reversal: 50D Support + RSI + Higher Low,4,4,5,0.8,0.16409391160367187,0.026420079260237594,56.287025601852996,-0.0148401826484017,0.4585987261146496,0.16409391160367187,0.5
WINNERS_20D,CONSENSUS,20,Reversal: 50D Support + Bull Engulf + Reversal: 50D Support + Higher Low + Reversal: 50D Support + Volume + Reversal: 50D Support + RSI + Higher Low,4,1,14073,0.6067647267817807,0.01959184048276987,0.006685017695635231,1.6116088032161302,-0.9846058534501175,6.810090328266138,0.009990637668927459,82.09858200619189
WINNERS_20D,CONSENSUS,20,Reversal: 50D Support + Bull Engulf + Reversal: 50D Support + Higher Low + Reversal: 50D Support + Volume + Reversal: 50D Support + RSI + Higher Low,4,2,2230,0.614798206278027,0.0284930084610898,0.007141110977583076,2.0281747112709843,-0.9030172413793103,6.198935462408517,0.016864664787519034,88.00433182382659
WINNERS_20D,CONSENSUS,20,Reversal: 50D Support + Bull Engulf + Reversal: 50D Support + Higher Low + Reversal: 50D Support + Volume + Reversal: 50D Support + RSI + Higher Low,4,3,159,0.6163522012578616,0.023050383760477973,0.011912640635340921,1.5467976362014142,-0.9030172413793103,0.5623529411764705,0.0196370764350603,14.892303760645344
WINNERS_20D,AND,20,Reversal: 50D Support + Bull Engulf + Reversal: 50D Support + Higher Low + Reversal: 50D Support + Hammer + Reversal: Bull Engulf + Support,4,4,2,0.0,-0.007788161993769416,-0.007788161993769416,0.0,-0.015576323987538832,0.0,-0.007788161993769416,0.0
WINNERS_20D,CONSENSUS,20,Reversal: 50D Support + Bull Engulf + Reversal: 50D Support + Higher Low + Reversal: 50D Support + Hammer + Reversal: Bull Engulf + Support,4,1,11999,0.605883823651971,0.020637079480222063,0.0060606060606061,1.7332975770474608,-0.9211320754716981,7.915789473684212,0.010508644863328339,82.42693819295084
WINNERS_20D,CONSENSUS,20,Reversal: 50D Support + Bull Engulf + Reversal: 50D Support + Higher Low + Reversal: 50D Support + Hammer + Reversal: Bull Engulf + Support,4,2,1442,0.6081830790568654,0.019207670943149926,0.004803846153846214,1.9687747487784306,-0.631116504854369,1.670588235294118,0.012689888707233636,82.32797208895981
WINNERS_20D,CONSENSUS,20,Reversal: 50D Support + Bull Engulf + Reversal: 50D Support + Higher Low + Reversal: 50D Support + Hammer + Reversal: Bull Engulf + Support,4,3,345,0.5884057971014492,0.0028538372575614224,0.0029182879377434023,1.1695311500148167,-0.6053897978825795,0.4585987261146496,0.0002779008454720113,16.494725147434206
WINNERS_20D,CONSENSUS,20,Reversal: 50D Support + Bull Engulf + Reversal: 50D Support + Higher Low + Reversal: 50D Support + Hammer + Reversal: 50D Support + RSI + Higher Low,4,1,11525,0.6104121475054229,0.021185565334476367,0.0063331222292590805,1.7542578936652156,-0.9211320754716981,7.915789473684212,0.010918615008608823,82.93880292840093
WINNERS_20D,CONSENSUS,20,Reversal: 50D Support + Bull Engulf + Reversal: 50D Support + Higher Low + Reversal: 50D Support + Hammer + Reversal: 50D Support + RSI + Higher Low,4,2,1771,0.6149068322981367,0.028769661398010123,0.006402561024409836,2.0054724133954234,-0.9030172413793103,6.198935462408517,0.015414687834318149,86.362936644046
WINNERS_20D,CONSENSUS,20,Reversal: 50D Support + Bull Engulf + Reversal: 50D Support + Higher Low + Reversal: 50D Support + Hammer + Reversal: 50D Support + RSI + Higher Low,4,3,34,0.6176470588235294,0.03831678393697163,0.025041315350283422,1.7557991358805183,-0.3311688311688312,0.4585987261146496,0.025580967507345034,3.4000000000000004
WINNERS_20D,AND,20,Reversal: 50D Support + Bull Engulf + Reversal: 50D Support + Higher Low + Reversal: Bull Engulf + Support + Reversal: 50D Support + RSI + Higher Low,4,4,8,0.625,0.04566712301569338,0.011568877551020429,2.756425371729391,-0.10222095671981768,0.4585987261146496,0.04566712301569338,0.7494132653061226
WINNERS_20D,CONSENSUS,20,Reversal: 50D Support + Bull Engulf + Reversal: 50D Support + Higher Low + Reversal: Bull Engulf + Support + Reversal: 50D Support + RSI + Higher Low,4,1,10764,0.6120401337792643,0.020181069115784316,0.006395124014658915,1.8096398348406566,-0.9030172413793103,6.198935462408517,0.012281743409330912,84.00765056799237
WINNERS_20D,CONSENSUS,20,Reversal: 50D Support + Bull Engulf + Reversal: 50D Support + Higher Low + Reversal: Bull Engulf + Support + Reversal: 50D Support + RSI + Higher Low,4,2,1379,0.6316171138506164,0.03500670082162476,0.013126491646777927,1.9861207482808665,-0.9030172413793103,6.198935462408517,0.019300918813537,94.3205578452362
WINNERS_20D,CONSENSUS,20,Reversal: 50D Support + Bull Engulf + Reversal: 50D Support + Higher Low + Reversal: Bull Engulf + Support + Reversal: 50D Support + RSI + Higher Low,4,3,349,0.5873925501432665,0.0027626164497738886,0.0029182879377434023,1.1489377288561609,-0.6053897978825795,0.4585987261146496,-0.00020065117265440907,16.40266946485543
WINNERS_20D,CONSENSUS,20,Reversal: 50D Support + Bull Engulf + Reversal: Bottom Reclaim + Support + Secondary: Breakdown + 50D Support + Reversal: 50D Support + Volume,4,1,10582,0.5802305802305803,0.02725890325735499,0.008844877261999562,1.5471323861349981,-0.9994049504950495,7.915789473684212,0.010714297638300082,81.37447788032144
WINNERS_20D,CONSENSUS,20,Reversal: 50D Support + Bull Engulf + Reversal: Bottom Reclaim + Support + Secondary: Breakdown + 50D Support + Reversal: 50D Support + Volume,4,2,1546,0.5472186287192755,0.010488838449834687,0.006695885679255387,1.17233648274249,-0.9846058534501175,3.0825903331769124,-0.0002095996097765258,51.25279887486365
WINNERS_20D,CONSENSUS,20,Reversal: 50D Support + Bull Engulf + Reversal: Bottom Reclaim + Support + Secondary: Breakdown + 50D Support + Reversal: 50D Support + Volume,4,3,32,0.59375,0.07052701046678211,0.01867499589018584,3.18040749513176,-0.2666666666666666,0.6345467523197716,0.052332825245717945,3.1348665680311267
WINNERS_20D,CONSENSUS,20,Reversal: 50D Support + Bull Engulf + Reversal: Bottom Reclaim + Support + Secondary: Breakdown + 50D Support + Reversal: 50D Support + Hammer,4,1,8550,0.571345029239766,0.028150175004343345,0.008346559629962558,1.536448123990159,-0.9994049504950495,7.915789473684212,0.010241438175016762,79.16516989369549
WINNERS_20D,CONSENSUS,20,Reversal: 50D Support + Bull Engulf + Reversal: Bottom Reclaim + Support + Secondary: Breakdown + 50D Support + Reversal: 50D Support + Hammer,4,2,471,0.535031847133758,0.04037766911670179,0.004359906301649952,1.628723077319089,-0.7883211678832117,7.915789473684212,0.0041019868119531976,30.85916374238031
WINNERS_20D,CONSENSUS,20,Reversal: 50D Support + Bull Engulf + Reversal: Bottom Reclaim + Support + Secondary: Breakdown + 50D Support + Reversal: 50D Support + Hammer,4,3,2,0.5,-0.04946734100101752,-0.04946734100101752,0.5482444337431298,-0.2190004714757191,0.12006578947368407,-0.04946734100101752,0.03494148112477099
WINNERS_20D,CONSENSUS,20,Reversal: 50D Support + Bull Engulf + Reversal: Bottom Reclaim + Support + Secondary: Breakdown + 50D Support + Reversal: Bull Engulf + Support,4,1,7480,0.5657754010695187,0.029336889774588832,0.010796787858470713,1.5411808794880426,-0.9994049504950495,7.915789473684212,0.011197602254020363,80.79169276262142
WINNERS_20D,CONSENSUS,20,Reversal: 50D Support + Bull Engulf + Reversal: Bottom Reclaim + Support + Secondary: Breakdown + 50D Support + Reversal: Bull Engulf + Support,4,2,615,0.6048780487804878,0.012873349226346139,0.004654648572007369,1.4431862709442003,-0.6259314456035767,1.670588235294118,0.005808221232958699,42.91076774892153
WINNERS_20D,CONSENSUS,20,Reversal: 50D Support + Bull Engulf + Reversal: Bottom Reclaim + Support + Secondary: Breakdown + 50D Support + Reversal: Bull Engulf + Support,4,3,98,0.5918367346938775,0.0271548522634613,0.005339299310967327,1.737305668854081,-0.5652173913043479,1.670588235294118,0.010212240067268966,7.869704810967034
WINNERS_20D,CONSENSUS,20,Reversal: 50D Support + Bull Engulf + Reversal: Bottom Reclaim + Support + Secondary: Breakdown + 50D Support + Reversal: 50D Support + RSI + Higher Low,4,1,7252,0.5740485383342526,0.03081387276770459,0.012828952921118963,1.5561165246195825,-0.9994049504950495,7.915789473684212,0.01238562688556938,84.58569124405837
WINNERS_20D,CONSENSUS,20,Reversal: 50D Support + Bull Engulf + Reversal: Bottom Reclaim + Support + Secondary: Breakdown + 50D Support + Reversal: 50D Support + RSI + Higher Low,4,2,476,0.6092436974789915,0.055066425761038804,0.02688305156009696,1.9058947789502452,-0.9030172413793103,6.198935462408517,0.02238103713939796,47.599999999999994
WINNERS_20D,CONSENSUS,20,Reversal: 50D Support + Bull Engulf + Reversal: Bottom Reclaim + Support + Secondary: Breakdown + 50D Support + Reversal: 50D Support + RSI + Higher Low,4,3,7,0.5714285714285714,0.06730037039908816,0.01510204081632649,3.264913169551582,-0.10222095671981768,0.4585987261146496,0.06730037039908816,0.6409523809523807
WINNERS_20D,AND,20,Reversal: 50D Support + Bull Engulf + Reversal: Bottom Reclaim + Support + Reversal: 50D Support + Volume + Reversal: 50D Support + Hammer,4,4,1,0.0,-0.2190004714757191,-0.2190004714757191,0.0,-0.2190004714757191,-0.2190004714757191,-0.2190004714757191,0.0
WINNERS_20D,CONSENSUS,20,Reversal: 50D Support + Bull Engulf + Reversal: Bottom Reclaim + Support + Reversal: 50D Support + Volume + Reversal: 50D Support + Hammer,4,1,10634,0.5787097987586985,0.024504595408815374,0.006802722177742249,1.5037504887838,-0.9994049504950495,7.915789473684212,0.007875775998760891,77.46050675882712
WINNERS_20D,CONSENSUS,20,Reversal: 50D Support + Bull Engulf + Reversal: Bottom Reclaim + Support + Reversal: 50D Support + Volume + Reversal: 50D Support + Hammer,4,2,1481,0.5739365293720459,0.024830778645804127,0.007627458851866775,1.435785893104875,-0.9846058534501175,7.915789473684212,0.0048543297569496515,73.94719457036788
WINNERS_20D,CONSENSUS,20,Reversal: 50D Support + Bull Engulf + Reversal: Bottom Reclaim + Support + Reversal: 50D Support + Volume + Reversal: 50D Support + Hammer,4,3,87,0.5057471264367817,0.017633310745554617,0.001512859304084735,1.3052410366962093,-0.5740008783487045,0.6345467523197716,0.010459898634226509,5.016253326880897
WINNERS_20D,AND,20,Reversal: 50D Support + Bull Engulf + Reversal: Bottom Reclaim + Support + Reversal: 50D Support + Volume + Reversal: Bull Engulf + Support,4,4,14,0.42857142857142855,0.0270261946794438,-0.010655216003558066,1.8196082004595906,-0.2666666666666666,0.4585987261146496,0.0270261946794438,0.8400000000000001
WINNERS_20D,CONSENSUS,20,Reversal: 50D Support + Bull Engulf + Reversal: Bottom Reclaim + Support + Reversal: 50D Support + Volume + Reversal: Bull Engulf + Support,4,1,9804,0.5770093839249286,0.024977833925111655,0.007632054937306454,1.5090595490046097,-0.9994049504950495,7.915789473684212,0.008437108403787965,78.22010315997558
WINNERS_20D,CONSENSUS,20,Reversal: 50D Support + Bull Engulf + Reversal: Bottom Reclaim + Support + Reversal: 50D Support + Volume + Reversal: Bull Engulf + Support,4,2,1371,0.5827862873814734,0.013995067215031387,0.006402561024409836,1.2840571949640436,-0.9846058534501175,3.0825903331769124,0.003924986452912032,65.27272896933574
WINNERS_20D,CONSENSUS,20,Reversal: 50D Support + Bull Engulf + Reversal: Bottom Reclaim + Support + Reversal: 50D Support + Volume + Reversal: Bull Engulf + Support,4,3,184,0.5978260869565217,0.02520835699400908,0.005050908872845095,1.8160064494878463,-0.5652173913043479,1.670588235294118,0.01621721011805221,15.748333754077157
WINNERS_20D,AND,20,Reversal: 50D Support + Bull Engulf + Reversal: Bottom Reclaim + Support + Reversal: 50D Support + Volume + Reversal: 50D Support + RSI + Higher Low,4,4,1,1.0,0.4585987261146496,0.4585987261146496,,0.4585987261146496,0.4585987261146496,0.4585987261146496,0.1
WINNERS_20D,CONSENSUS,20,Reversal: 50D Support + Bull Engulf + Reversal: Bottom Reclaim + Support + Reversal: 50D Support + Volume + Reversal: 50D Support + RSI + Higher Low,4,1,9554,0.5834205568348336,0.02597616382161769,0.008643678160919599,1.5206303240211285,-0.9994049504950495,7.915789473684212,0.00928650214035835,80.68439469843074
WINNERS_20D,CONSENSUS,20,Reversal: 50D Support + Bull Engulf + Reversal: Bottom Reclaim + Support + Reversal: 50D Support + Volume + Reversal: 50D Support + RSI + Higher Low,4,2,1280,0.5765625,0.02843732911304726,0.015175221096800806,1.468273431065443,-0.9846058534501175,6.198935462408517,0.008840478880152198,83.57674883380547
WINNERS_20D,CONSENSUS,20,Reversal: 50D Support + Bull Engulf + Reversal: Bottom Reclaim + Support + Reversal: 50D Support + Volume + Reversal: 50D Support + RSI + Higher Low,4,3,80,0.675,0.05223352474946583,0.030268816667830878,1.9633200306548015,-0.9030172413793103,0.6345467523197716,0.044862471235917654,8.0
WINNERS_20D,AND,20,Reversal: 50D Support + Bull Engulf + Reversal: Bottom Reclaim + Support + Reversal: 50D Support + Hammer + Reversal: Bull Engulf + Support,4,4,1,1.0,0.12006578947368407,0.12006578947368407,,0.12006578947368407,0.12006578947368407,0.12006578947368407,0.1
WINNERS_20D,CONSENSUS,20,Reversal: 50D Support + Bull Engulf + Reversal: Bottom Reclaim + Support + Reversal: 50D Support + Hammer + Reversal: Bull Engulf + Support,4,1,7294,0.5704688785302989,0.02746480729967945,0.006929208176289392,1.5385388086722018,-0.9994049504950495,7.915789473684212,0.008715817566639963,76.8119157289135
WINNERS_20D,CONSENSUS,20,Reversal: 50D Support + Bull Engulf + Reversal: Bottom Reclaim + Support + Reversal: 50D Support + Hammer + Reversal: Bull Engulf + Support,4,2,834,0.5755395683453237,0.022284081892290298,0.003953219512195183,1.5211696020806107,-0.7883211678832117,7.915789473684212,-2.0110306746142215e-05,57.45273880487808
WINNERS_20D,CONSENSUS,20,Reversal: 50D Support + Bull Engulf + Reversal: Bottom Reclaim + Support + Reversal: 50D Support + Hammer + Reversal: Bull Engulf + Support,4,3,107,0.5887850467289719,0.025513567718645463,0.004784688995215447,1.7021211341049862,-0.5652173913043479,1.670588235294118,0.009993995383027796,8.475989421354019
WINNERS_20D,CONSENSUS,20,Reversal: 50D Support + Bull Engulf + Reversal: Bottom Reclaim + Support + Reversal: 50D Support + Hammer + Reversal: 50D Support + RSI + Higher Low,4,1,7059,0.5789771922368607,0.028959308971258743,0.00849979781641741,1.5558329264769784,-0.9994049504950495,7.915789473684212,0.009875258405805033,80.27749087281029
WINNERS_20D,CONSENSUS,20,Reversal: 50D Support + Bull Engulf + Reversal: Bottom Reclaim + Support + Reversal: 50D Support + Hammer + Reversal: 50D Support + RSI + Higher Low,4,2,706,0.5736543909348442,0.05165622205934776,0.017138155665491928,1.774315749745965,-0.9030172413793103,7.915789473684212,0.009576158017900767,60.46522909535643
WINNERS_20D,CONSENSUS,20,Reversal: 50D Support + Bull Engulf + Reversal: Bottom Reclaim + Support + Reversal: 50D Support + Hammer + Reversal: 50D Support + RSI + Higher Low,4,3,13,0.6153846153846154,0.07668440245238617,0.06518071219252297,2.4945968455143768,-0.24,0.4585987261146496,0.07668440245238617,1.3
WINNERS_20D,AND,20,Reversal: 50D Support + Bull Engulf + Reversal: Bottom Reclaim + Support + Reversal: Bull Engulf + Support + Reversal: 50D Support + RSI + Higher Low,4,4,6,0.5,0.05514686509659918,0.003614423088177887,2.5907727479414233,-0.10222095671981768,0.4585987261146496,0.05514686509659918,0.4262649038968005
WINNERS_20D,CONSENSUS,20,Reversal: 50D Support + Bull Engulf + Reversal: Bottom Reclaim + Support + Reversal: Bull Engulf + Support + Reversal: 50D Support + RSI + Higher Low,4,1,5945,0.5739276703111859,0.030198044796477606,0.011414077362079889,1.5565191803229943,-0.9994049504950495,7.915789473684212,0.01079720565993096,82.3130739850391
WINNERS_20D,CONSENSUS,20,Reversal: 50D Support + Bull Engulf + Reversal: Bottom Reclaim + Support + Reversal: Bull Engulf + Support + Reversal: 50D Support + RSI + Higher Low,4,2,896,0.6116071428571429,0.03304812372937978,0.007243465456539977,1.8010555313843306,-0.9030172413793103,6.198935462408517,0.012689248919418144,76.11478406064386
WINNERS_20D,CONSENSUS,20,Reversal: 50D Support + Bull Engulf + Reversal: Bottom Reclaim + Support + Reversal: Bull Engulf + Support + Reversal: 50D Support + RSI + Higher Low,4,3,101,0.6039603960396039,0.028077749679001802,0.006275083612039989,1.7857017575740464,-0.5652173913043479,1.670588235294118,0.011652644822850635,8.428025428942966
WINNERS_20D,CONSENSUS,20,Reversal: 50D Support + Bull Engulf + Secondary: Breakdown + 50D Support + Reversal: 50D Support + Volume + Reversal: 50D Support + Hammer,4,1,8521,0.5805656613073583,0.02100827530811176,0.00592621426989437,1.4832029139089995,-0.9846058534501175,7.915789473684212,0.007854868627611662,76.8168042895059
WINNERS_20D,CONSENSUS,20,Reversal: 50D Support + Bull Engulf + Secondary: Breakdown + 50D Support + Reversal: 50D Support + Volume + Reversal: 50D Support + Hammer,4,2,1034,0.5444874274661509,0.015319248183496843,0.004403642083484538,1.3188071253693248,-0.9834088927637314,2.9483870967741934,0.003498037105912427,58.97353090939179
WINNERS_20D,CONSENSUS,20,Reversal: 50D Support + Bull Engulf + Secondary: Breakdown + 50D Support + Reversal: 50D Support + Volume + Reversal: 50D Support + Hammer,4,3,27,0.5925925925925926,0.027817740410203493,0.01344860710854956,1.4132124971546056,-0.4607843137254901,1.0762331838565022,-0.01250593049157723,2.089946584334368
WINNERS_20D,CONSENSUS,20,Reversal: 50D Support + Bull Engulf + Secondary: Breakdown + 50D Support + Reversal: 50D Support + Volume + Reversal: Bull Engulf + Support,4,1,7555,0.5796161482461946,0.020590015039924272,0.006446414182111226,1.4840010597988431,-0.9846058534501175,6.810090328266138,0.009293331516803534,78.1408516451992
WINNERS_20D,CONSENSUS,20,Reversal: 50D Support + Bull Engulf + Secondary: Breakdown + 50D Support + Reversal: 50D Support + Volume + Reversal: Bull Engulf + Support,4,2,1115,0.5614349775784754,0.00895370193388721,0.004317111459968492,1.214988502619607,-0.9834088927637314,1.670588235294118,0.0006971195040125238,51.53667979694566
WINNERS_20D,CONSENSUS,20,Reversal: 50D Support + Bull Engulf + Secondary: Breakdown + 50D Support + Reversal: 50D Support + Volume + Reversal: Bull Engulf + Support,4,3,82,0.5487804878048781,0.005817454648364176,0.0026395059948306487,1.243000305821473,-0.5445829338446788,0.4585987261146496,0.00022756240803966524,3.7021230725650676
WINNERS_20D,CONSENSUS,20,Reversal: 50D Support + Bull Engulf + Secondary: Breakdown + 50D Support + Reversal: 50D Support + Volume + Reversal: 50D Support + RSI + Higher Low,4,1,7537,0.588563088762107,0.023714435881902206,0.007858546168958647,1.5378024620244914,-0.9846058534501175,6.810090328266138,0.010857400189860084,82.13080789613187
WINNERS_20D,CONSENSUS,20,Reversal: 50D Support + Bull Engulf + Secondary: Breakdown + 50D Support + Reversal: 50D Support + Volume + Reversal: 50D Support + RSI + Higher Low,4,2,752,0.538563829787234,0.008761310532789788,0.005516696204981741,1.1589447238734716,-0.9834088927637314,1.0762331838565022,0.000998323745364544,35.88841731186741
WINNERS_20D,CONSENSUS,20,Reversal: 50D Support + Bull Engulf + Secondary: Breakdown + 50D Support + Reversal: 50D Support + Volume + Reversal: 50D Support + RSI + Higher Low,4,3,5,0.8,0.16409391160367187,0.026420079260237594,56.287025601852996,-0.0148401826484017,0.4585987261146496,0.16409391160367187,0.5
WINNERS_20D,CONSENSUS,20,Reversal: 50D Support + Bull Engulf + Secondary: Breakdown + 50D Support + Reversal: 50D Support + Hammer + Reversal: Bull Engulf + Support,4,1,5030,0.562624254473161,0.0214084811867714,0.004803846153846214,1.5077011501043496,-0.9834088927637314,7.915789473684212,0.00771123363983748,73.15701892412294
WINNERS_20D,CONSENSUS,20,Reversal: 50D Support + Bull Engulf + Secondary: Breakdown + 50D Support + Reversal: 50D Support + Hammer + Reversal: Bull Engulf + Support,4,2,576,0.6024305555555556,0.01840640732809159,0.003953219512195183,1.7348380617361032,-0.6259314456035767,2.326530612244898,0.00698526075733482,44.127514097417716
WINNERS_20D,CONSENSUS,20,Reversal: 50D Support + Bull Engulf + Secondary: Breakdown + 50D Support + Reversal: 50D Support + Hammer + Reversal: Bull Engulf + Support,4,3,9,0.6666666666666666,0.04531583166947331,0.01344860710854956,7.817359658673416,-0.044247787610619316,0.18279569892473124,0.04531583166947331,0.8557780979827094
WINNERS_20D,CONSENSUS,20,Reversal: 50D Support + Bull Engulf + Secondary: Breakdown + 50D Support + Reversal: 50D Support + Hammer + Reversal: 50D Support + RSI + Higher Low,4,1,5061,0.5773562537048014,0.02619786323738197,0.006360078277886538,1.5865482599375311,-0.9834088927637314,7.915789473684212,0.01032442941410757,78.73942305312916
WINNERS_20D,CONSENSUS,20,Reversal: 50D Support + Bull Engulf + Secondary: Breakdown + 50D Support + Reversal: 50D Support + Hammer + Reversal: 50D Support + RSI + Higher Low,4,2,96,0.5833333333333334,0.06493659778720066,0.016832699181367428,2.3685777953010403,-0.4607843137254901,2.326530612244898,0.04113034500343544,9.10528767439179
WINNERS_20D,CONSENSUS,20,Reversal: 50D Support + Bull Engulf + Secondary: Breakdown + 50D Support + Reversal: Bull Engulf + Support + Reversal: 50D Support + RSI + Higher Low,4,1,3787,0.5732770002640613,0.02703297451974592,0.008956937799043052,1.6171922437966215,-0.9834088927637314,6.198935462408517,0.013981194699304873,82.74976608443781
WINNERS_20D,CONSENSUS,20,Reversal: 50D Support + Bull Engulf + Secondary: Breakdown + 50D Support + Reversal: Bull Engulf + Support + Reversal: 50D Support + RSI + Higher Low,4,2,532,0.6127819548872181,0.012213091715046092,0.004306527090366052,1.5260657536457536,-0.6259314456035767,1.670588235294118,0.0061711713898972165,37.27796648602957
WINNERS_20D,CONSENSUS,20,Reversal: 50D Support + Bull Engulf + Secondary: Breakdown + 50D Support + Reversal: Bull Engulf + Support + Reversal: 50D Support + RSI + Higher Low,4,3,8,0.625,0.04566712301569338,0.011568877551020429,2.756425371729391,-0.10222095671981768,0.4585987261146496,0.04566712301569338,0.7494132653061226
WINNERS_20D,AND,20,Reversal: 50D Support + Bull Engulf + Reversal: 50D Support + Volume + Reversal: 50D Support + Hammer + Reversal: Bull Engulf + Support,4,4,2,1.0,0.017631342787197357,0.017631342787197357,,0.01344860710854956,0.021814078465845155,0.017631342787197357,0.18815671393598676
WINNERS_20D,CONSENSUS,20,Reversal: 50D Support + Bull Engulf + Reversal: 50D Support + Volume + Reversal: 50D Support + Hammer + Reversal: Bull Engulf + Support,4,1,7771,0.5762450135117746,0.017786643802928017,0.004990642545227519,1.4249416011857317,-0.9846058534501175,7.915789473684212,0.0049054738281394325,69.99859335467785
WINNERS_20D,CONSENSUS,20,Reversal: 50D Support + Bull Engulf + Reversal: 50D Support + Volume + Reversal: 50D Support + Hammer + Reversal: Bull Engulf + Support,4,2,931,0.6047261009667024,0.020130945822425198,0.004892367906066397,1.6976303527780974,-0.6259314456035767,2.9483870967741934,0.009737255277226388,75.38513438773418
WINNERS_20D,CONSENSUS,20,Reversal: 50D Support + Bull Engulf + Reversal: 50D Support + Volume + Reversal: 50D Support + Hammer + Reversal: Bull Engulf + Support,4,3,91,0.5494505494505495,0.00841555816182771,0.0030800821355236874,1.3415902035050904,-0.5445829338446788,0.4585987261146496,0.0034135229623519113,4.752082815972385
WINNERS_20D,CONSENSUS,20,Reversal: 50D Support + Bull Engulf + Reversal: 50D Support + Volume + Reversal: 50D Support + Hammer + Reversal: 50D Support + RSI + Higher Low,4,1,7744,0.5848398760330579,0.020805181556916602,0.005853598035244212,1.4803317426148213,-0.9846058534501175,7.915789473684212,0.006390964705602463,76.32893043805834
WINNERS_20D,CONSENSUS,20,Reversal: 50D Support + Bull Engulf + Reversal: 50D Support + Volume + Reversal: 50D Support + Hammer + Reversal: 50D Support + RSI + Higher Low,4,2,582,0.6013745704467354,0.027033886516011015,0.006442038765433811,1.6922578983205894,-0.9030172413793103,2.9483870967741934,0.016166289161628333,50.60853514016262
WINNERS_20D,CONSENSUS,20,Reversal: 50D Support + Bull Engulf + Reversal: 50D Support + Volume + Reversal: 50D Support + Hammer + Reversal: 50D Support + RSI + Higher Low,4,3,11,0.8181818181818182,0.09460507808608211,0.026420079260237594,5.450277745094448,-0.2190004714757191,0.4585987261146496,0.09460507808608211,1.0999999999999999
WINNERS_20D,AND,20,Reversal: 50D Support + Bull Engulf + Reversal: 50D Support + Volume + Reversal: Bull Engulf + Support + Reversal: 50D Support + RSI + Higher Low,4,4,2,1.0,0.2425094026874436,0.2425094026874436,,0.026420079260237594,0.4585987261146496,0.2425094026874436,0.2
WINNERS_20D,CONSENSUS,20,Reversal: 50D Support + Bull Engulf + Reversal: 50D Support + Volume + Reversal: Bull Engulf + Support + Reversal: 50D Support + RSI + Higher Low,4,1,6759,0.5848498298564876,0.01999773232347406,0.006402561024409836,1.4723005131287454,-0.9846058534501175,6.810090328266138,0.007686688284174211,77.57798283313912
WINNERS_20D,CONSENSUS,20,Reversal: 50D Support + Bull Engulf + Reversal: 50D Support + Volume + Reversal: Bull Engulf + Support + Reversal: 50D Support + RSI + Higher Low,4,2,655,0.6213740458015267,0.018263342055844067,0.005681818181818121,1.6703621459689324,-0.9030172413793103,1.670588235294118,0.011803352366883393,53.302079078627486
WINNERS_20D,CONSENSUS,20,Reversal: 50D Support + Bull Engulf + Reversal: 50D Support + Volume + Reversal: Bull Engulf + Support + Reversal: 50D Support + RSI + Higher Low,4,3,91,0.5494505494505495,0.007613189149010928,0.0030800821355236874,1.3169361827572226,-0.5445829338446788,0.4585987261146496,0.002602238738281611,4.58630515604566
WINNERS_20D,CONSENSUS,20,Reversal: 50D Support + Bull Engulf + Reversal: 50D Support + Hammer + Reversal: Bull Engulf + Support + Reversal: 50D Support + RSI + Higher Low,4,1,3805,0.5776609724047306,0.02423960420528685,0.004901720022396638,1.6174732142384707,-0.9211320754716981,7.915789473684212,0.007206588468989531,75.35806010266138
WINNERS_20D,CONSENSUS,20,Reversal: 50D Support + Bull Engulf + Reversal: 50D Support + Hammer + Reversal: Bull Engulf + Support + Reversal: 50D Support + RSI + Higher Low,4,2,548,0.6131386861313869,0.014556073503640146,0.004500610161220608,1.5967048861239934,-0.6259314456035767,1.670588235294118,0.007370390002228897,40.25570934717255
WINNERS_20D,CONSENSUS,20,Reversal: 50D Support + Bull Engulf + Reversal: 50D Support + Hammer + Reversal: Bull Engulf + Support + Reversal: 50D Support + RSI + Higher Low,4,3,17,0.6470588235294118,0.045481145244165105,0.01344860710854956,3.8868895766804266,-0.10222095671981768,0.4585987261146496,0.045481145244165105,1.616469740634007
WINNERS_20D,CONSENSUS,20,Reversal: 50D Support + Higher Low + Reversal: Bottom Reclaim + Support + Secondary: Breakdown + 50D Support + Reversal: 50D Support + Volume,4,1,17371,0.5963962926716943,0.022657805725571446,0.007204916295825425,1.5888190888288358,-0.9994049504950495,7.915789473684212,0.01005850515950048,82.34694820344346
WINNERS_20D,CONSENSUS,20,Reversal: 50D Support + Higher Low + Reversal: Bottom Reclaim + Support + Secondary: Breakdown + 50D Support + Reversal: 50D Support + Volume,4,2,3522,0.5814877910278251,0.025084122397876798,0.007797270955165803,1.5705773669666223,-0.9846058534501175,6.198935462408517,0.010741260168975603,80.81853018107691
WINNERS_20D,CONSENSUS,20,Reversal: 50D Support + Higher Low + Reversal: Bottom Reclaim + Support + Secondary: Breakdown + 50D Support + Reversal: 50D Support + Volume,4,3,205,0.6585365853658537,0.036001161220016085,0.020458139890821903,1.946380864254736,-0.9030172413793103,0.6964285714285712,0.0301549583127993,20.5
WINNERS_20D,CONSENSUS,20,Reversal: 50D Support + Higher Low + Reversal: Bottom Reclaim + Support + Secondary: Breakdown + 50D Support + Reversal: 50D Support + Hammer,4,1,15591,0.5939323968956449,0.02268868517540665,0.006797281087564944,1.594352039031145,-0.9994049504950495,7.915789473684212,0.009884345002065533,81.49995238316367
WINNERS_20D,CONSENSUS,20,Reversal: 50D Support + Higher Low + Reversal: Bottom Reclaim + Support + Secondary: Breakdown + 50D Support + Reversal: 50D Support + Hammer,4,2,2345,0.5965884861407249,0.03718781663759623,0.008491508491508482,1.9504045534775454,-0.9030172413793103,7.915789473684212,0.015242911545023911,87.2322293841868
WINNERS_20D,CONSENSUS,20,Reversal: 50D Support + Higher Low + Reversal: Bottom Reclaim + Support + Secondary: Breakdown + 50D Support + Reversal: 50D Support + Hammer,4,3,25,0.68,0.04188642883147741,0.0062681261109551745,2.114743001335015,-0.2711496746203905,0.4031971580817053,0.026831815112717913,2.24252736458041
WINNERS_20D,CONSENSUS,20,Reversal: 50D Support + Higher Low + Reversal: Bottom Reclaim + Support + Secondary: Breakdown + 50D Support + Reversal: Bull Engulf + Support,4,1,15178,0.5929634998023455,0.02243110441129922,0.0068540496411315655,1.6055214300668308,-0.9994049504950495,7.915789473684212,0.010189208912580355,81.60969388234153
WINNERS_20D,CONSENSUS,20,Reversal: 50D Support + Higher Low + Reversal: Bottom Reclaim + Support + Secondary: Breakdown + 50D Support + Reversal: Bull Engulf + Support,4,2,1922,0.6165452653485952,0.037339903901055335,0.01151632538592684,1.9891688960435252,-0.9030172413793103,6.198935462408517,0.018979954121340823,92.87220963045073
WINNERS_20D,CONSENSUS,20,Reversal: 50D Support + Higher Low + Reversal: Bottom Reclaim + Support + Secondary: Breakdown + 50D Support + Reversal: Bull Engulf + Support,4,3,31,0.4838709677419355,0.0058245259365701345,-0.005964214711729698,1.2052829856860425,-0.1262295081967213,0.4585987261146496,-0.00926794740269918,0.9782898466381295
WINNERS_20D,CONSENSUS,20,Reversal: 50D Support + Higher Low + Reversal: Bottom Reclaim + Support + Secondary: Breakdown + 50D Support + Reversal: 50D Support + RSI + Higher Low,4,1,14588,0.595489443378119,0.022891830965019695,0.007139893301719047,1.61258963294916,-0.9994049504950495,7.915789473684212,0.010456282167990032,82.44537216530165
WINNERS_20D,CONSENSUS,20,Reversal: 50D Support + Higher Low + Reversal: Bottom Reclaim + Support + Secondary: Breakdown + 50D Support + Reversal: 50D Support + RSI + Higher Low,4,2,1808,0.6277654867256637,0.04241412289313609,0.020057044840662175,2.0094588193669387,-0.9030172413793103,6.198935462408517,0.023754943996330786,100.0
WINNERS_20D,CONSENSUS,20,Reversal: 50D Support + Higher Low + Reversal: Bottom Reclaim + Support + Secondary: Breakdown + 50D Support + Reversal: 50D Support + RSI + Higher Low,4,3,277,0.6245487364620939,0.07907256247133389,0.035409035409035505,2.1777036660040316,-0.9030172413793103,6.198935462408517,0.03532481710725972,27.700000000000003
WINNERS_20D,AND,20,Reversal: 50D Support + Higher Low + Reversal: Bottom Reclaim + Support + Reversal: 50D Support + Volume + Reversal: 50D Support + Hammer,4,4,3,0.6666666666666666,0.059736131132178426,0.019310756972111598,3.335960569738556,-0.0767172167707405,0.23661485319516418,0.059736131132178426,0.2984492031872511
WINNERS_20D,CONSENSUS,20,Reversal: 50D Support + Higher Low + Reversal: Bottom Reclaim + Support + Reversal: 50D Support + Volume + Reversal: 50D Support + Hammer,4,1,16946,0.5960108580195916,0.02139026781680278,0.006650832854888544,1.5561893090638321,-0.9994049504950495,7.915789473684212,0.008534675688924501,80.72427441112504
WINNERS_20D,CONSENSUS,20,Reversal: 50D Support + Higher Low + Reversal: Bottom Reclaim + Support + Reversal: 50D Support + Volume + Reversal: 50D Support + Hammer,4,2,3849,0.5900233826968043,0.02850620712929257,0.006718070383550989,1.7279344932329719,-0.9846058534501175,7.915789473684212,0.01128041848131807,81.83609709811918
WINNERS_20D,CONSENSUS,20,Reversal: 50D Support + Higher Low + Reversal: Bottom Reclaim + Support + Reversal: 50D Support + Volume + Reversal: 50D Support + Hammer,4,3,343,0.6209912536443148,0.025309643744016723,0.008768433638900008,1.6614793525054785,-0.9030172413793103,0.6964285714285712,0.020258974387037325,31.410679553607036
WINNERS_20D,AND,20,Reversal: 50D Support + Higher Low + Reversal: Bottom Reclaim + Support + Reversal: 50D Support + Volume + Reversal: Bull Engulf + Support,4,4,4,0.25,0.09296367477014017,-0.01705796611865973,5.28680465727546,-0.05262809479676944,0.4585987261146496,0.09296367477014017,0.24
WINNERS_20D,CONSENSUS,20,Reversal: 50D Support + Higher Low + Reversal: Bottom Reclaim + Support + Reversal: 50D Support + Volume + Reversal: Bull Engulf + Support,4,1,16684,0.5956605130664109,0.021122480059443564,0.006709402212968785,1.563827184600753,-0.9994049504950495,7.915789473684212,0.00881087513436964,80.91696018823895
WINNERS_20D,CONSENSUS,20,Reversal: 50D Support + Higher Low + Reversal: Bottom Reclaim + Support + Reversal: 50D Support + Volume + Reversal: Bull Engulf + Support,4,2,3338,0.597663271420012,0.027580881539217023,0.00765782866278697,1.7176266026219527,-0.9846058534501175,6.198935462408517,0.012979671359474435,85.08867025336471
WINNERS_20D,CONSENSUS,20,Reversal: 50D Support + Higher Low + Reversal: Bottom Reclaim + Support + Reversal: 50D Support + Volume + Reversal: Bull Engulf + Support,4,3,285,0.6175438596491228,0.023267608153980136,0.010590708429682572,1.6584624895023297,-0.9030172413793103,0.6964285714285712,0.01898405233667596,26.271605113809134
WINNERS_20D,AND,20,Reversal: 50D Support + Higher Low + Reversal: Bottom Reclaim + Support + Reversal: 50D Support + Volume + Reversal: 50D Support + RSI + Higher Low,4,4,39,0.7692307692307693,0.051436965962877196,0.06880108991825606,1.6513362973248866,-0.9030172413793103,0.5623529411764705,0.037991808720414216,3.9
WINNERS_20D,CONSENSUS,20,Reversal: 50D Support + Higher Low + Reversal: Bottom Reclaim + Support + Reversal: 50D Support + Volume + Reversal: 50D Support + RSI + Higher Low,4,1,16119,0.5981760655127489,0.021499909211987186,0.006869479882237517,1.5697099704966446,-0.9994049504950495,7.915789473684212,0.008995849369179553,81.59500785735429
WINNERS_20D,CONSENSUS,20,Reversal: 50D Support + Higher Low + Reversal: Bottom Reclaim + Support + Reversal: 50D Support + Volume + Reversal: 50D Support + RSI + Higher Low,4,2,3226,0.6007439553626782,0.02934635429231447,0.009968944099378874,1.7168572689631674,-0.9846058534501175,6.198935462408517,0.01471012036236183,88.50929834630551
WINNERS_20D,CONSENSUS,20,Reversal: 50D Support + Higher Low + Reversal: Bottom Reclaim + Support + Reversal: 50D Support + Volume + Reversal: 50D Support + RSI + Higher Low,4,3,469,0.6289978678038379,0.060485824011818255,0.026196473551637345,2.180070169241117,-0.9030172413793103,6.198935462408517,0.029370307042069756,46.9
WINNERS_20D,CONSENSUS,20,Reversal: 50D Support + Higher Low + Reversal: Bottom Reclaim + Support + Reversal: 50D Support + Hammer + Reversal: Bull Engulf + Support,4,1,14445,0.5959847698165455,0.021885278099037737,0.00641916167664669,1.6060898960160448,-0.9994049504950495,7.915789473684212,0.009125423677648386,80.98923398514555
WINNERS_20D,CONSENSUS,20,Reversal: 50D Support + Higher Low + Reversal: Bottom Reclaim + Support + Reversal: 50D Support + Hammer + Reversal: Bull Engulf + Support,4,2,2670,0.599625468164794,0.03246709033449771,0.006989099987821157,1.8951730727177831,-0.9030172413793103,7.915789473684212,0.012924919365047742,84.87309254211733
WINNERS_20D,CONSENSUS,20,Reversal: 50D Support + Higher Low + Reversal: Bottom Reclaim + Support + Reversal: 50D Support + Hammer + Reversal: Bull Engulf + Support,4,3,59,0.559322033898305,0.022579838818758555,0.004184100418409997,1.7261909213671331,-0.2711496746203905,0.4585987261146496,0.015062271796415606,4.581651970506032
WINNERS_20D,AND,20,Reversal: 50D Support + Higher Low + Reversal: Bottom Reclaim + Support + Reversal: 50D Support + Hammer + Reversal: 50D Support + RSI + Higher Low,4,4,4,0.75,0.15618233027235956,0.23076608150386646,3.6030388378726594,-0.24,0.4031971580817053,0.15618233027235956,0.4
WINNERS_20D,CONSENSUS,20,Reversal: 50D Support + Higher Low + Reversal: Bottom Reclaim + Support + Reversal: 50D Support + Hammer + Reversal: 50D Support + RSI + Higher Low,4,1,13861,0.5988745400764736,0.022359347992435396,0.006615878107457895,1.6142945809278113,-0.9994049504950495,7.915789473684212,0.009379730940937669,81.8091301323756
WINNERS_20D,CONSENSUS,20,Reversal: 50D Support + Higher Low + Reversal: Bottom Reclaim + Support + Reversal: 50D Support + Hammer + Reversal: 50D Support + RSI + Higher Low,4,2,2546,0.605655930871956,0.03593043767431342,0.009831327584573057,1.917777700838928,-0.9030172413793103,7.915789473684212,0.016041235717088796,89.4044224762464
WINNERS_20D,CONSENSUS,20,Reversal: 50D Support + Higher Low + Reversal: Bottom Reclaim + Support + Reversal: 50D Support + Hammer + Reversal: 50D Support + RSI + Higher Low,4,3,305,0.6295081967213115,0.07295850300810709,0.028301886792452935,2.1212531993415418,-0.9030172413793103,6.198935462408517,0.027401200398371357,30.5
WINNERS_20D,AND,20,Reversal: 50D Support + Higher Low + Reversal: Bottom Reclaim + Support + Reversal: Bull Engulf + Support + Reversal: 50D Support + RSI + Higher Low,4,4,6,0.5,0.05514686509659918,0.003614423088177887,2.5907727479414233,-0.10222095671981768,0.4585987261146496,0.05514686509659918,0.4262649038968005
WINNERS_20D,CONSENSUS,20,Reversal: 50D Support + Higher Low + Reversal: Bottom Reclaim + Support + Reversal: Bull Engulf + Support + Reversal: 50D Support + RSI + Higher Low,4,1,13397,0.598193625438531,0.02187533011532589,0.006673021925643452,1.6248038071729234,-0.9994049504950495,7.915789473684212,0.009701640389393406,81.97993430936614
WINNERS_20D,CONSENSUS,20,Reversal: 50D Support + Higher Low + Reversal: Bottom Reclaim + Support + Reversal: Bull Engulf + Support + Reversal: 50D Support + RSI + Higher Low,4,2,2179,0.6232216613125287,0.03649024927682308,0.013126491646777927,1.9513426145278943,-0.9030172413793103,6.198935462408517,0.01967916981596358,94.60424609705613
WINNERS_20D,CONSENSUS,20,Reversal: 50D Support + Higher Low + Reversal: Bottom Reclaim + Support + Reversal: Bull Engulf + Support + Reversal: 50D Support + RSI + Higher Low,4,3,304,0.6151315789473685,0.07166853523539315,0.02768448131494239,2.1306467749439717,-0.9030172413793103,6.198935462408517,0.025947022639186072,30.4
WINNERS_20D,CONSENSUS,20,Reversal: 50D Support + Higher Low + Secondary: Breakdown + 50D Support + Reversal: 50D Support + Volume + Reversal: 50D Support + Hammer,4,1,15995,0.600875273522976,0.021222884103346194,0.006616257088846833,1.6145346299082128,-0.9846058534501175,7.915789473684212,0.010086610126130437,82.52715041123295
WINNERS_20D,CONSENSUS,20,Reversal: 50D Support + Higher Low + Secondary: Breakdown + 50D Support + Reversal: 50D Support + Volume + Reversal: 50D Support + Hammer,4,2,2432,0.5731907894736842,0.0146826708839444,0.0040000000000000036,1.4679066078460505,-0.9834088927637314,2.9483870967741934,0.006383116141711816,67.46691636660981
WINNERS_20D,CONSENSUS,20,Reversal: 50D Support + Higher Low + Secondary: Breakdown + 50D Support + Reversal: 50D Support + Volume + Reversal: 50D Support + Hammer,4,3,93,0.6344086021505376,0.030358561688940872,0.003894839337877487,2.408019071194709,-0.4607843137254901,1.0762331838565022,0.018990359274076073,8.10624260318376
WINNERS_20D,CONSENSUS,20,Reversal: 50D Support + Higher Low + Secondary: Breakdown + 50D Support + Reversal: 50D Support + Volume + Reversal: Bull Engulf + Support,4,1,15675,0.6015948963317385,0.020724416800782457,0.006711409395973034,1.6294718417924603,-0.9846058534501175,6.810090328266138,0.010816100499158666,83.14563242134878
WINNERS_20D,CONSENSUS,20,Reversal: 50D Support + Higher Low + Secondary: Breakdown + 50D Support + Reversal: 50D Support + Volume + Reversal: Bull Engulf + Support,4,2,1968,0.5767276422764228,0.012065045435442685,0.0038891672417542544,1.3875587341058602,-0.9834088927637314,1.0762331838565022,0.0057102430601236615,63.51185577635259
WINNERS_20D,CONSENSUS,20,Reversal: 50D Support + Higher Low + Secondary: Breakdown + 50D Support + Reversal: 50D Support + Volume + Reversal: Bull Engulf + Support,4,3,47,0.48936170212765956,-0.004092184223897134,0.0,0.8385763104471863,-0.5445829338446788,0.4585987261146496,-0.014150682274735106,0.9652181098502958
WINNERS_20D,CONSENSUS,20,Reversal: 50D Support + Higher Low + Secondary: Breakdown + 50D Support + Reversal: 50D Support + Volume + Reversal: 50D Support + RSI + Higher Low,4,1,15053,0.6042649305786222,0.021027749248467165,0.00685602350636616,1.6368853946390611,-0.9846058534501175,6.810090328266138,0.011068449907594657,83.44335506047061
WINNERS_20D,CONSENSUS,20,Reversal: 50D Support + Higher Low + Secondary: Breakdown + 50D Support + Reversal: 50D Support + Volume + Reversal: 50D Support + RSI + Higher Low,4,2,2114,0.586565752128666,0.02313448887323919,0.006419824496547988,1.5982828735083705,-0.9834088927637314,6.198935462408517,0.010406764773142355,80.38090064037875
WINNERS_20D,CONSENSUS,20,Reversal: 50D Support + Higher Low + Secondary: Breakdown + 50D Support + Reversal: 50D Support + Volume + Reversal: 50D Support + RSI + Higher Low,4,3,65,0.7230769230769231,0.04763995310745232,0.035409035409035505,1.814385438467392,-0.9030172413793103,0.5623529411764705,0.03959756266887392,6.5
WINNERS_20D,CONSENSUS,20,Reversal: 50D Support + Higher Low + Secondary: Breakdown + 50D Support + Reversal: 50D Support + Hammer + Reversal: Bull Engulf + Support,4,1,13580,0.6002945508100147,0.021290561033226005,0.006327862616434143,1.6903214720583062,-0.9834088927637314,7.915789473684212,0.010880306835186126,82.90612708871521
WINNERS_20D,CONSENSUS,20,Reversal: 50D Support + Higher Low + Secondary: Breakdown + 50D Support + Reversal: 50D Support + Hammer + Reversal: Bull Engulf + Support,4,2,971,0.5859938208032955,0.012330884155365223,0.003114264303718528,1.7265113457620536,-0.6053897978825795,2.326530612244898,0.004971417060519503,64.14501930169929
WINNERS_20D,CONSENSUS,20,Reversal: 50D Support + Higher Low + Secondary: Breakdown + 50D Support + Reversal: 50D Support + Hammer + Reversal: Bull Engulf + Support,4,3,2,0.0,-0.007788161993769416,-0.007788161993769416,0.0,-0.015576323987538832,0.0,-0.007788161993769416,0.0
WINNERS_20D,CONSENSUS,20,Reversal: 50D Support + Higher Low + Secondary: Breakdown + 50D Support + Reversal: 50D Support + Hammer + Reversal: 50D Support + RSI + Higher Low,4,1,12930,0.6034029389017788,0.021698016224705657,0.006449013542668469,1.7031066610711543,-0.9834088927637314,7.915789473684212,0.011180931053048751,83.22245844678791
WINNERS_20D,CONSENSUS,20,Reversal: 50D Support + Higher Low + Secondary: Breakdown + 50D Support + Reversal: 50D Support + Hammer + Reversal: 50D Support + RSI + Higher Low,4,2,1154,0.6117850953206239,0.03475159918442568,0.006989099987821157,2.0146375053933445,-0.9030172413793103,6.198935462408517,0.016038599613269852,87.27077470081825
WINNERS_20D,CONSENSUS,20,Reversal: 50D Support + Higher Low + Secondary: Breakdown + 50D Support + Reversal: 50D Support + Hammer + Reversal: 50D Support + RSI + Higher Low,4,3,11,0.7272727272727273,0.05014013948228307,0.07619047619047614,1.6995337544846545,-0.32162458836443464,0.4031971580817053,0.05014013948228307,1.0999999999999999
WINNERS_20D,CONSENSUS,20,Reversal: 50D Support + Higher Low + Secondary: Breakdown + 50D Support + Reversal: Bull Engulf + Support + Reversal: 50D Support + RSI + Higher Low,4,1,12392,0.6048256939961265,0.021092727605854327,0.006574468563824598,1.7430319152355325,-0.9834088927637314,6.198935462408517,0.012370522873655657,84.20874357811017
WINNERS_20D,CONSENSUS,20,Reversal: 50D Support + Higher Low + Secondary: Breakdown + 50D Support + Reversal: Bull Engulf + Support + Reversal: 50D Support + RSI + Higher Low,4,2,865,0.6242774566473989,0.03454230792317984,0.00962695547533099,1.8493538649093892,-0.9030172413793103,6.198935462408517,0.014492144062813378,76.19726582537116
WINNERS_20D,CONSENSUS,20,Reversal: 50D Support + Higher Low + Secondary: Breakdown + 50D Support + Reversal: Bull Engulf + Support + Reversal: 50D Support + RSI + Higher Low,4,3,8,0.625,0.04566712301569338,0.011568877551020429,2.756425371729391,-0.10222095671981768,0.4585987261146496,0.04566712301569338,0.7494132653061226
WINNERS_20D,CONSENSUS,20,Reversal: 50D Support + Higher Low + Reversal: 50D Support + Volume + Reversal: 50D Support + Hammer + Reversal: Bull Engulf + Support,4,1,15388,0.6002729399532103,0.019700040155540794,0.006223166336456365,1.591793495347515,-0.9846058534501175,7.915789473684212,0.00880553066359357,80.97156290557824
WINNERS_20D,CONSENSUS,20,Reversal: 50D Support + Higher Low + Reversal: 50D Support + Volume + Reversal: 50D Support + Hammer + Reversal: Bull Engulf + Support,4,2,2224,0.5948741007194245,0.015807836923535042,0.004094050209205058,1.713856450027621,-0.9030172413793103,2.9483870967741934,0.008997545181961749,74.77221692014756
WINNERS_20D,CONSENSUS,20,Reversal: 50D Support + Higher Low + Reversal: 50D Support + Volume + Reversal: 50D Support + Hammer + Reversal: Bull Engulf + Support,4,3,121,0.5867768595041323,0.015298250799534594,0.00219892985413761,2.1471888358275413,-0.5445829338446788,0.47101517599163567,0.011500609756267087,8.877654899721245
WINNERS_20D,AND,20,Reversal: 50D Support + Higher Low + Reversal: 50D Support + Volume + Reversal: 50D Support + Hammer + Reversal: 50D Support + RSI + Higher Low,4,4,2,1.0,0.13435945162227747,0.13435945162227747,,0.032104050049390764,0.23661485319516418,0.13435945162227747,0.2
WINNERS_20D,CONSENSUS,20,Reversal: 50D Support + Higher Low + Reversal: 50D Support + Volume + Reversal: 50D Support + Hammer + Reversal: 50D Support + RSI + Higher Low,4,1,14771,0.6030058899194367,0.01998563740585007,0.0063719633612107085,1.598540408333233,-0.9846058534501175,7.915789473684212,0.009001837040226062,81.51598770692765
WINNERS_20D,CONSENSUS,20,Reversal: 50D Support + Higher Low + Reversal: 50D Support + Volume + Reversal: 50D Support + Hammer + Reversal: 50D Support + RSI + Higher Low,4,2,2360,0.6016949152542372,0.025282897028011137,0.005763694079433002,1.865869643273206,-0.9030172413793103,6.198935462408517,0.012750384046891201,83.88555859474315
WINNERS_20D,CONSENSUS,20,Reversal: 50D Support + Higher Low + Reversal: 50D Support + Volume + Reversal: 50D Support + Hammer + Reversal: 50D Support + RSI + Higher Low,4,3,142,0.6830985915492958,0.036157995235777465,0.010765161304992055,2.027432188019548,-0.9030172413793103,0.5623529411764705,0.03242611618655269,13.216489678981652
WINNERS_20D,AND,20,Reversal: 50D Support + Higher Low + Reversal: 50D Support + Volume + Reversal: Bull Engulf + Support + Reversal: 50D Support + RSI + Higher Low,4,4,2,1.0,0.2425094026874436,0.2425094026874436,,0.026420079260237594,0.4585987261146496,0.2425094026874436,0.2
WINNERS_20D,CONSENSUS,20,Reversal: 50D Support + Higher Low + Reversal: 50D Support + Volume + Reversal: Bull Engulf + Support + Reversal: 50D Support + RSI + Higher Low,4,1,14423,0.6040352215211815,0.019262533916756905,0.006461232604373812,1.6093386527674298,-0.9846058534501175,6.810090328266138,0.009757670201315986,81.42671102102426
WINNERS_20D,CONSENSUS,20,Reversal: 50D Support + Higher Low + Reversal: 50D Support + Volume + Reversal: Bull Engulf + Support + Reversal: 50D Support + RSI + Higher Low,4,2,1904,0.6118697478991597,0.026305572075573644,0.006080759221808174,1.9309004076753893,-0.9030172413793103,6.198935462408517,0.01385009151873247,84.94813805540548
WINNERS_20D,CONSENSUS,20,Reversal: 50D Support + Higher Low + Reversal: 50D Support + Volume + Reversal: Bull Engulf + Support + Reversal: 50D Support + RSI + Higher Low,4,3,116,0.6120689655172413,0.01982382471411214,0.005953899352351799,1.442066486298638,-0.9030172413793103,0.5623529411764705,0.01510618022313511,9.819785796748404
WINNERS_20D,CONSENSUS,20,Reversal: 50D Support + Higher Low + Reversal: 50D Support + Hammer + Reversal: Bull Engulf + Support + Reversal: 50D Support + RSI + Higher Low,4,1,11850,0.6070042194092827,0.020701219475492923,0.006048996936166895,1.7474884732584488,-0.9211320754716981,7.915789473684212,0.010568274086340493,82.46295326688055
WINNERS_20D,CONSENSUS,20,Reversal: 50D Support + Higher Low + Reversal: 50D Support + Hammer + Reversal: Bull Engulf + Support + Reversal: 50D Support + RSI + Higher Low,4,2,1437,0.6102992345163535,0.025859280666557356,0.005363984674329414,1.8733430638917419,-0.9030172413793103,6.198935462408517,0.011178959874815776,82.4072084118589
WINNERS_20D,CONSENSUS,20,Reversal: 50D Support + Higher Low + Reversal: 50D Support + Hammer + Reversal: Bull Engulf + Support + Reversal: 50D Support + RSI + Higher Low,4,3,21,0.6190476190476191,0.04291915211633914,0.02366255144032925,1.8905987616625315,-0.32162458836443464,0.4585987261146496,0.02213517341642362,2.1
WINNERS_20D,CONSENSUS,20,Reversal: Bottom Reclaim + Support + Secondary: Breakdown + 50D Support + Reversal: 50D Support + Volume + Reversal: 50D Support + Hammer,4,1,11160,0.5757168458781362,0.025960860070743545,0.0073680630160725125,1.518265927936587,-0.9994049504950495,7.915789473684212,0.009206578562096031,78.38378882998244
WINNERS_20D,CONSENSUS,20,Reversal: Bottom Reclaim + Support + Secondary: Breakdown + 50D Support + Reversal: 50D Support + Volume + Reversal: 50D Support + Hammer,4,2,1733,0.5539526832083093,0.01971932721954009,0.006565874730021681,1.324515014324746,-0.9846058534501175,7.915789473684212,0.0007643436429819987,64.61768843942349
WINNERS_20D,CONSENSUS,20,Reversal: Bottom Reclaim + Support + Secondary: Breakdown + 50D Support + Reversal: 50D Support + Volume + Reversal: 50D Support + Hammer,4,3,75,0.4533333333333333,-0.005769184490551753,-0.007246376811594235,0.9255070095119454,-0.5740008783487045,1.0762331838565022,-0.020390838116863305,1.198550428556598
WINNERS_20D,CONSENSUS,20,Reversal: Bottom Reclaim + Support + Secondary: Breakdown + 50D Support + Reversal: 50D Support + Volume + Reversal: Bull Engulf + Support,4,1,10703,0.5754461365972158,0.026055750757696755,0.007993605115907298,1.5259702632732013,-0.9994049504950495,7.915789473684212,0.009578527066603622,79.08678856975249
WINNERS_20D,CONSENSUS,20,Reversal: Bottom Reclaim + Support + Secondary: Breakdown + 50D Support + Reversal: 50D Support + Volume + Reversal: Bull Engulf + Support,4,2,1421,0.5475017593244195,0.010292972265922148,0.006369426751592355,1.1675504833379078,-0.9846058534501175,3.0825903331769124,-0.0008627569898424626,50.779510272651464
WINNERS_20D,CONSENSUS,20,Reversal: Bottom Reclaim + Support + Secondary: Breakdown + 50D Support + Reversal: 50D Support + Volume + Reversal: Bull Engulf + Support,4,3,14,0.42857142857142855,0.0270261946794438,-0.010655216003558066,1.8196082004595906,-0.2666666666666666,0.4585987261146496,0.0270261946794438,0.8400000000000001
WINNERS_20D,CONSENSUS,20,Reversal: Bottom Reclaim + Support + Secondary: Breakdown + 50D Support + Reversal: 50D Support + Volume + Reversal: 50D Support + RSI + Higher Low,4,1,10108,0.5798377522754254,0.027578906916264825,0.009610784029380093,1.5360791877181592,-0.9994049504950495,7.915789473684212,0.010602243341768723,81.79939590759918
WINNERS_20D,CONSENSUS,20,Reversal: Bottom Reclaim + Support + Secondary: Breakdown + 50D Support + Reversal: 50D Support + Volume + Reversal: 50D Support + RSI + Higher Low,4,2,1533,0.5525114155251142,0.021678051956525897,0.01145833333333357,1.3360663661586345,-0.9846058534501175,6.198935462408517,0.0038115584645234744,70.80542753855572
WINNERS_20D,CONSENSUS,20,Reversal: Bottom Reclaim + Support + Secondary: Breakdown + 50D Support + Reversal: 50D Support + Volume + Reversal: 50D Support + RSI + Higher Low,4,3,39,0.7692307692307693,0.051436965962877196,0.06880108991825606,1.6513362973248866,-0.9030172413793103,0.5623529411764705,0.037991808720414216,3.9
WINNERS_20D,CONSENSUS,20,Reversal: Bottom Reclaim + Support + Secondary: Breakdown + 50D Support + Reversal: 50D Support + Hammer + Reversal: Bull Engulf + Support,4,1,8627,0.5655500173872725,0.026730712275271636,0.007136929460580976,1.5118614847472347,-0.9994049504950495,7.915789473684212,0.008871623234392579,76.26475075244225
WINNERS_20D,CONSENSUS,20,Reversal: Bottom Reclaim + Support + Secondary: Breakdown + 50D Support + Reversal: 50D Support + Hammer + Reversal: Bull Engulf + Support,4,2,373,0.5254691689008043,0.04243989543743173,0.0029615004935834577,1.6532275143174893,-0.7883211678832117,7.915789473684212,0.0010767970828966054,22.60638041368696
WINNERS_20D,CONSENSUS,20,Reversal: Bottom Reclaim + Support + Secondary: Breakdown + 50D Support + Reversal: 50D Support + Hammer + Reversal: Bull Engulf + Support,4,3,1,1.0,0.12006578947368407,0.12006578947368407,,0.12006578947368407,0.12006578947368407,0.12006578947368407,0.1
WINNERS_20D,CONSENSUS,20,Reversal: Bottom Reclaim + Support + Secondary: Breakdown + 50D Support + Reversal: 50D Support + Hammer + Reversal: 50D Support + RSI + Higher Low,4,1,7991,0.5705168314353648,0.02901409094667242,0.009451609727281651,1.5280656159852184,-0.9994049504950495,7.915789473684212,0.010449158810663139,80.01171497601939
WINNERS_20D,CONSENSUS,20,Reversal: Bottom Reclaim + Support + Secondary: Breakdown + 50D Support + Reversal: 50D Support + Hammer + Reversal: 50D Support + RSI + Higher Low,4,2,548,0.5638686131386861,0.062420396472537686,0.017138155665491928,1.8666188281816745,-0.9030172413793103,7.915789473684212,0.012128795744746422,47.088717029607956
WINNERS_20D,CONSENSUS,20,Reversal: Bottom Reclaim + Support + Secondary: Breakdown + 50D Support + Reversal: 50D Support + Hammer + Reversal: 50D Support + RSI + Higher Low,4,3,4,0.75,0.15618233027235956,0.23076608150386646,3.6030388378726594,-0.24,0.4031971580817053,0.15618233027235956,0.4
WINNERS_20D,CONSENSUS,20,Reversal: Bottom Reclaim + Support + Secondary: Breakdown + 50D Support + Reversal: Bull Engulf + Support + Reversal: 50D Support + RSI + Higher Low,4,1,7336,0.5673391494002181,0.0289666375782199,0.010891850512003476,1.525481983487346,-0.9994049504950495,7.915789473684212,0.010657427584135333,80.71848347214046
WINNERS_20D,CONSENSUS,20,Reversal: Bottom Reclaim + Support + Secondary: Breakdown + 50D Support + Reversal: Bull Engulf + Support + Reversal: 50D Support + RSI + Higher Low,4,2,371,0.6199460916442049,0.06541199441871981,0.026830076184166884,2.103110854239312,-0.9030172413793103,6.198935462408517,0.027963774543968863,37.1
WINNERS_20D,CONSENSUS,20,Reversal: Bottom Reclaim + Support + Secondary: Breakdown + 50D Support + Reversal: Bull Engulf + Support + Reversal: 50D Support + RSI + Higher Low,4,3,6,0.5,0.05514686509659918,0.003614423088177887,2.5907727479414233,-0.10222095671981768,0.4585987261146496,0.05514686509659918,0.4262649038968005
WINNERS_20D,CONSENSUS,20,Reversal: Bottom Reclaim + Support + Reversal: 50D Support + Volume + Reversal: 50D Support + Hammer + Reversal: Bull Engulf + Support,4,1,10758,0.5738984941438929,0.023425773462429463,0.006208111765294899,1.4843701163421879,-0.9994049504950495,7.915789473684212,0.006901293252110163,75.22130472607242
WINNERS_20D,CONSENSUS,20,Reversal: Bottom Reclaim + Support + Reversal: 50D Support + Volume + Reversal: 50D Support + Hammer + Reversal: Bull Engulf + Support,4,2,1354,0.5775480059084195,0.025338656176718315,0.007174271459899795,1.4422448747985641,-0.9846058534501175,7.915789473684212,0.004233210766614834,73.85102723459862
WINNERS_20D,CONSENSUS,20,Reversal: Bottom Reclaim + Support + Reversal: 50D Support + Volume + Reversal: 50D Support + Hammer + Reversal: Bull Engulf + Support,4,3,69,0.43478260869565216,-0.010124713472791239,-0.009448035803082955,0.8504517259916651,-0.5740008783487045,0.4585987261146496,-0.017017705231430074,0.9780194848904148
WINNERS_20D,AND,20,Reversal: Bottom Reclaim + Support + Reversal: 50D Support + Volume + Reversal: 50D Support + Hammer + Reversal: 50D Support + RSI + Higher Low,4,4,1,1.0,0.23661485319516418,0.23661485319516418,,0.23661485319516418,0.23661485319516418,0.23661485319516418,0.1
WINNERS_20D,CONSENSUS,20,Reversal: Bottom Reclaim + Support + Reversal: 50D Support + Volume + Reversal: 50D Support + Hammer + Reversal: 50D Support + RSI + Higher Low,4,1,10163,0.5780773393682967,0.024821919463308424,0.007110907214130213,1.4950195069191003,-0.9994049504950495,7.915789473684212,0.007801820949642769,77.4477611328642
WINNERS_20D,CONSENSUS,20,Reversal: Bottom Reclaim + Support + Reversal: 50D Support + Volume + Reversal: 50D Support + Hammer + Reversal: 50D Support + RSI + Higher Low,4,2,1465,0.5815699658703072,0.035694187462832046,0.011778563015312216,1.584801262238625,-0.9846058534501175,7.915789473684212,0.00832869085424846,82.0087680472217
WINNERS_20D,CONSENSUS,20,Reversal: Bottom Reclaim + Support + Reversal: 50D Support + Volume + Reversal: 50D Support + Hammer + Reversal: 50D Support + RSI + Higher Low,4,3,94,0.5638297872340425,0.010184520288487492,0.013539039996302682,1.1271428571266315,-0.9030172413793103,0.5623529411764705,0.004247225440229602,5.760467096558405
WINNERS_20D,AND,20,Reversal: Bottom Reclaim + Support + Reversal: 50D Support + Volume + Reversal: Bull Engulf + Support + Reversal: 50D Support + RSI + Higher Low,4,4,1,1.0,0.4585987261146496,0.4585987261146496,,0.4585987261146496,0.4585987261146496,0.4585987261146496,0.1
WINNERS_20D,CONSENSUS,20,Reversal: Bottom Reclaim + Support + Reversal: 50D Support + Volume + Reversal: Bull Engulf + Support + Reversal: 50D Support + RSI + Higher Low,4,1,9683,0.5781266136527936,0.024633255846839345,0.007751937984496138,1.4965312839556537,-0.9994049504950495,7.915789473684212,0.008103366397778517,78.18810196143248
WINNERS_20D,CONSENSUS,20,Reversal: Bottom Reclaim + Support + Reversal: 50D Support + Volume + Reversal: Bull Engulf + Support + Reversal: 50D Support + RSI + Higher Low,4,2,1151,0.580364900086881,0.03072064434672187,0.014423076923076872,1.5033223720387303,-0.9846058534501175,6.198935462408517,0.009562062177185476,84.71633767301026
WINNERS_20D,CONSENSUS,20,Reversal: Bottom Reclaim + Support + Reversal: 50D Support + Volume + Reversal: Bull Engulf + Support + Reversal: 50D Support + RSI + Higher Low,4,3,58,0.6551724137931034,0.03145710716680961,0.027933909548683578,1.4865975909798441,-0.9030172413793103,0.5623529411764705,0.022143145166640118,5.787044337947183
WINNERS_20D,CONSENSUS,20,Reversal: Bottom Reclaim + Support + Reversal: 50D Support + Hammer + Reversal: Bull Engulf + Support + Reversal: 50D Support + RSI + Higher Low,4,1,7147,0.5719882468168462,0.02722927555831871,0.007078254030672415,1.5254669398493466,-0.9994049504950495,7.915789473684212,0.008247449514861088,76.8256521286245
WINNERS_20D,CONSENSUS,20,Reversal: Bottom Reclaim + Support + Reversal: 50D Support + Hammer + Reversal: Bull Engulf + Support + Reversal: 50D Support + RSI + Higher Low,4,2,598,0.5735785953177257,0.0554510052587851,0.014405783065854938,1.8213328588610496,-0.9030172413793103,7.915789473684212,0.010248540948302843,50.28413098701641
WINNERS_20D,CONSENSUS,20,Reversal: Bottom Reclaim + Support + Reversal: 50D Support + Hammer + Reversal: Bull Engulf + Support + Reversal: 50D Support + RSI + Higher Low,4,3,11,0.6363636363636364,0.09778875464933795,0.06518071219252297,3.401061625738889,-0.24,0.4585987261146496,0.09778875464933795,1.0999999999999999
WINNERS_20D,CONSENSUS,20,Secondary: Breakdown + 50D Support + Reversal: 50D Support + Volume + Reversal: 50D Support + Hammer + Reversal: Bull Engulf + Support,4,1,8568,0.5749299719887955,0.01989970081486353,0.005316282601900535,1.4635342347598221,-0.9846058534501175,7.915789473684212,0.006787812950004516,74.19167172292194
WINNERS_20D,CONSENSUS,20,Secondary: Breakdown + 50D Support + Reversal: 50D Support + Volume + Reversal: 50D Support + Hammer + Reversal: Bull Engulf + Support,4,2,967,0.5408479834539814,0.011603146307982407,0.003841488071168575,1.232912619755285,-0.9834088927637314,2.9483870967741934,-1.7321033108295594e-05,48.51839009182335
WINNERS_20D,CONSENSUS,20,Secondary: Breakdown + 50D Support + Reversal: 50D Support + Volume + Reversal: 50D Support + Hammer + Reversal: Bull Engulf + Support,4,3,25,0.6,0.03339497115863601,0.01344860710854956,1.5222346104815756,-0.4607843137254901,1.0762331838565022,-0.01005662103710842,2.002161383285304
WINNERS_20D,CONSENSUS,20,Secondary: Breakdown + 50D Support + Reversal: 50D Support + Volume + Reversal: 50D Support + Hammer + Reversal: 50D Support + RSI + Higher Low,4,1,8125,0.5805538461538462,0.023150465702869875,0.0062893081761006275,1.509374764919623,-0.9846058534501175,7.915789473684212,0.008338491070022495,77.72982379356671
WINNERS_20D,CONSENSUS,20,Secondary: Breakdown + 50D Support + Reversal: 50D Support + Volume + Reversal: 50D Support + Hammer + Reversal: 50D Support + RSI + Higher Low,4,2,952,0.5535714285714286,0.014198103744303634,0.005431492653697689,1.266381383178145,-0.9834088927637314,2.9483870967741934,0.0024175596341890885,55.647402711221446
WINNERS_20D,CONSENSUS,20,Secondary: Breakdown + 50D Support + Reversal: 50D Support + Volume + Reversal: 50D Support + Hammer + Reversal: 50D Support + RSI + Higher Low,4,3,25,0.6,0.04273321986544241,0.018563357546408366,1.668267276681917,-0.4607843137254901,1.0762331838565022,-0.00032927863418508174,2.0980629539951567
WINNERS_20D,CONSENSUS,20,Secondary: Breakdown + 50D Support + Reversal: 50D Support + Volume + Reversal: Bull Engulf + Support + Reversal: 50D Support + RSI + Higher Low,4,1,7590,0.5823451910408433,0.022303029144555713,0.0067814033114796946,1.5123644249288293,-0.9846058534501175,6.810090328266138,0.009555163865069405,79.30995722255237
WINNERS_20D,CONSENSUS,20,Secondary: Breakdown + 50D Support + Reversal: 50D Support + Volume + Reversal: Bull Engulf + Support + Reversal: 50D Support + RSI + Higher Low,4,2,680,0.5308823529411765,0.0049010678460654974,0.004673713318900541,1.0853471689350025,-0.9834088927637314,1.0762331838565022,-0.00278558077554454,27.18358784256051
WINNERS_20D,CONSENSUS,20,Secondary: Breakdown + 50D Support + Reversal: 50D Support + Volume + Reversal: Bull Engulf + Support + Reversal: 50D Support + RSI + Higher Low,4,3,2,1.0,0.2425094026874436,0.2425094026874436,,0.026420079260237594,0.4585987261146496,0.2425094026874436,0.2
WINNERS_20D,CONSENSUS,20,Secondary: Breakdown + 50D Support + Reversal: 50D Support + Hammer + Reversal: Bull Engulf + Support + Reversal: 50D Support + RSI + Higher Low,4,1,5056,0.5676424050632911,0.023906348675385467,0.005223268370393774,1.5429590698924627,-0.9834088927637314,7.915789473684212,0.007954138984364057,74.49012302661689
WINNERS_20D,CONSENSUS,20,Secondary: Breakdown + 50D Support + Reversal: 50D Support + Hammer + Reversal: Bull Engulf + Support + Reversal: 50D Support + RSI + Higher Low,4,2,79,0.5822784810126582,0.06207415387995627,0.01510204081632649,2.3563602679850435,-0.4607843137254901,2.326530612244898,0.03304266082399547,7.376462585034011
WINNERS_20D,CONSENSUS,20,Reversal: 50D Support + Volume + Reversal: 50D Support + Hammer + Reversal: Bull Engulf + Support + Reversal: 50D Support + RSI + Higher Low,4,1,7800,0.5787179487179487,0.01957323476707931,0.0052220277119877645,1.4578121681745542,-0.9846058534501175,7.915789473684212,0.0051492162871256564,73.10152868898172
WINNERS_20D,CONSENSUS,20,Reversal: 50D Support + Volume + Reversal: 50D Support + Hammer + Reversal: Bull Engulf + Support + Reversal: 50D Support + RSI + Higher Low,4,2,509,0.6011787819253438,0.02236253445563664,0.0060606060606061,1.5542999746746522,-0.9030172413793103,2.9483870967741934,0.010785080528627766,42.06084085544003
WINNERS_20D,CONSENSUS,20,Reversal: 50D Support + Volume + Reversal: 50D Support + Hammer + Reversal: Bull Engulf + Support + Reversal: 50D Support + RSI + Higher Low,4,3,6,1.0,0.1315000656989728,0.02926206465481418,,0.01344860710854956,0.4585987261146496,0.1315000656989728,0.6
